"constituency_code","constituency_name","polling_station_code","polling_station_name","julius_makau_malombe","jonathan_mwangangi_mueke","david_musila","charity_kaluki_ngilu","votes_cast","rejected_votes","valid_votes","mueke_share","malombe_share","musila_share","ngilu_share","rejection_rate","mueke_vs_malombe","mueke_vs_musila","winner","cluster"
"067","MWINGI NORTH","15067033100101","IKIME PRI SCH",81,3,138,2,225,1,224,1.33928571428571,36.1607142857143,61.6071428571429,0.892857142857143,0.444444444444444,-78,-135,"Musila","2"
"067","MWINGI NORTH","15067033100201","MANGOMBO PRI SCH",84,1,76,1,162,0,162,0.617283950617284,51.8518518518518,46.9135802469136,0.617283950617284,0,-83,-75,"Malombe","3"
"067","MWINGI NORTH","15067033100301","KAANGO NUR SCH",73,1,23,1,100,2,98,1.02040816326531,74.4897959183673,23.469387755102,1.02040816326531,2,-72,-22,"Malombe","3"
"067","MWINGI NORTH","15067033100401","KALW'A PRI SCH",119,4,62,0,187,2,185,2.16216216216216,64.3243243243243,33.5135135135135,0,1.06951871657754,-115,-58,"Malombe","3"
"067","MWINGI NORTH","15067033100501","KWA IKULI NUR SCH",19,1,54,0,74,0,74,1.35135135135135,25.6756756756757,72.972972972973,0,0,-18,-53,"Musila","3"
"067","MWINGI NORTH","15067033100601","MWANGENI PRIMARY SCHOOL",15,1,35,0,51,0,51,1.96078431372549,29.4117647058824,68.6274509803922,0,0,-14,-34,"Musila","3"
"067","MWINGI NORTH","15067033100701","NDUNGUNI PRI SCH",40,1,79,2,123,1,122,0.819672131147541,32.7868852459016,64.7540983606557,1.63934426229508,0.813008130081301,-39,-78,"Musila","3"
"067","MWINGI NORTH","15067033100901","KAMUSILIU PRI SCH",185,13,104,0,303,1,302,4.3046357615894,61.2582781456954,34.4370860927152,0,0.33003300330033,-172,-91,"Malombe","2"
"067","MWINGI NORTH","15067033101001","MUTALA SPG CENTER",61,5,103,1,171,1,170,2.94117647058824,35.8823529411765,60.5882352941176,0.588235294117647,0.584795321637427,-56,-98,"Musila","3"
"067","MWINGI NORTH","15067033101101","NGENGI NURSERY SCHOOL",43,2,21,1,67,0,67,2.98507462686567,64.1791044776119,31.3432835820896,1.49253731343284,0,-41,-19,"Malombe","3"
"067","MWINGI NORTH","15067033101201","KASILUNI NUR SCH",95,1,151,0,249,2,247,0.404858299595142,38.4615384615385,61.1336032388664,0,0.803212851405622,-94,-150,"Musila","2"
"067","MWINGI NORTH","15067033101301","KAVAANI PRI SCH",108,2,138,1,253,4,249,0.803212851405622,43.3734939759036,55.421686746988,0.401606425702811,1.58102766798419,-106,-136,"Musila","2"
"067","MWINGI NORTH","15067033101401","MURINGANI NUR SCH",69,0,59,1,129,0,129,0,53.4883720930233,45.7364341085271,0.775193798449612,0,-69,-59,"Malombe","3"
"067","MWINGI NORTH","15067033101501","MUTAIRU PRI SCH",51,1,115,2,169,0,169,0.591715976331361,30.1775147928994,68.0473372781065,1.18343195266272,0,-50,-114,"Musila","3"
"067","MWINGI NORTH","15067033101601","MANGUU PRI SCH",58,3,135,1,197,0,197,1.52284263959391,29.4416243654822,68.5279187817259,0.50761421319797,0,-55,-132,"Musila","3"
"067","MWINGI NORTH","15067033101701","NGOMENI PRI SCH",77,5,124,1,207,0,207,2.41545893719807,37.1980676328502,59.9033816425121,0.483091787439614,0,-72,-119,"Musila","3"
"067","MWINGI NORTH","15067033101702","NGOMENI PRI SCH",69,2,120,3,196,2,194,1.03092783505155,35.5670103092784,61.8556701030928,1.54639175257732,1.02040816326531,-67,-118,"Musila","3"
"067","MWINGI NORTH","15067033101801","KAMAVUI PRI SCH",47,4,85,2,138,0,138,2.89855072463768,34.0579710144928,61.5942028985507,1.44927536231884,0,-43,-81,"Musila","3"
"067","MWINGI NORTH","15067033101901","KATUMBINI NUR SCH",35,1,81,1,119,1,118,0.847457627118644,29.6610169491525,68.6440677966102,0.847457627118644,0.840336134453782,-34,-80,"Musila","3"
"067","MWINGI NORTH","15067033102001","KIMELA PRI SCH",103,7,252,0,362,0,362,1.93370165745856,28.4530386740331,69.6132596685083,0,0,-96,-245,"Musila","2"
"067","MWINGI NORTH","15067033102101","NZAINI PRI SCH",87,6,141,1,238,3,235,2.5531914893617,37.0212765957447,60,0.425531914893617,1.26050420168067,-81,-135,"Musila","2"
"067","MWINGI NORTH","15067033102201","KAKUNGUU TRADING CTR",21,1,46,1,69,0,69,1.44927536231884,30.4347826086957,66.6666666666667,1.44927536231884,0,-20,-45,"Musila","3"
"067","MWINGI NORTH","15067033102301","MALAWA PRI SCH",56,6,90,0,152,0,152,3.94736842105263,36.8421052631579,59.2105263157895,0,0,-50,-84,"Musila","3"
"067","MWINGI NORTH","15067033102401","MANDONGOI NUR SCH",44,5,189,1,242,3,239,2.09205020920502,18.4100418410042,79.0794979079498,0.418410041841004,1.2396694214876,-39,-184,"Musila","2"
"067","MWINGI NORTH","15067033102501","MITAMISYI NUR SCH",157,7,136,0,301,1,300,2.33333333333333,52.3333333333333,45.3333333333333,0,0.332225913621262,-150,-129,"Malombe","2"
"067","MWINGI NORTH","15067033102601","ILALU PRI SCH",72,11,241,1,328,3,325,3.38461538461538,22.1538461538462,74.1538461538462,0.307692307692308,0.914634146341463,-61,-230,"Musila","2"
"067","MWINGI NORTH","15067033102701","KATHAALANI PRI SCH",55,18,173,1,247,0,247,7.28744939271255,22.2672064777328,70.0404858299595,0.404858299595142,0,-37,-155,"Musila","2"
"067","MWINGI NORTH","15067033102801","MATURUMBE NUR SCH",9,0,52,0,62,1,61,0,14.7540983606557,85.2459016393443,0,1.61290322580645,-9,-52,"Musila","3"
"067","MWINGI NORTH","15067033121801","INYANZAE PRI SCHOOL",22,0,47,0,69,0,69,0,31.8840579710145,68.1159420289855,0,0,-22,-47,"Musila","3"
"067","MWINGI NORTH","15067033121901","IKAAYUNI PRI SCHOOL",40,1,86,4,135,4,131,0.763358778625954,30.5343511450382,65.6488549618321,3.05343511450382,2.96296296296296,-39,-85,"Musila","3"
"067","MWINGI NORTH","15067033122001","MALATANI PRI SCHOOL",15,2,48,1,67,1,66,3.03030303030303,22.7272727272727,72.7272727272727,1.51515151515152,1.49253731343284,-13,-46,"Musila","3"
"067","MWINGI NORTH","15067033122101","MUTULYA SHOPPING CENTRE",31,3,42,1,77,0,77,3.8961038961039,40.2597402597403,54.5454545454545,1.2987012987013,0,-28,-39,"Musila","3"
"067","MWINGI NORTH","15067033200801","KAIRUNGU NUR SCH",34,7,58,1,103,3,100,7,34,58,1,2.9126213592233,-27,-51,"Musila","3"
"067","MWINGI NORTH","15067033202901","GAI PRI SCH",112,6,104,1,225,2,223,2.69058295964126,50.2242152466368,46.6367713004484,0.448430493273543,0.888888888888889,-106,-98,"Malombe","2"
"067","MWINGI NORTH","15067033202902","GAI PRI SCH",96,3,119,4,223,1,222,1.35135135135135,43.2432432432432,53.6036036036036,1.8018018018018,0.448430493273543,-93,-116,"Musila","2"
"067","MWINGI NORTH","15067033203001","KATAKANI PRI SCH",69,6,102,2,182,3,179,3.35195530726257,38.5474860335196,56.9832402234637,1.11731843575419,1.64835164835165,-63,-96,"Musila","3"
"067","MWINGI NORTH","15067033203101","KYUSO GIRLS",49,0,18,1,68,0,68,0,72.0588235294118,26.4705882352941,1.47058823529412,0,-49,-18,"Malombe","3"
"067","MWINGI NORTH","15067033203201","KYUSO MARKET",141,17,136,1,296,1,295,5.76271186440678,47.7966101694915,46.1016949152542,0.338983050847458,0.337837837837838,-124,-119,"Malombe","2"
"067","MWINGI NORTH","15067033203202","KYUSO MARKET",148,10,144,0,308,6,302,3.3112582781457,49.0066225165563,47.682119205298,0,1.94805194805195,-138,-134,"Malombe","2"
"067","MWINGI NORTH","15067033203301","KYUSO PRI SCH",129,9,214,4,360,4,356,2.52808988764045,36.2359550561798,60.1123595505618,1.12359550561798,1.11111111111111,-120,-205,"Musila","2"
"067","MWINGI NORTH","15067033203401","MARISI PRI SCH",69,2,100,0,171,0,171,1.16959064327485,40.3508771929825,58.4795321637427,0,0,-67,-98,"Musila","3"
"067","MWINGI NORTH","15067033203501","MATOONI PRI SCH",77,4,67,2,151,1,150,2.66666666666667,51.3333333333333,44.6666666666667,1.33333333333333,0.662251655629139,-73,-63,"Malombe","3"
"067","MWINGI NORTH","15067033203601","NGENGI PRI SCHOOL",35,2,43,2,82,0,82,2.4390243902439,42.6829268292683,52.4390243902439,2.4390243902439,0,-33,-41,"Musila","3"
"067","MWINGI NORTH","15067033203701","NGOMOLA PRI SCHOOL",29,2,29,2,62,0,62,3.2258064516129,46.7741935483871,46.7741935483871,3.2258064516129,0,-27,-27,"Malombe","3"
"067","MWINGI NORTH","15067033203801","NZAALANI PRI SCH",74,3,81,0,158,0,158,1.89873417721519,46.8354430379747,51.2658227848101,0,0,-71,-78,"Musila","3"
"067","MWINGI NORTH","15067033203901","ITIVA-NZOU PRI SCH",120,0,136,0,259,3,256,0,46.875,53.125,0,1.15830115830116,-120,-136,"Musila","2"
"067","MWINGI NORTH","15067033203902","ITIVA-NZOU PRI SCH",118,3,125,1,248,1,247,1.21457489878543,47.7732793522267,50.6072874493927,0.404858299595142,0.403225806451613,-115,-122,"Musila","2"
"067","MWINGI NORTH","15067033204001","KASARANI (KISEUNI PRI SCH)",24,0,37,0,61,0,61,0,39.344262295082,60.655737704918,0,0,-24,-37,"Musila","3"
"067","MWINGI NORTH","15067033204101","KWANGURU PRI SCH",49,2,116,0,169,2,167,1.19760479041916,29.3413173652695,69.4610778443114,0,1.18343195266272,-47,-114,"Musila","3"
"067","MWINGI NORTH","15067033204201","TII PRI SCH",42,0,83,1,127,1,126,0,33.3333333333333,65.8730158730159,0.793650793650794,0.78740157480315,-42,-83,"Musila","3"
"067","MWINGI NORTH","15067033204301","TULANDULI PRI SCH",109,6,84,3,204,2,202,2.97029702970297,53.960396039604,41.5841584158416,1.48514851485149,0.980392156862745,-103,-78,"Malombe","3"
"067","MWINGI NORTH","15067033204401","IVONYA-NGYA PRI SCH",136,1,144,2,284,1,283,0.353356890459364,48.0565371024735,50.8833922261484,0.706713780918728,0.352112676056338,-135,-143,"Musila","2"
"067","MWINGI NORTH","15067033204501","KALAMBANI PRI SCH",112,5,123,2,244,2,242,2.06611570247934,46.2809917355372,50.8264462809917,0.826446280991736,0.819672131147541,-107,-118,"Musila","2"
"067","MWINGI NORTH","15067033204601","KILANGA NUR SCH",21,1,37,1,60,0,60,1.66666666666667,35,61.6666666666667,1.66666666666667,0,-20,-36,"Musila","3"
"067","MWINGI NORTH","15067033204701","MUGUUSI PRI SCH",44,2,62,0,108,0,108,1.85185185185185,40.7407407407407,57.4074074074074,0,0,-42,-60,"Musila","3"
"067","MWINGI NORTH","15067033204801","KAMUWONGO MARKET.",148,8,101,3,261,1,260,3.07692307692308,56.9230769230769,38.8461538461538,1.15384615384615,0.383141762452107,-140,-93,"Malombe","2"
"067","MWINGI NORTH","15067033204802","KAMUWONGO MARKET.",145,2,92,1,240,0,240,0.833333333333333,60.4166666666667,38.3333333333333,0.416666666666667,0,-143,-90,"Malombe","2"
"067","MWINGI NORTH","15067033204901","KATHUMBINI MARKET",70,3,54,0,127,0,127,2.36220472440945,55.1181102362205,42.5196850393701,0,0,-67,-51,"Malombe","3"
"067","MWINGI NORTH","15067033205001","KYANDOO PRIMARY SCHOOL.",120,4,66,0,190,0,190,2.10526315789474,63.1578947368421,34.7368421052632,0,0,-116,-62,"Malombe","3"
"067","MWINGI NORTH","15067033205101","NGAANI NUR SCH",78,2,58,0,139,1,138,1.44927536231884,56.5217391304348,42.0289855072464,0,0.719424460431655,-76,-56,"Malombe","3"
"067","MWINGI NORTH","15067033205201","KAKUNIKE PRI SCH",95,2,136,0,233,0,233,0.858369098712446,40.7725321888412,58.3690987124464,0,0,-93,-134,"Musila","2"
"067","MWINGI NORTH","15067033205301","KAMUW'ONGO PRI SCH",73,4,65,2,144,0,144,2.77777777777778,50.6944444444444,45.1388888888889,1.38888888888889,0,-69,-61,"Malombe","3"
"067","MWINGI NORTH","15067033205401","MBAUNI PRI SCH",42,4,72,3,121,0,121,3.30578512396694,34.7107438016529,59.504132231405,2.47933884297521,0,-38,-68,"Musila","3"
"067","MWINGI NORTH","15067033205501","KORA NURSERY",58,2,154,2,216,0,216,0.925925925925926,26.8518518518519,71.2962962962963,0.925925925925926,0,-56,-152,"Musila","3"
"067","MWINGI NORTH","15067033205601","KWA VERE PRI SCH",35,1,53,3,91,0,91,1.0989010989011,38.4615384615385,58.2417582417582,3.2967032967033,0,-34,-52,"Musila","3"
"067","MWINGI NORTH","15067033205701","MANZUVA PRI SCH",97,2,50,1,154,4,150,1.33333333333333,64.6666666666667,33.3333333333333,0.666666666666667,2.5974025974026,-95,-48,"Malombe","3"
"067","MWINGI NORTH","15067033205801","MIVUKONI PRI SCH",87,4,191,0,286,4,282,1.41843971631206,30.8510638297872,67.7304964539007,0,1.3986013986014,-83,-187,"Musila","2"
"067","MWINGI NORTH","15067033205901","NGOMANO PRI SCH",18,3,49,0,72,2,70,4.28571428571429,25.7142857142857,70,0,2.77777777777778,-15,-46,"Musila","3"
"067","MWINGI NORTH","15067033206001","KALAA PRI SCH",50,2,58,0,112,2,110,1.81818181818182,45.4545454545455,52.7272727272727,0,1.78571428571429,-48,-56,"Musila","3"
"067","MWINGI NORTH","15067033206101","KALOLE PRI SCH",43,3,124,0,174,4,170,1.76470588235294,25.2941176470588,72.9411764705882,0,2.29885057471264,-40,-121,"Musila","3"
"067","MWINGI NORTH","15067033206201","KAVURUKO NUR SCH",49,2,85,1,140,3,137,1.45985401459854,35.7664233576642,62.043795620438,0.72992700729927,2.14285714285714,-47,-83,"Musila","3"
"067","MWINGI NORTH","15067033206301","MALATANI NUR SCH",31,1,84,1,117,0,117,0.854700854700855,26.4957264957265,71.7948717948718,0.854700854700855,0,-30,-83,"Musila","3"
"067","MWINGI NORTH","15067033206401","MIKWA PRI SCH",108,6,155,1,273,3,270,2.22222222222222,40,57.4074074074074,0.37037037037037,1.0989010989011,-102,-149,"Musila","2"
"067","MWINGI NORTH","15067033206501","NGUNGANI PRI SCHOOL",36,1,52,1,91,1,90,1.11111111111111,40,57.7777777777778,1.11111111111111,1.0989010989011,-35,-51,"Musila","3"
"067","MWINGI NORTH","15067033206601","KANDWIA PRI SCH",132,5,227,2,366,0,366,1.36612021857923,36.0655737704918,62.0218579234973,0.546448087431694,0,-127,-222,"Musila","2"
"067","MWINGI NORTH","15067033206701","KIMANGAO PRI SCH",168,8,220,0,398,2,396,2.02020202020202,42.4242424242424,55.5555555555556,0,0.50251256281407,-160,-212,"Musila","2"
"067","MWINGI NORTH","15067033206801","KIMU PRI SCH",154,13,176,3,347,1,346,3.75722543352601,44.5086705202312,50.8670520231214,0.867052023121387,0.288184438040346,-141,-163,"Musila","2"
"067","MWINGI NORTH","15067033206901","MBANGWANI PRI SCH",72,5,86,0,163,0,163,3.06748466257669,44.1717791411043,52.760736196319,0,0,-67,-81,"Musila","3"
"067","MWINGI NORTH","15067033207001","NDATHANI PRI SCH",113,4,74,2,193,0,193,2.07253886010363,58.5492227979275,38.3419689119171,1.03626943005181,0,-109,-70,"Malombe","3"
"067","MWINGI NORTH","15067033207101","KISEUNI PRI SCH",53,0,38,0,91,0,91,0,58.2417582417582,41.7582417582418,0,0,-53,-38,"Malombe","3"
"067","MWINGI NORTH","15067033207201","KIVANGWA PRI SCH",80,3,70,4,160,3,157,1.91082802547771,50.9554140127389,44.5859872611465,2.54777070063694,1.875,-77,-67,"Malombe","3"
"067","MWINGI NORTH","15067033207301","MANDALA PRI SCH",87,4,77,2,173,3,170,2.35294117647059,51.1764705882353,45.2941176470588,1.17647058823529,1.73410404624277,-83,-73,"Malombe","3"
"067","MWINGI NORTH","15067033207401","KALIANI PRI SCH",80,4,93,2,179,0,179,2.23463687150838,44.6927374301676,51.9553072625698,1.11731843575419,0,-76,-89,"Musila","3"
"067","MWINGI NORTH","15067033207501","KWA KATILE PRI(MASEKI)",278,4,114,1,398,1,397,1.00755667506297,70.0251889168766,28.7153652392947,0.251889168765743,0.251256281407035,-274,-110,"Malombe","2"
"067","MWINGI NORTH","15067033207601","KAMWENGI NUR SCH",18,4,69,1,92,0,92,4.34782608695652,19.5652173913043,75,1.08695652173913,0,-14,-65,"Musila","3"
"067","MWINGI NORTH","15067033207701","KATUKA NUR SCH",47,0,48,1,97,1,96,0,48.9583333333333,50,1.04166666666667,1.03092783505155,-47,-48,"Musila","3"
"067","MWINGI NORTH","15067033207801","MATAKA PRI SCH",59,4,143,4,211,1,210,1.9047619047619,28.0952380952381,68.0952380952381,1.9047619047619,0.4739336492891,-55,-139,"Musila","3"
"067","MWINGI NORTH","15067033207901","ITULU PRI SCH",88,3,81,1,173,0,173,1.73410404624277,50.8670520231214,46.8208092485549,0.578034682080925,0,-85,-78,"Malombe","3"
"067","MWINGI NORTH","15067033208001","KAGHUI PRI SCH",127,4,110,1,242,0,242,1.65289256198347,52.4793388429752,45.4545454545455,0.413223140495868,0,-123,-106,"Malombe","2"
"067","MWINGI NORTH","15067033208101","KAITHANGO  PRI SCHOOL",55,0,44,1,101,1,100,0,55,44,1,0.99009900990099,-55,-44,"Malombe","3"
"067","MWINGI NORTH","15067033208201","KASYATHYU PRI SCH",88,3,57,6,157,3,154,1.94805194805195,57.1428571428571,37.012987012987,3.8961038961039,1.91082802547771,-85,-54,"Malombe","3"
"067","MWINGI NORTH","15067033208301","KWAMUTISYA PRI SCH",13,0,28,1,43,1,42,0,30.952380952381,66.6666666666667,2.38095238095238,2.32558139534884,-13,-28,"Musila","3"
"067","MWINGI NORTH","15067033208401","KYANGWITHYA PRI SCHOOL",70,1,28,0,99,0,99,1.01010101010101,70.7070707070707,28.2828282828283,0,0,-69,-27,"Malombe","3"
"067","MWINGI NORTH","15067033208501","MBUI PRI SCH",89,0,68,0,157,0,157,0,56.687898089172,43.312101910828,0,0,-89,-68,"Malombe","3"
"067","MWINGI NORTH","15067033208601","NGAAIE PRI SCH",144,4,152,1,303,2,301,1.32890365448505,47.8405315614618,50.4983388704319,0.332225913621262,0.66006600660066,-140,-148,"Musila","2"
"067","MWINGI NORTH","15067033208701","KAKOONGO PRI SCH",80,4,183,0,269,2,267,1.49812734082397,29.9625468164794,68.5393258426966,0,0.743494423791822,-76,-179,"Musila","2"
"067","MWINGI NORTH","15067033208801","KANDONGU PRI SCH",53,0,46,0,99,0,99,0,53.5353535353535,46.4646464646465,0,0,-53,-46,"Malombe","3"
"067","MWINGI NORTH","15067033208901","KILULU NUR SCH",26,1,57,0,84,0,84,1.19047619047619,30.952380952381,67.8571428571429,0,0,-25,-56,"Musila","3"
"067","MWINGI NORTH","15067033209001","MANZOLO PRI SCH",37,0,117,0,154,0,154,0,24.025974025974,75.974025974026,0,0,-37,-117,"Musila","3"
"067","MWINGI NORTH","15067033209101","TWIMYUA PRI SCH",88,3,165,0,259,3,256,1.171875,34.375,64.453125,0,1.15830115830116,-85,-162,"Musila","2"
"067","MWINGI NORTH","15067033209201","WIKIMUU NUR SCH",20,1,77,1,100,1,99,1.01010101010101,20.2020202020202,77.7777777777778,1.01010101010101,1,-19,-76,"Musila","3"
"067","MWINGI NORTH","15067033309301","IKOONGO PRI SCH",64,5,93,2,167,3,164,3.04878048780488,39.0243902439024,56.7073170731707,1.21951219512195,1.79640718562874,-59,-88,"Musila","3"
"067","MWINGI NORTH","15067033309401","NGAANI PRI SCH",34,0,167,0,201,0,201,0,16.9154228855721,83.0845771144279,0,0,-34,-167,"Musila","3"
"067","MWINGI NORTH","15067033309501","THUA PRI SCH",69,1,133,0,203,0,203,0.492610837438424,33.9901477832512,65.5172413793103,0,0,-68,-132,"Musila","3"
"067","MWINGI NORTH","15067033309601","KALATINE PRI SCH",88,2,238,3,334,3,331,0.604229607250755,26.5861027190332,71.9033232628399,0.906344410876133,0.898203592814371,-86,-236,"Musila","2"
"067","MWINGI NORTH","15067033309701","KAUNDU PRI SCH",187,2,119,1,309,0,309,0.647249190938511,60.5177993527508,38.5113268608414,0.323624595469256,0,-185,-117,"Malombe","2"
"067","MWINGI NORTH","15067033309801","NGAKONE PRI SCH",33,2,72,0,107,0,107,1.86915887850467,30.8411214953271,67.2897196261682,0,0,-31,-70,"Musila","3"
"067","MWINGI NORTH","15067033309901","ITINDA PRI SCH",46,3,118,1,170,2,168,1.78571428571429,27.3809523809524,70.2380952380952,0.595238095238095,1.17647058823529,-43,-115,"Musila","3"
"067","MWINGI NORTH","15067033310001","KALIWA PRI SCH",123,0,141,0,268,4,264,0,46.5909090909091,53.4090909090909,0,1.49253731343284,-123,-141,"Musila","2"
"067","MWINGI NORTH","15067033310101","KAMATHITU PRI SCH",198,6,93,0,297,0,297,2.02020202020202,66.6666666666667,31.3131313131313,0,0,-192,-87,"Malombe","2"
"067","MWINGI NORTH","15067033310201","KANYOENI FEEDER SCHOOL.",47,1,33,0,82,1,81,1.23456790123457,58.0246913580247,40.7407407407407,0,1.21951219512195,-46,-32,"Malombe","3"
"067","MWINGI NORTH","15067033310301","SYOMUKII PRI SCH",75,1,24,0,100,0,100,1,75,24,0,0,-74,-23,"Malombe","3"
"067","MWINGI NORTH","15067033310401","KANDEKE NUR SCH",59,0,39,1,100,1,99,0,59.5959595959596,39.3939393939394,1.01010101010101,1,-59,-39,"Malombe","3"
"067","MWINGI NORTH","15067033310501","KATHIANI PRI SCH",127,1,112,0,241,1,240,0.416666666666667,52.9166666666667,46.6666666666667,0,0.4149377593361,-126,-111,"Malombe","2"
"067","MWINGI NORTH","15067033310601","KATHUMULANI PRI SCH",116,6,201,0,323,0,323,1.85758513931889,35.9133126934984,62.2291021671827,0,0,-110,-195,"Musila","2"
"067","MWINGI NORTH","15067033310701","NG'OMBENI PRI SCH",80,1,136,0,217,0,217,0.460829493087558,36.8663594470046,62.6728110599078,0,0,-79,-135,"Musila","2"
"067","MWINGI NORTH","15067033310801","NGUUKU PRI SCH",83,3,177,0,265,2,263,1.14068441064639,31.5589353612167,67.3003802281369,0,0.754716981132076,-80,-174,"Musila","2"
"067","MWINGI NORTH","15067033310901","KANYUNGU PRI SCH",20,3,53,1,78,1,77,3.8961038961039,25.974025974026,68.8311688311688,1.2987012987013,1.28205128205128,-17,-50,"Musila","3"
"067","MWINGI NORTH","15067033311001","MPUKU PRI SCH",12,2,40,0,54,0,54,3.7037037037037,22.2222222222222,74.0740740740741,0,0,-10,-38,"Musila","3"
"067","MWINGI NORTH","15067033311101","MUVINGE PRI SCH",115,3,190,2,312,2,310,0.967741935483871,37.0967741935484,61.2903225806452,0.645161290322581,0.641025641025641,-112,-187,"Musila","2"
"067","MWINGI NORTH","15067033311201","SYUMBETI FEEDER SCHOOL.",57,2,38,1,99,1,98,2.04081632653061,58.1632653061224,38.7755102040816,1.02040816326531,1.01010101010101,-55,-36,"Malombe","3"
"067","MWINGI NORTH","15067033311301","KASYALANI PRI SCH",92,4,293,1,390,0,390,1.02564102564103,23.5897435897436,75.1282051282051,0.256410256410256,0,-88,-289,"Musila","2"
"067","MWINGI NORTH","15067033311401","NYAMA -NZEI PRI SCH",63,8,124,1,198,2,196,4.08163265306122,32.1428571428571,63.265306122449,0.510204081632653,1.01010101010101,-55,-116,"Musila","3"
"067","MWINGI NORTH","15067033311501","KANZINWA PRI SCH",259,5,64,2,330,0,330,1.51515151515152,78.4848484848485,19.3939393939394,0.606060606060606,0,-254,-59,"Malombe","2"
"067","MWINGI NORTH","15067033311601","KATSE PRI SCH",288,3,91,0,387,5,382,0.785340314136126,75.3926701570681,23.8219895287958,0,1.29198966408269,-285,-88,"Malombe","2"
"067","MWINGI NORTH","15067033311701","KATSE SEC SCHOOL.",70,3,23,0,96,0,96,3.125,72.9166666666667,23.9583333333333,0,0,-67,-20,"Malombe","3"
"067","MWINGI NORTH","15067033311801","KATUKA PRI SCH",131,0,28,1,160,0,160,0,81.875,17.5,0.625,0,-131,-28,"Malombe","3"
"067","MWINGI NORTH","15067033311901","KIISI FEEDER",41,1,33,0,78,3,75,1.33333333333333,54.6666666666667,44,0,3.84615384615385,-40,-32,"Malombe","3"
"067","MWINGI NORTH","15067033312001","MBARANI PRI SCH",96,0,47,1,145,1,144,0,66.6666666666667,32.6388888888889,0.694444444444444,0.689655172413793,-96,-47,"Malombe","3"
"067","MWINGI NORTH","15067033312101","IRIRA MARKET",12,6,25,0,43,0,43,13.953488372093,27.906976744186,58.1395348837209,0,0,-6,-19,"Musila","3"
"067","MWINGI NORTH","15067033312201","KATAMA PRI SCH",23,1,85,0,110,1,109,0.917431192660551,21.1009174311927,77.9816513761468,0,0.909090909090909,-22,-84,"Musila","3"
"067","MWINGI NORTH","15067033312301","KITHIOKO MKT",14,1,78,0,93,0,93,1.0752688172043,15.0537634408602,83.8709677419355,0,0,-13,-77,"Musila","3"
"067","MWINGI NORTH","15067033312401","MUKINDU NUR SCH",60,3,132,1,196,0,196,1.53061224489796,30.6122448979592,67.3469387755102,0.510204081632653,0,-57,-129,"Musila","3"
"067","MWINGI NORTH","15067033312501","KASIONI PRI SCH",73,5,94,3,175,0,175,2.85714285714286,41.7142857142857,53.7142857142857,1.71428571428571,0,-68,-89,"Musila","3"
"067","MWINGI NORTH","15067033312601","MUSOSYA PRI SCH",137,1,34,2,177,3,174,0.574712643678161,78.735632183908,19.5402298850575,1.14942528735632,1.69491525423729,-136,-33,"Malombe","3"
"067","MWINGI NORTH","15067033312701","MUTIUNI PRI SCH",39,0,100,0,139,0,139,0,28.0575539568345,71.9424460431655,0,0,-39,-100,"Musila","3"
"067","MWINGI NORTH","15067033312801","KAISINGA PRI SCH",44,0,106,3,153,0,153,0,28.7581699346405,69.281045751634,1.96078431372549,0,-44,-106,"Musila","3"
"067","MWINGI NORTH","15067033312901","KWA KATHUKYA T.C",48,2,56,1,107,0,107,1.86915887850467,44.8598130841121,52.3364485981308,0.934579439252336,0,-46,-54,"Musila","3"
"067","MWINGI NORTH","15067033313001","KWA MUSILA PRI SCH",49,6,69,0,124,1,123,4.8780487804878,39.8373983739837,56.0975609756098,0,0.806451612903226,-43,-63,"Musila","3"
"067","MWINGI NORTH","15067033313101","MBANGWANI  TRC",48,2,41,0,92,1,91,2.1978021978022,52.7472527472528,45.0549450549451,0,1.08695652173913,-46,-39,"Malombe","3"
"067","MWINGI NORTH","15067033313201","ITHUNZI PRI.",46,6,98,1,154,3,151,3.97350993377483,30.4635761589404,64.9006622516556,0.662251655629139,1.94805194805195,-40,-92,"Musila","3"
"067","MWINGI NORTH","15067033313301","KAMBUSU PRI SCH",148,6,105,6,267,2,265,2.26415094339623,55.8490566037736,39.622641509434,2.26415094339623,0.749063670411985,-142,-99,"Malombe","2"
"067","MWINGI NORTH","15067033313401","NGUNGANI NUR SCH",123,7,258,0,392,4,388,1.80412371134021,31.701030927835,66.4948453608247,0,1.02040816326531,-116,-251,"Musila","2"
"067","MWINGI NORTH","15067033313501","TONDORA PRI SCH",39,0,108,1,148,0,148,0,26.3513513513513,72.972972972973,0.675675675675676,0,-39,-108,"Musila","3"
"067","MWINGI NORTH","15067033313601","KALIANI FEEDER SCH",43,1,94,0,138,0,138,0.72463768115942,31.1594202898551,68.1159420289855,0,0,-42,-93,"Musila","3"
"067","MWINGI NORTH","15067033313701","KATUUNI PRI SCH",198,1,123,3,325,0,325,0.307692307692308,60.9230769230769,37.8461538461538,0.923076923076923,0,-197,-122,"Malombe","2"
"067","MWINGI NORTH","15067033313801","MASUKANIONI PRI SCH",107,5,142,2,256,0,256,1.953125,41.796875,55.46875,0.78125,0,-102,-137,"Musila","2"
"067","MWINGI NORTH","15067033313901","MUTHWANI PRI SCH",160,4,149,3,316,0,316,1.26582278481013,50.6329113924051,47.1518987341772,0.949367088607595,0,-156,-145,"Malombe","2"
"067","MWINGI NORTH","15067033314001","NDOO PRI SCH",96,2,67,3,170,2,168,1.19047619047619,57.1428571428571,39.8809523809524,1.78571428571429,1.17647058823529,-94,-65,"Malombe","3"
"067","MWINGI NORTH","15067033314101","TYAA/KAMUTHALE SEC SCH",58,2,130,1,192,1,191,1.04712041884817,30.3664921465969,68.0628272251309,0.523560209424084,0.520833333333333,-56,-128,"Musila","3"
"067","MWINGI NORTH","15067033314201","KAMULYO FEEDER SCHOOL.",82,4,78,2,171,5,166,2.40963855421687,49.3975903614458,46.9879518072289,1.20481927710843,2.92397660818713,-78,-74,"Malombe","3"
"067","MWINGI NORTH","15067033314301","NDATHA PRI SCH",29,2,95,1,128,1,127,1.5748031496063,22.8346456692913,74.8031496062992,0.78740157480315,0.78125,-27,-93,"Musila","3"
"067","MWINGI NORTH","15067033322301","MWANGU PRI SCHOOL",44,1,28,1,74,0,74,1.35135135135135,59.4594594594595,37.8378378378378,1.35135135135135,0,-43,-27,"Malombe","3"
"067","MWINGI NORTH","15067033322401","KYUMBE PRI SCHOOL",19,4,45,1,70,1,69,5.79710144927536,27.536231884058,65.2173913043478,1.44927536231884,1.42857142857143,-15,-41,"Musila","3"
"067","MWINGI NORTH","15067033322501","KATANGINI PRI SCHOOL",42,3,75,3,127,4,123,2.4390243902439,34.1463414634146,60.9756097560976,2.4390243902439,3.1496062992126,-39,-72,"Musila","3"
"067","MWINGI NORTH","15067033322601","KASYONGO PRI SCHOOL",41,2,96,3,143,1,142,1.40845070422535,28.8732394366197,67.6056338028169,2.11267605633803,0.699300699300699,-39,-94,"Musila","3"
"067","MWINGI NORTH","15067033322701","ABC KASEVI PRI SCHOOL",11,0,6,0,17,0,17,0,64.7058823529412,35.2941176470588,0,0,-11,-6,"Malombe","3"
"067","MWINGI NORTH","15067033322801","KANGOMO PRI SCHOOL",10,1,24,0,35,0,35,2.85714285714286,28.5714285714286,68.5714285714286,0,0,-9,-23,"Musila","3"
"067","MWINGI NORTH","15067033322901","KITUNGI PRI SCHOOL",12,3,26,1,42,0,42,7.14285714285714,28.5714285714286,61.9047619047619,2.38095238095238,0,-9,-23,"Musila","3"
"067","MWINGI NORTH","15067033323001","MUTHIMI FEEDER SCHOOL",5,1,29,0,35,0,35,2.85714285714286,14.2857142857143,82.8571428571429,0,0,-4,-28,"Musila","3"
"067","MWINGI NORTH","15067033323101","KIKUMINI PRI SCHOOL",12,0,24,0,36,0,36,0,33.3333333333333,66.6666666666667,0,0,-12,-24,"Musila","3"
"067","MWINGI NORTH","15067033414401","KAIVIRYA PRI SCH",125,3,32,0,164,4,160,1.875,78.125,20,0,2.4390243902439,-122,-29,"Malombe","3"
"067","MWINGI NORTH","15067033414501","KANGARAI PRE SCHOOL",79,5,11,1,102,3,99,5.05050505050505,79.7979797979798,11.1111111111111,1.01010101010101,2.94117647058824,-74,-6,"Malombe","3"
"067","MWINGI NORTH","15067033414601","KAVUTONI PRIMARY SCHOOL",85,0,15,0,100,0,100,0,85,15,0,0,-85,-15,"Malombe","3"
"067","MWINGI NORTH","15067033414701","MWANGEA PRI SCH",235,1,85,1,323,1,322,0.31055900621118,72.9813664596273,26.3975155279503,0.31055900621118,0.309597523219814,-234,-84,"Malombe","2"
"067","MWINGI NORTH","15067033414801","KISIUNI NUR SCH",33,2,98,3,137,1,136,1.47058823529412,24.2647058823529,72.0588235294118,2.20588235294118,0.72992700729927,-31,-96,"Musila","3"
"067","MWINGI NORTH","15067033414901","KITHAIYONI PRI SCH",94,0,70,0,166,2,164,0,57.3170731707317,42.6829268292683,0,1.20481927710843,-94,-70,"Malombe","3"
"067","MWINGI NORTH","15067033415001","MANANDU PRI SCH",168,4,158,4,339,5,334,1.19760479041916,50.2994011976048,47.3053892215569,1.19760479041916,1.47492625368732,-164,-154,"Malombe","2"
"067","MWINGI NORTH","15067033415101","MUANGENI PRE SCHOOL",155,2,15,1,174,1,173,1.15606936416185,89.5953757225434,8.67052023121387,0.578034682080925,0.574712643678161,-153,-13,"Malombe","3"
"067","MWINGI NORTH","15067033415201","MUKAMENI PRIMARY SCHOOL",35,2,27,0,65,1,64,3.125,54.6875,42.1875,0,1.53846153846154,-33,-25,"Malombe","3"
"067","MWINGI NORTH","15067033415301","NZANZENI PRI SCH",175,0,38,3,217,1,216,0,81.0185185185185,17.5925925925926,1.38888888888889,0.460829493087558,-175,-38,"Malombe","2"
"067","MWINGI NORTH","15067033415401","KWA NGONDI NUR SCH",85,1,90,3,181,2,179,0.558659217877095,47.4860335195531,50.2793296089386,1.67597765363128,1.10497237569061,-84,-89,"Musila","3"
"067","MWINGI NORTH","15067033415501","KWA NZULA PRI SCH",56,3,114,0,174,1,173,1.73410404624277,32.3699421965318,65.8959537572254,0,0.574712643678161,-53,-111,"Musila","3"
"067","MWINGI NORTH","15067033415601","MATHUNYANI FEEDER SCHOOL",27,0,70,0,100,3,97,0,27.8350515463918,72.1649484536082,0,3,-27,-70,"Musila","3"
"067","MWINGI NORTH","15067033415701","MULANGONI PRI SCH",123,1,169,1,294,0,294,0.340136054421769,41.8367346938776,57.4829931972789,0.340136054421769,0,-122,-168,"Musila","2"
"067","MWINGI NORTH","15067033415801","NDOONI PRI SCH",215,4,64,1,285,1,284,1.40845070422535,75.7042253521127,22.5352112676056,0.352112676056338,0.350877192982456,-211,-60,"Malombe","2"
"067","MWINGI NORTH","15067033415901","IKATHIMA PRI SCH",23,2,37,3,66,1,65,3.07692307692308,35.3846153846154,56.9230769230769,4.61538461538462,1.51515151515152,-21,-35,"Musila","3"
"067","MWINGI NORTH","15067033416001","ITHOKA PRI SCH",43,1,102,2,148,0,148,0.675675675675676,29.0540540540541,68.9189189189189,1.35135135135135,0,-42,-101,"Musila","3"
"067","MWINGI NORTH","15067033416101","KASAINI PRI SCH",31,0,42,0,77,4,73,0,42.4657534246575,57.5342465753425,0,5.19480519480519,-31,-42,"Musila","3"
"067","MWINGI NORTH","15067033416201","KASELUNI NURSERY SCHOOL",58,2,100,3,165,2,163,1.22699386503067,35.5828220858896,61.3496932515337,1.84049079754601,1.21212121212121,-56,-98,"Musila","3"
"067","MWINGI NORTH","15067033416301","KINOLU PRI SCH",117,0,87,0,208,4,204,0,57.3529411764706,42.6470588235294,0,1.92307692307692,-117,-87,"Malombe","3"
"067","MWINGI NORTH","15067033416401","MANG ULU FEEDER SCHOOL",37,2,117,3,161,2,159,1.25786163522013,23.2704402515723,73.5849056603774,1.88679245283019,1.24223602484472,-35,-115,"Musila","3"
"067","MWINGI NORTH","15067033416501","MASYUNGWA PRI SCH",143,3,160,2,310,2,308,0.974025974025974,46.4285714285714,51.9480519480519,0.649350649350649,0.645161290322581,-140,-157,"Musila","2"
"067","MWINGI NORTH","15067033416601","KAIMEA FEEDER SCHOOL",26,2,65,1,94,0,94,2.12765957446809,27.6595744680851,69.1489361702128,1.06382978723404,0,-24,-63,"Musila","3"
"067","MWINGI NORTH","15067033416701","KAKAUNI PRI SCH",91,4,74,2,172,0,172,2.32558139534884,52.9069767441861,43.0232558139535,1.16279069767442,0,-87,-70,"Malombe","3"
"067","MWINGI NORTH","15067033416801","KATILINGE PRI SCH",114,7,190,2,319,6,313,2.23642172523962,36.4217252396166,60.702875399361,0.638977635782748,1.88087774294671,-107,-183,"Musila","2"
"067","MWINGI NORTH","15067033416901","KATUMBI PRI SCH",127,2,77,2,210,2,208,0.961538461538462,61.0576923076923,37.0192307692308,0.961538461538462,0.952380952380952,-125,-75,"Malombe","3"
"067","MWINGI NORTH","15067033417001","SYOMAVUO NUR SCH",32,0,27,0,60,1,59,0,54.2372881355932,45.7627118644068,0,1.66666666666667,-32,-27,"Malombe","3"
"067","MWINGI NORTH","15067033417101","KAIKULI PRIMARY SCHOOL",28,1,50,2,81,0,81,1.23456790123457,34.5679012345679,61.7283950617284,2.46913580246914,0,-27,-49,"Musila","3"
"067","MWINGI NORTH","15067033417201","KAMALI PRI SCH",95,7,111,1,215,1,214,3.27102803738318,44.392523364486,51.8691588785047,0.467289719626168,0.465116279069767,-88,-104,"Musila","3"
"067","MWINGI NORTH","15067033417301","KYENINI PRI SCH",59,3,150,3,216,0,216,1.38888888888889,27.3148148148148,69.4444444444444,1.38888888888889,0,-56,-147,"Musila","3"
"067","MWINGI NORTH","15067033417401","MUSAVANI PRI SCH",145,3,175,6,330,1,329,0.911854103343465,44.0729483282675,53.1914893617021,1.82370820668693,0.303030303030303,-142,-172,"Musila","2"
"067","MWINGI NORTH","15067033417501","WIKITHUKI NUR SCH",48,3,185,3,241,2,239,1.25523012552301,20.0836820083682,77.4058577405858,1.25523012552301,0.829875518672199,-45,-182,"Musila","2"
"067","MWINGI NORTH","15067033417601","ILIONI PRIMARY",49,3,16,1,69,0,69,4.34782608695652,71.0144927536232,23.1884057971014,1.44927536231884,0,-46,-13,"Malombe","3"
"067","MWINGI NORTH","15067033417701","KAKUNGUU PRI SCH",105,2,111,2,222,2,220,0.909090909090909,47.7272727272727,50.4545454545455,0.909090909090909,0.900900900900901,-103,-109,"Musila","2"
"067","MWINGI NORTH","15067033417801","KATHUNGU PRI SCH",95,2,100,4,201,0,201,0.995024875621891,47.2636815920398,49.7512437810945,1.99004975124378,0,-93,-98,"Musila","3"
"067","MWINGI NORTH","15067033417901","NGALANGE PRI SCH",191,4,168,1,375,11,364,1.0989010989011,52.4725274725275,46.1538461538462,0.274725274725275,2.93333333333333,-187,-164,"Malombe","2"
"067","MWINGI NORTH","15067033418001","KALUMU PRI SCH",99,2,92,0,193,0,193,1.03626943005181,51.2953367875648,47.6683937823834,0,0,-97,-90,"Malombe","3"
"067","MWINGI NORTH","15067033418101","SIVETA PRI SCH",129,1,109,1,241,1,240,0.416666666666667,53.75,45.4166666666667,0.416666666666667,0.4149377593361,-128,-108,"Malombe","2"
"067","MWINGI NORTH","15067033418201","CIOKEREKE PRI SCH",139,5,27,1,175,3,172,2.90697674418605,80.8139534883721,15.6976744186047,0.581395348837209,1.71428571428571,-134,-22,"Malombe","3"
"067","MWINGI NORTH","15067033418301","NGONGONI PRI SCH",231,11,55,3,301,1,300,3.66666666666667,77,18.3333333333333,1,0.332225913621262,-220,-44,"Malombe","2"
"067","MWINGI NORTH","15067033418401","KALIMBUI PRI SCH",176,6,95,1,280,2,278,2.15827338129496,63.3093525179856,34.1726618705036,0.359712230215827,0.714285714285714,-170,-89,"Malombe","2"
"067","MWINGI NORTH","15067033418501","TSEIKURU PRI SCH",159,6,75,2,247,5,242,2.47933884297521,65.702479338843,30.9917355371901,0.826446280991736,2.02429149797571,-153,-69,"Malombe","2"
"067","MWINGI NORTH","15067033418502","TSEIKURU PRI SCH",178,6,87,3,277,3,274,2.18978102189781,64.963503649635,31.7518248175182,1.09489051094891,1.08303249097473,-172,-81,"Malombe","2"
"067","MWINGI NORTH","15067033418601","TSEIKURU SEC SCH",157,8,68,1,242,8,234,3.41880341880342,67.0940170940171,29.0598290598291,0.427350427350427,3.30578512396694,-149,-60,"Malombe","2"
"067","MWINGI NORTH","15067033418701","ITUNG'UNI PRI SCH",60,1,50,0,111,0,111,0.900900900900901,54.0540540540541,45.045045045045,0,0,-59,-49,"Malombe","3"
"067","MWINGI NORTH","15067033418801","KYAMALUTU PRI SCH",103,3,218,2,328,2,326,0.920245398773006,31.5950920245399,66.8711656441718,0.613496932515337,0.609756097560976,-100,-215,"Musila","2"
"067","MWINGI NORTH","15067033418901","USUENI PRI SCH",94,3,146,1,246,2,244,1.22950819672131,38.5245901639344,59.8360655737705,0.409836065573771,0.813008130081301,-91,-143,"Musila","2"
"067","MWINGI NORTH","15067033423301","KATUE PRI SCHOOL",59,0,37,3,99,0,99,0,59.5959595959596,37.3737373737374,3.03030303030303,0,-59,-37,"Malombe","3"
"067","MWINGI NORTH","15067033423401","MARU PRI SCHOOL",7,0,28,1,37,1,36,0,19.4444444444444,77.7777777777778,2.77777777777778,2.7027027027027,-7,-28,"Musila","3"
"067","MWINGI NORTH","15067033423501","MANZINGA PRI SCHOOL",17,0,30,0,48,1,47,0,36.1702127659575,63.8297872340426,0,2.08333333333333,-17,-30,"Musila","3"
"067","MWINGI NORTH","15067033423601","NGUUNI PRI SCHOOL",34,4,36,0,74,0,74,5.40540540540541,45.945945945946,48.6486486486487,0,0,-30,-32,"Musila","3"
"067","MWINGI NORTH","15067033423701","KARURI PRI SCHOOL",8,0,7,0,15,0,15,0,53.3333333333333,46.6666666666667,0,0,-8,-7,"Malombe","3"
"067","MWINGI NORTH","15067033423801","KASYATHYUNI PRI SCHOOL",35,3,20,0,58,0,58,5.17241379310345,60.3448275862069,34.4827586206897,0,0,-32,-17,"Malombe","3"
"067","MWINGI NORTH","15067033423901","MASEVESEVENI PRI SCHOOL",13,2,53,0,74,6,68,2.94117647058824,19.1176470588235,77.9411764705882,0,8.10810810810811,-11,-51,"Musila","1"
"067","MWINGI NORTH","15067033424101","SUMONI PRI SCHOOL",60,3,53,2,118,0,118,2.54237288135593,50.8474576271186,44.9152542372881,1.69491525423729,0,-57,-50,"Malombe","3"
"067","MWINGI NORTH","15067033424301","NYAMBONI PRI SCHOOL",26,1,66,1,96,0,96,1.04166666666667,27.0833333333333,68.75,1.04166666666667,0,-25,-65,"Musila","3"
"067","MWINGI NORTH","15067033424401","NDITIMI PRI SCHOOL",60,2,9,0,73,2,71,2.8169014084507,84.5070422535211,12.6760563380282,0,2.73972602739726,-58,-7,"Malombe","3"
"067","MWINGI NORTH","15067033519001","GACIGONGO PRI SCH",200,14,52,3,271,2,269,5.20446096654275,74.3494423791822,19.3308550185874,1.11524163568773,0.738007380073801,-186,-38,"Malombe","2"
"067","MWINGI NORTH","15067033519101","KAMANGARA FEEDER SCH",79,4,5,0,89,1,88,4.54545454545455,89.7727272727273,5.68181818181818,0,1.12359550561798,-75,-1,"Malombe","3"
"067","MWINGI NORTH","15067033519201","KAMAYANGI PRI SCH",255,8,17,0,282,2,280,2.85714285714286,91.0714285714286,6.07142857142857,0,0.709219858156028,-247,-9,"Malombe","2"
"067","MWINGI NORTH","15067033519301","MIRAMBA- IKAMBA PRI SCH",172,6,48,1,228,1,227,2.6431718061674,75.7709251101322,21.1453744493392,0.440528634361234,0.43859649122807,-166,-42,"Malombe","2"
"067","MWINGI NORTH","15067033519401","MWARANGENI NUR SCH",166,5,6,0,178,1,177,2.82485875706215,93.7853107344633,3.38983050847458,0,0.561797752808989,-161,-1,"Malombe","3"
"067","MWINGI NORTH","15067033519501","NKARAKU NUR SCH",150,7,27,1,186,1,185,3.78378378378378,81.0810810810811,14.5945945945946,0.540540540540541,0.537634408602151,-143,-20,"Malombe","3"
"067","MWINGI NORTH","15067033519601","GAKOMBE PRI SCH",125,20,89,2,239,3,236,8.47457627118644,52.9661016949153,37.7118644067797,0.847457627118644,1.25523012552301,-105,-69,"Malombe","2"
"067","MWINGI NORTH","15067033519701","GANKANGA SEC SCH",109,21,33,1,166,2,164,12.8048780487805,66.4634146341463,20.1219512195122,0.609756097560976,1.20481927710843,-88,-12,"Malombe","3"
"067","MWINGI NORTH","15067033519801","KAMIKAU FEEDER SCHOOL",53,8,13,0,74,0,74,10.8108108108108,71.6216216216216,17.5675675675676,0,0,-45,-5,"Malombe","3"
"067","MWINGI NORTH","15067033519901","KARIINI PRI SCH",113,22,55,1,194,3,191,11.5183246073298,59.1623036649215,28.7958115183246,0.523560209424084,1.54639175257732,-91,-33,"Malombe","3"
"067","MWINGI NORTH","15067033520001","NKORU NUR SCH",129,17,50,1,200,3,197,8.62944162436548,65.4822335025381,25.3807106598985,0.50761421319797,1.5,-112,-33,"Malombe","3"
"067","MWINGI NORTH","15067033520101","THARAKA PRI SCH",266,50,76,3,405,10,395,12.6582278481013,67.3417721518987,19.2405063291139,0.759493670886076,2.46913580246914,-216,-26,"Malombe","2"
"067","MWINGI NORTH","15067033520201","GATORONI PRI SCH",204,13,134,4,359,4,355,3.66197183098592,57.4647887323944,37.7464788732394,1.12676056338028,1.1142061281337,-191,-121,"Malombe","2"
"067","MWINGI NORTH","15067033520301","ITURA-MURA FEEDER SCH",140,4,64,0,212,4,208,1.92307692307692,67.3076923076923,30.7692307692308,0,1.88679245283019,-136,-60,"Malombe","3"
"067","MWINGI NORTH","15067033520401","KANTHOROKO FEEDER SCHOOL",72,9,16,0,98,1,97,9.27835051546392,74.2268041237113,16.4948453608247,0,1.02040816326531,-63,-7,"Malombe","3"
"067","MWINGI NORTH","15067033520501","GATUNDU PRI SCH",103,6,38,2,151,2,149,4.02684563758389,69.1275167785235,25.503355704698,1.34228187919463,1.32450331125828,-97,-32,"Malombe","3"
"067","MWINGI NORTH","15067033520601","IRIA ITUNE PRIMARY SCHOOL.",100,16,77,3,196,0,196,8.16326530612245,51.0204081632653,39.2857142857143,1.53061224489796,0,-84,-61,"Malombe","3"
"067","MWINGI NORTH","15067033520701","KAMATUMO PRI SCH",119,12,67,2,202,2,200,6,59.5,33.5,1,0.99009900990099,-107,-55,"Malombe","3"
"067","MWINGI NORTH","15067033520801","KANJIA FEEDER SCH",94,9,31,1,137,2,135,6.66666666666667,69.6296296296296,22.962962962963,0.740740740740741,1.45985401459854,-85,-22,"Malombe","3"
"067","MWINGI NORTH","15067033520901","KONYU PRI SCH",101,4,30,5,141,1,140,2.85714285714286,72.1428571428571,21.4285714285714,3.57142857142857,0.709219858156028,-97,-26,"Malombe","3"
"067","MWINGI NORTH","15067033521001","KAMWERINI F. SCHOOL",68,10,152,4,238,4,234,4.27350427350427,29.0598290598291,64.957264957265,1.70940170940171,1.68067226890756,-58,-142,"Musila","2"
"067","MWINGI NORTH","15067033521101","KANTHUNGU NURSERY SCHOOL",18,1,61,2,82,0,82,1.21951219512195,21.9512195121951,74.390243902439,2.4390243902439,0,-17,-60,"Musila","3"
"067","MWINGI NORTH","15067033521201","KYUGA PRI SCH",95,12,64,3,180,6,174,6.89655172413793,54.5977011494253,36.7816091954023,1.72413793103448,3.33333333333333,-83,-52,"Malombe","3"
"067","MWINGI NORTH","15067033521301","MUKURUNI FEEDER SCH",99,8,61,0,169,1,168,4.76190476190476,58.9285714285714,36.3095238095238,0,0.591715976331361,-91,-53,"Malombe","3"
"067","MWINGI NORTH","15067033521401","NTHANGANI PRI SCH",60,9,224,0,296,3,293,3.07167235494881,20.4778156996587,76.4505119453925,0,1.01351351351351,-51,-215,"Musila","2"
"067","MWINGI NORTH","15067033521501","CIATUNGU PRI SCH",203,8,27,3,242,1,241,3.3195020746888,84.2323651452282,11.2033195020747,1.2448132780083,0.413223140495868,-195,-19,"Malombe","2"
"067","MWINGI NORTH","15067033521601","KANYENGYA PRI SCH",243,9,41,4,299,2,297,3.03030303030303,81.8181818181818,13.8047138047138,1.34680134680135,0.668896321070234,-234,-32,"Malombe","2"
"067","MWINGI NORTH","15067033521701","KARUNDU NURSERY SCHOOL",126,12,47,0,185,0,185,6.48648648648649,68.1081081081081,25.4054054054054,0,0,-114,-35,"Malombe","3"
"068","MWINGI WEST","15068033600101","MBAU PRIMARY SCHOOL",26,4,128,0,159,1,158,2.53164556962025,16.4556962025316,81.0126582278481,0,0.628930817610063,-22,-124,"Musila","3"
"068","MWINGI WEST","15068033600201","KYOME PRIMARY SCHOOL",32,8,206,1,253,6,247,3.23886639676113,12.9554655870445,83.4008097165992,0.404858299595142,2.37154150197628,-24,-198,"Musila","2"
"068","MWINGI WEST","15068033600202","KYOME PRIMARY SCHOOL",24,4,226,0,258,4,254,1.5748031496063,9.44881889763779,88.9763779527559,0,1.55038759689922,-20,-222,"Musila","2"
"068","MWINGI WEST","15068033600301","NDALUNI PRIMARY SCHOOL",67,6,208,1,286,4,282,2.12765957446809,23.758865248227,73.7588652482269,0.354609929078014,1.3986013986014,-61,-202,"Musila","2"
"068","MWINGI WEST","15068033600401","KATHITA PRIMARY SCHOOL",13,0,27,0,40,0,40,0,32.5,67.5,0,0,-13,-27,"Musila","3"
"068","MWINGI WEST","15068033600501","SYOMUNG'ELE PRIMARY SCHOOL",48,3,324,0,381,6,375,0.8,12.8,86.4,0,1.5748031496063,-45,-321,"Musila","2"
"068","MWINGI WEST","15068033600601","KITUMBI PRIMARY SCHOOL",63,2,259,1,328,3,325,0.615384615384615,19.3846153846154,79.6923076923077,0.307692307692308,0.914634146341463,-61,-257,"Musila","2"
"068","MWINGI WEST","15068033600701","KANYEKINI PRIMARY SCHOOL",43,3,133,1,180,0,180,1.66666666666667,23.8888888888889,73.8888888888889,0.555555555555556,0,-40,-130,"Musila","3"
"068","MWINGI WEST","15068033600801","MUUKUNI PRIMARY SCHOOL",17,1,195,0,219,6,213,0.469483568075117,7.981220657277,91.5492957746479,0,2.73972602739726,-16,-194,"Musila","3"
"068","MWINGI WEST","15068033600901","THOKOA PRIMARY SCHOOL",40,6,362,1,412,3,409,1.46699266503667,9.7799511002445,88.5085574572127,0.244498777506112,0.728155339805825,-34,-356,"Musila","2"
"068","MWINGI WEST","15068033600902","THOKOA PRIMARY SCHOOL",41,5,349,0,403,8,395,1.26582278481013,10.379746835443,88.3544303797468,0,1.98511166253102,-36,-344,"Musila","2"
"068","MWINGI WEST","15068033601001","TUMILA PRIMARY SCHOOL",27,0,142,0,171,2,169,0,15.9763313609467,84.0236686390533,0,1.16959064327485,-27,-142,"Musila","3"
"068","MWINGI WEST","15068033601101","MUSUANI PRIMARY SCHOOL",47,4,311,2,368,4,364,1.0989010989011,12.9120879120879,85.4395604395604,0.549450549450549,1.08695652173913,-43,-307,"Musila","2"
"068","MWINGI WEST","15068033601102","MUSUANI PRIMARY SCHOOL",46,4,295,0,348,3,345,1.15942028985507,13.3333333333333,85.5072463768116,0,0.862068965517241,-42,-291,"Musila","2"
"068","MWINGI WEST","15068033601201","WIKITOO PRIMARY SCHOOL",23,7,88,0,118,0,118,5.93220338983051,19.4915254237288,74.5762711864407,0,0,-16,-81,"Musila","3"
"068","MWINGI WEST","15068033601301","KITHAMBA NGII NURSARY SCHOOL",33,5,75,1,116,2,114,4.3859649122807,28.9473684210526,65.7894736842105,0.87719298245614,1.72413793103448,-28,-70,"Musila","3"
"068","MWINGI WEST","15068033601401","YENZUVA PRIMARY SCHOOL",76,8,244,0,330,2,328,2.4390243902439,23.1707317073171,74.390243902439,0,0.606060606060606,-68,-236,"Musila","2"
"068","MWINGI WEST","15068033601501","MAVUI PRIMARY SCHOOL",43,12,179,1,235,0,235,5.1063829787234,18.2978723404255,76.1702127659574,0.425531914893617,0,-31,-167,"Musila","2"
"068","MWINGI WEST","15068033601601","KASAVINI PRIMARY SCHOOL",25,4,89,0,119,1,118,3.38983050847458,21.1864406779661,75.4237288135593,0,0.840336134453782,-21,-85,"Musila","3"
"068","MWINGI WEST","15068033601701","THAANA NZAU PRIMARY SCHOOL",107,3,96,0,207,1,206,1.45631067961165,51.9417475728155,46.6019417475728,0,0.483091787439614,-104,-93,"Malombe","3"
"068","MWINGI WEST","15068033601801","NZULI SECONDARY SCHOOL",7,2,38,0,47,0,47,4.25531914893617,14.8936170212766,80.8510638297872,0,0,-5,-36,"Musila","3"
"068","MWINGI WEST","15068033601901","KYUSYANI PRIMARY SCHOOL",46,1,265,0,316,4,312,0.32051282051282,14.7435897435897,84.9358974358974,0,1.26582278481013,-45,-264,"Musila","2"
"068","MWINGI WEST","15068033602001","KYANGUNGI PRIMARY SCHOOL",17,3,112,0,132,0,132,2.27272727272727,12.8787878787879,84.8484848484848,0,0,-14,-109,"Musila","3"
"068","MWINGI WEST","15068033602101","MULULINI PRIMARY SCHOOL",29,2,66,0,97,0,97,2.06185567010309,29.8969072164948,68.0412371134021,0,0,-27,-64,"Musila","3"
"068","MWINGI WEST","15068033602201","WINZYEEI PRIMARY SCHOOL",128,10,204,2,344,0,344,2.90697674418605,37.2093023255814,59.3023255813954,0.581395348837209,0,-118,-194,"Musila","2"
"068","MWINGI WEST","15068033602301","WALALAWA NURSARY SCHOOL",19,1,50,1,85,14,71,1.40845070422535,26.7605633802817,70.4225352112676,1.40845070422535,16.4705882352941,-18,-49,"Musila","1"
"068","MWINGI WEST","15068033602401","WIKIVUVWA PRIMARY SCHOOL",41,1,141,1,184,0,184,0.543478260869565,22.2826086956522,76.6304347826087,0.543478260869565,0,-40,-140,"Musila","3"
"068","MWINGI WEST","15068033602501","MASAANI PRIMARY SCHOOL",23,2,47,0,72,0,72,2.77777777777778,31.9444444444444,65.2777777777778,0,0,-21,-45,"Musila","3"
"068","MWINGI WEST","15068033602601","ITHENZE PRIMARY SCHOOL",53,3,51,1,108,0,108,2.77777777777778,49.0740740740741,47.2222222222222,0.925925925925926,0,-50,-48,"Malombe","3"
"068","MWINGI WEST","15068033602701","KAMUTEKEO PRIMARY SCHOOL",42,3,68,0,114,1,113,2.65486725663717,37.1681415929204,60.1769911504425,0,0.87719298245614,-39,-65,"Musila","3"
"068","MWINGI WEST","15068033602801","KIUNDUANI NURSARY SCHOOL",60,2,94,0,159,3,156,1.28205128205128,38.4615384615385,60.2564102564103,0,1.88679245283019,-58,-92,"Musila","3"
"068","MWINGI WEST","15068033602901","MBAUNZO NURSARY SCHOOL",15,3,44,0,62,0,62,4.83870967741935,24.1935483870968,70.9677419354839,0,0,-12,-41,"Musila","3"
"068","MWINGI WEST","15068033603001","KAVAINI PRIMARY SCHOOL",51,6,105,1,163,0,163,3.68098159509202,31.2883435582822,64.4171779141104,0.613496932515337,0,-45,-99,"Musila","3"
"068","MWINGI WEST","15068033603101","KILELA PRIMARY SCHOOL",4,1,52,0,58,1,57,1.75438596491228,7.01754385964912,91.2280701754386,0,1.72413793103448,-3,-51,"Musila","3"
"068","MWINGI WEST","15068033603201","SYIMUU PRIMARY SCHOOL",59,2,59,0,122,2,120,1.66666666666667,49.1666666666667,49.1666666666667,0,1.63934426229508,-57,-57,"Malombe","3"
"068","MWINGI WEST","15068033603301","KANYAA PRIMARY SCHOOL",42,6,160,0,209,1,208,2.88461538461538,20.1923076923077,76.9230769230769,0,0.478468899521531,-36,-154,"Musila","3"
"068","MWINGI WEST","15068033603302","KANYAA PRIMARY SCHOOL",34,3,174,2,218,5,213,1.40845070422535,15.962441314554,81.6901408450704,0.938967136150235,2.29357798165138,-31,-171,"Musila","3"
"068","MWINGI WEST","15068033603401","KWA MBUTA MARKET",31,8,165,0,208,4,204,3.92156862745098,15.1960784313725,80.8823529411765,0,1.92307692307692,-23,-157,"Musila","3"
"068","MWINGI WEST","15068033603501","DAVID MUSILA (NDELEKENI) 
PRIMARY SCHOOL",13,2,58,0,73,0,73,2.73972602739726,17.8082191780822,79.4520547945205,0,0,-11,-56,"Musila","3"
"068","MWINGI WEST","15068033603601","UINI PRIMARY SCHOOL",28,1,148,0,177,0,177,0.564971751412429,15.819209039548,83.6158192090395,0,0,-27,-147,"Musila","3"
"068","MWINGI WEST","15068033603701","THITANI PRIMARY SCHOOL",119,10,196,1,327,1,326,3.06748466257669,36.5030674846626,60.1226993865031,0.306748466257669,0.305810397553517,-109,-186,"Musila","2"
"068","MWINGI WEST","15068033603801","KASANGA PRIMARY SCHOOL",52,7,194,1,256,2,254,2.75590551181102,20.4724409448819,76.3779527559055,0.393700787401575,0.78125,-45,-187,"Musila","2"
"068","MWINGI WEST","15068033603802","KASANGA PRIMARY SCHOOL",52,3,197,1,253,0,253,1.18577075098814,20.5533596837945,77.8656126482213,0.395256916996047,0,-49,-194,"Musila","2"
"068","MWINGI WEST","15068033603901","MUMBONI PRIMARY SCHOOL",54,3,107,0,166,2,164,1.82926829268293,32.9268292682927,65.2439024390244,0,1.20481927710843,-51,-104,"Musila","3"
"068","MWINGI WEST","15068033604001","KITULANI SECONDARY SCHOOL",41,5,113,0,159,0,159,3.14465408805031,25.7861635220126,71.0691823899371,0,0,-36,-108,"Musila","3"
"068","MWINGI WEST","15068033604101","KITULANI PRIMARY SCHOOL",111,6,162,0,281,2,279,2.1505376344086,39.7849462365591,58.0645161290323,0,0.711743772241993,-105,-156,"Musila","2"
"068","MWINGI WEST","15068033613901","KIVANI PRIMARY SCHOOL",24,0,28,1,53,0,53,0,45.2830188679245,52.8301886792453,1.88679245283019,0,-24,-28,"Musila","3"
"068","MWINGI WEST","15068033704201","MUTHITHINI PRIMARY SCHOOL",93,3,105,0,201,0,201,1.49253731343284,46.2686567164179,52.2388059701493,0,0,-90,-102,"Musila","3"
"068","MWINGI WEST","15068033704301","KEA PRIMARY SCHOOL",60,11,198,0,270,1,269,4.08921933085502,22.3048327137546,73.6059479553903,0,0.37037037037037,-49,-187,"Musila","2"
"068","MWINGI WEST","15068033704302","KEA PRIMARY SCHOOL",72,3,198,0,273,0,273,1.0989010989011,26.3736263736264,72.5274725274725,0,0,-69,-195,"Musila","2"
"068","MWINGI WEST","15068033704401","KASAVANI PRIMARY SCHOOL",37,2,119,0,158,0,158,1.26582278481013,23.4177215189873,75.3164556962025,0,0,-35,-117,"Musila","3"
"068","MWINGI WEST","15068033704501","KIVULU PRIMARY SCHOOL",21,1,116,0,140,2,138,0.72463768115942,15.2173913043478,84.0579710144928,0,1.42857142857143,-20,-115,"Musila","3"
"068","MWINGI WEST","15068033704601","KITHALANI PRIMARY SCHOOL",26,3,216,1,245,0,245,1.22448979591837,10.6122448979592,88.1632653061225,0.408163265306122,0,-23,-213,"Musila","2"
"068","MWINGI WEST","15068033704701","KIKIINI PRIMARY SCHOOL",75,2,283,0,361,1,360,0.555555555555556,20.8333333333333,78.6111111111111,0,0.277008310249307,-73,-281,"Musila","2"
"068","MWINGI WEST","15068033704801","KITHUNI PRIMARY SCHOOL",48,0,145,0,193,0,193,0,24.8704663212435,75.1295336787565,0,0,-48,-145,"Musila","3"
"068","MWINGI WEST","15068033704901","NZAUNI PRIMARY SCHOOL",87,5,214,0,308,2,306,1.63398692810458,28.4313725490196,69.9346405228758,0,0.649350649350649,-82,-209,"Musila","2"
"068","MWINGI WEST","15068033705001","KAIKUNGU PRIMARY SCHOOL",77,1,196,1,276,1,275,0.363636363636364,28,71.2727272727273,0.363636363636364,0.36231884057971,-76,-195,"Musila","2"
"068","MWINGI WEST","15068033705101","KAVILILO PRIMARY SCHOOL",139,2,101,1,244,1,243,0.823045267489712,57.201646090535,41.5637860082305,0.411522633744856,0.409836065573771,-137,-99,"Malombe","2"
"068","MWINGI WEST","15068033705201","MAKENGEKANI PRIMARY SCHOOL",78,4,207,1,290,0,290,1.37931034482759,26.8965517241379,71.3793103448276,0.344827586206897,0,-74,-203,"Musila","2"
"068","MWINGI WEST","15068033705301","NGUUTANI PRIMARY SCHOOL",148,8,197,3,359,3,356,2.24719101123596,41.5730337078652,55.3370786516854,0.842696629213483,0.835654596100279,-140,-189,"Musila","2"
"068","MWINGI WEST","15068033705302","NGUUTANI PRIMARY SCHOOL",126,11,223,2,367,2,365,3.01369863013699,34.5205479452055,61.0958904109589,0.547945205479452,0.544959128065395,-115,-212,"Musila","2"
"068","MWINGI WEST","15068033705401","KAKULULO PRIMARY SCHOOL",57,8,279,0,346,2,344,2.32558139534884,16.5697674418605,81.1046511627907,0,0.578034682080925,-49,-271,"Musila","2"
"068","MWINGI WEST","15068033705402","KAKULULO PRIMARY SCHOOL",76,10,261,2,350,1,349,2.86532951289398,21.7765042979943,74.785100286533,0.573065902578797,0.285714285714286,-66,-251,"Musila","2"
"068","MWINGI WEST","15068033705501","KATUYU PRIMARY SCHOOL",42,1,155,1,199,0,199,0.50251256281407,21.105527638191,77.8894472361809,0.50251256281407,0,-41,-154,"Musila","3"
"068","MWINGI WEST","15068033705601","NZAWA PRIMARY SCHOOL",192,10,158,0,361,1,360,2.77777777777778,53.3333333333333,43.8888888888889,0,0.277008310249307,-182,-148,"Malombe","2"
"068","MWINGI WEST","15068033705602","NZAWA PRIMARY SCHOOL",161,5,164,0,330,0,330,1.51515151515152,48.7878787878788,49.6969696969697,0,0,-156,-159,"Musila","2"
"068","MWINGI WEST","15068033705701","MUTHIONI PRIMARY SCHOOL",63,4,244,1,312,0,312,1.28205128205128,20.1923076923077,78.2051282051282,0.32051282051282,0,-59,-240,"Musila","2"
"068","MWINGI WEST","15068033705801","THIMU PRIMARY SCHOOL",42,2,221,0,267,2,265,0.754716981132076,15.8490566037736,83.3962264150943,0,0.749063670411985,-40,-219,"Musila","2"
"068","MWINGI WEST","15068033705901","KATOTENI PRIMARY SCHOOL",44,3,234,1,286,4,282,1.06382978723404,15.6028368794326,82.9787234042553,0.354609929078014,1.3986013986014,-41,-231,"Musila","2"
"068","MWINGI WEST","15068033705902","KATOTENI PRIMARY SCHOOL",41,2,240,0,287,4,283,0.706713780918728,14.4876325088339,84.8056537102474,0,1.39372822299652,-39,-238,"Musila","2"
"068","MWINGI WEST","15068033706001","MAVUNI PRIMARY SCHOOL",45,4,175,0,224,0,224,1.78571428571429,20.0892857142857,78.125,0,0,-41,-171,"Musila","2"
"068","MWINGI WEST","15068033706101","SYONGONI PRIMARY SCHOOL",43,4,121,0,168,0,168,2.38095238095238,25.5952380952381,72.0238095238095,0,0,-39,-117,"Musila","3"
"068","MWINGI WEST","15068033706201","YITWA MBEMBA SHOPPING CENTRE",34,5,116,0,155,0,155,3.2258064516129,21.9354838709677,74.8387096774194,0,0,-29,-111,"Musila","3"
"068","MWINGI WEST","15068033706301","MUIMI PRIMARY SCHOOL",169,1,136,1,309,1,308,0.324675324675325,54.8701298701299,44.1558441558442,0.324675324675325,0.323624595469256,-168,-135,"Malombe","2"
"068","MWINGI WEST","15068033706302","MUIMI PRIMARY SCHOOL",147,7,158,2,317,3,314,2.22929936305732,46.8152866242038,50.3184713375796,0.636942675159236,0.946372239747634,-140,-151,"Musila","2"
"068","MWINGI WEST","15068033706401","MATHEANI PRIMARY SCHOOL",120,4,92,8,225,1,224,1.78571428571429,53.5714285714286,41.0714285714286,3.57142857142857,0.444444444444444,-116,-88,"Malombe","2"
"068","MWINGI WEST","15068033706501","NGONGONI PRIMARY SCHOOL",26,6,204,0,237,1,236,2.54237288135593,11.0169491525424,86.4406779661017,0,0.421940928270042,-20,-198,"Musila","2"
"068","MWINGI WEST","15068033706502","NGONGONI PRIMARY SCHOOL",34,8,206,0,248,0,248,3.2258064516129,13.7096774193548,83.0645161290323,0,0,-26,-198,"Musila","2"
"068","MWINGI WEST","15068033706601","KWA KISENGA PRIMARY SCHOOL",30,4,110,0,144,0,144,2.77777777777778,20.8333333333333,76.3888888888889,0,0,-26,-106,"Musila","3"
"068","MWINGI WEST","15068033706701","KIUMONI PRIMARY SCHOOL",15,1,136,0,152,0,152,0.657894736842105,9.86842105263158,89.4736842105263,0,0,-14,-135,"Musila","3"
"068","MWINGI WEST","15068033706801","KAVOLOI PRIMARY SCHOOL",40,3,254,0,299,2,297,1.01010101010101,13.4680134680135,85.5218855218855,0,0.668896321070234,-37,-251,"Musila","2"
"068","MWINGI WEST","15068033706901","MATHUNZINI PRIMARY SCHOOL",34,3,176,0,216,2,214,1.4018691588785,15.8878504672897,82.2429906542056,0,0.925925925925926,-31,-173,"Musila","3"
"068","MWINGI WEST","15068033706902","MATHUNZINI PRIMARY SCHOOL",25,4,182,0,211,0,211,1.8957345971564,11.8483412322275,86.2559241706161,0,0,-21,-178,"Musila","3"
"068","MWINGI WEST","15068033707001","MASONINI PRIMARY SCHOOL",23,3,168,0,196,2,194,1.54639175257732,11.8556701030928,86.5979381443299,0,1.02040816326531,-20,-165,"Musila","3"
"068","MWINGI WEST","15068033714101","KATHITA NZAU PRIMARY SCHOOL",34,2,111,0,149,2,147,1.36054421768707,23.1292517006803,75.5102040816327,0,1.34228187919463,-32,-109,"Musila","3"
"068","MWINGI WEST","15068033807101","ITUMBI PRIMARY SCHOOL",20,7,206,0,234,1,233,3.00429184549356,8.58369098712446,88.412017167382,0,0.427350427350427,-13,-199,"Musila","2"
"068","MWINGI WEST","15068033807201","KALILUNI PRIMARY SCHOOL",42,3,305,1,354,3,351,0.854700854700855,11.965811965812,86.8945868945869,0.284900284900285,0.847457627118644,-39,-302,"Musila","2"
"068","MWINGI WEST","15068033807301","ITHAMBWA NGAU SECONDARY SCHOOL",21,3,135,0,160,1,159,1.88679245283019,13.2075471698113,84.9056603773585,0,0.625,-18,-132,"Musila","3"
"068","MWINGI WEST","15068033807401","KYAMBOO PRIMARY SCHOOL",35,6,267,1,317,8,309,1.94174757281553,11.3268608414239,86.4077669902913,0.323624595469256,2.52365930599369,-29,-261,"Musila","2"
"068","MWINGI WEST","15068033807402","KYAMBOO PRIMARY SCHOOL",35,8,267,0,314,4,310,2.58064516129032,11.2903225806452,86.1290322580645,0,1.27388535031847,-27,-259,"Musila","2"
"068","MWINGI WEST","15068033807501","KALEMBWA PRIMARY SCHOOL",50,3,137,0,192,2,190,1.57894736842105,26.3157894736842,72.1052631578947,0,1.04166666666667,-47,-134,"Musila","3"
"068","MWINGI WEST","15068033807601","MIGWANI A.I.C PRIMARY SCHOOL",64,9,290,0,364,1,363,2.47933884297521,17.6308539944904,79.8898071625344,0,0.274725274725275,-55,-281,"Musila","2"
"068","MWINGI WEST","15068033807602","MIGWANI A.I.C PRIMARY SCHOOL",70,5,276,2,353,0,353,1.41643059490085,19.8300283286119,78.1869688385269,0.56657223796034,0,-65,-271,"Musila","2"
"068","MWINGI WEST","15068033807603","MIGWANI A.I.C PRIMARY SCHOOL",52,4,288,0,347,3,344,1.16279069767442,15.1162790697674,83.7209302325581,0,0.864553314121038,-48,-284,"Musila","2"
"068","MWINGI WEST","15068033807701","MIGWANI D.E.B PRIMARY SCHOOL",120,1,87,0,210,2,208,0.480769230769231,57.6923076923077,41.8269230769231,0,0.952380952380952,-119,-86,"Malombe","3"
"068","MWINGI WEST","15068033807801","ITOLONI PRIMARY SCHOOL",33,7,288,0,334,6,328,2.13414634146341,10.0609756097561,87.8048780487805,0,1.79640718562874,-26,-281,"Musila","2"
"068","MWINGI WEST","15068033807901","KAVALYANI PRIMARY SCHOOL",54,4,340,1,403,4,399,1.00250626566416,13.5338345864662,85.2130325814536,0.25062656641604,0.992555831265509,-50,-336,"Musila","2"
"068","MWINGI WEST","15068033808001","KAMUTISYA PRIMARY SCHOOL",15,3,262,0,283,3,280,1.07142857142857,5.35714285714286,93.5714285714286,0,1.06007067137809,-12,-259,"Musila","2"
"068","MWINGI WEST","15068033808002","KAMUTISYA PRIMARY SCHOOL",14,3,248,0,267,2,265,1.13207547169811,5.28301886792453,93.5849056603774,0,0.749063670411985,-11,-245,"Musila","2"
"068","MWINGI WEST","15068033808101","KANG'UUTHENI PRIMARY SCHOOL",37,4,154,0,198,3,195,2.05128205128205,18.974358974359,78.974358974359,0,1.51515151515152,-33,-150,"Musila","3"
"068","MWINGI WEST","15068033808201","NZATANI PRIMARY SCHOOL",26,8,336,1,373,2,371,2.15633423180593,7.00808625336927,90.5660377358491,0.269541778975741,0.536193029490617,-18,-328,"Musila","2"
"068","MWINGI WEST","15068033808301","KANYUUNI PRIMARY SCHOOL",22,0,199,1,224,2,222,0,9.90990990990991,89.6396396396396,0.45045045045045,0.892857142857143,-22,-199,"Musila","2"
"068","MWINGI WEST","15068033808401","KALUU PRIMARY SCHOOL",20,1,146,0,167,0,167,0.598802395209581,11.9760479041916,87.4251497005988,0,0,-19,-145,"Musila","3"
"068","MWINGI WEST","15068033808501","NGONI PRIMARY SCHOOL",8,5,76,0,90,1,89,5.61797752808989,8.98876404494382,85.3932584269663,0,1.11111111111111,-3,-71,"Musila","3"
"068","MWINGI WEST","15068033808601","ILALAMBYU PRIMARY SCHOOL",11,6,226,0,244,1,243,2.46913580246914,4.52674897119342,93.0041152263374,0,0.409836065573771,-5,-220,"Musila","2"
"068","MWINGI WEST","15068033808701","MUNG'ALU PRIMARY SCHOOL",14,2,211,0,232,5,227,0.881057268722467,6.16740088105727,92.9515418502203,0,2.1551724137931,-12,-209,"Musila","2"
"068","MWINGI WEST","15068033808801","KAMUTUNGU PRIMARY SCHOOL",9,3,154,0,166,0,166,1.80722891566265,5.42168674698795,92.7710843373494,0,0,-6,-151,"Musila","3"
"068","MWINGI WEST","15068033808901","NZELUNI PRIMARY SCHOOL",48,6,278,0,335,3,332,1.80722891566265,14.4578313253012,83.7349397590361,0,0.895522388059702,-42,-272,"Musila","2"
"068","MWINGI WEST","15068033809001","MUTHUNZUU PRIMARY SCHOOL",6,2,48,0,56,0,56,3.57142857142857,10.7142857142857,85.7142857142857,0,0,-4,-46,"Musila","3"
"068","MWINGI WEST","15068033809101","KWA KYELU PRIMARY SCHOOL",10,2,129,1,142,0,142,1.40845070422535,7.04225352112676,90.8450704225352,0.704225352112676,0,-8,-127,"Musila","3"
"068","MWINGI WEST","15068033809201","KILUNGU PRIMARY SCHOOL",14,3,188,0,205,0,205,1.46341463414634,6.82926829268293,91.7073170731707,0,0,-11,-185,"Musila","3"
"068","MWINGI WEST","15068033809301","KATALWA PRIMARY SCHOOL",16,3,181,0,200,0,200,1.5,8,90.5,0,0,-13,-178,"Musila","3"
"068","MWINGI WEST","15068033809401","MUTWAATHI PRIMARY SCHOOL",32,3,179,1,220,5,215,1.3953488372093,14.8837209302326,83.2558139534884,0.465116279069767,2.27272727272727,-29,-176,"Musila","3"
"068","MWINGI WEST","15068033809501","MUNYANGE PRIMARY SCHOOL",9,3,104,0,116,0,116,2.58620689655172,7.75862068965517,89.6551724137931,0,0,-6,-101,"Musila","3"
"068","MWINGI WEST","15068033809601","NZALAE PRIMARY SCHOOL",12,0,92,0,104,0,104,0,11.5384615384615,88.4615384615385,0,0,-12,-92,"Musila","3"
"068","MWINGI WEST","15068033809701","NGULUMA PRIMARY SCHOOL",18,2,9,1,31,1,30,6.66666666666667,60,30,3.33333333333333,3.2258064516129,-16,-7,"Malombe","3"
"068","MWINGI WEST","15068033809801","MUMBUNI PRIMARY SCHOOL",58,17,258,1,336,2,334,5.08982035928144,17.3652694610778,77.2455089820359,0.29940119760479,0.595238095238095,-41,-241,"Musila","2"
"068","MWINGI WEST","15068033809802","MUMBUNI PRIMARY SCHOOL",61,10,277,2,351,1,350,2.85714285714286,17.4285714285714,79.1428571428572,0.571428571428571,0.284900284900285,-51,-267,"Musila","2"
"068","MWINGI WEST","15068033809901","KISUNGULA PRIMARY SCHOOL",23,1,137,0,162,1,161,0.62111801242236,14.2857142857143,85.0931677018634,0,0.617283950617284,-22,-136,"Musila","3"
"068","MWINGI WEST","15068033810001","KISOVO PRIMARY SCHOOL",66,5,246,2,321,2,319,1.56739811912226,20.6896551724138,77.115987460815,0.626959247648903,0.623052959501558,-61,-241,"Musila","2"
"068","MWINGI WEST","15068033810101","KILULU PRIMARY SCHOOL",19,2,158,0,179,0,179,1.11731843575419,10.6145251396648,88.268156424581,0,0,-17,-156,"Musila","3"
"068","MWINGI WEST","15068033810201","MATHUMA PRIMARY SCHOOL",25,2,134,1,163,1,162,1.23456790123457,15.4320987654321,82.7160493827161,0.617283950617284,0.613496932515337,-23,-132,"Musila","3"
"068","MWINGI WEST","15068033810301","ITHENG'ELI PRIMARY SCHOOL",13,2,180,0,195,0,195,1.02564102564103,6.66666666666667,92.3076923076923,0,0,-11,-178,"Musila","3"
"068","MWINGI WEST","15068033810401","MUSOLA PRIMARY SCHOOL",11,2,90,0,106,3,103,1.94174757281553,10.6796116504854,87.378640776699,0,2.83018867924528,-9,-88,"Musila","3"
"068","MWINGI WEST","15068033810501","KING'OINI PRIMARY SCHOOL",2,0,5,0,7,0,7,0,28.5714285714286,71.4285714285714,0,0,-2,-5,"Musila","3"
"068","MWINGI WEST","15068033810601","IKENA MWAKI NURSARY SCHOOL",21,3,87,1,112,0,112,2.67857142857143,18.75,77.6785714285714,0.892857142857143,0,-18,-84,"Musila","3"
"068","MWINGI WEST","15068033814201","MWANZENGE PRIMARY SCHOOL",9,1,71,0,81,0,81,1.23456790123457,11.1111111111111,87.6543209876543,0,0,-8,-70,"Musila","3"
"068","MWINGI WEST","15068033910701","KAIRUNGU PRIMARY SCHOOL",74,38,246,0,359,1,358,10.6145251396648,20.6703910614525,68.7150837988827,0,0.278551532033426,-36,-208,"Musila","2"
"068","MWINGI WEST","15068033910801","KAKONGO PRIMARY SCHOOL",86,5,144,0,241,6,235,2.12765957446809,36.5957446808511,61.2765957446808,0,2.4896265560166,-81,-139,"Musila","2"
"068","MWINGI WEST","15068033910802","KAKONGO PRIMARY SCHOOL",65,6,153,1,230,5,225,2.66666666666667,28.8888888888889,68,0.444444444444444,2.17391304347826,-59,-147,"Musila","2"
"068","MWINGI WEST","15068033910901","ITILIKU PRIMARY SCHOOL",111,7,217,1,340,4,336,2.08333333333333,33.0357142857143,64.5833333333333,0.297619047619048,1.17647058823529,-104,-210,"Musila","2"
"068","MWINGI WEST","15068033911001","ITONG'OLANI PRIMARY SCHOOL",114,6,110,1,232,1,231,2.5974025974026,49.3506493506493,47.6190476190476,0.432900432900433,0.431034482758621,-108,-104,"Malombe","2"
"068","MWINGI WEST","15068033911101","MUSONOKE PRIMARY SCHOOL",14,2,103,0,119,0,119,1.68067226890756,11.7647058823529,86.5546218487395,0,0,-12,-101,"Musila","3"
"068","MWINGI WEST","15068033911201","MALATANI PRIMARY SCHOOL",21,1,71,0,95,2,93,1.0752688172043,22.5806451612903,76.3440860215054,0,2.10526315789474,-20,-70,"Musila","3"
"068","MWINGI WEST","15068033911301","NGEMINI PRIMARY SCHOOL",14,4,64,0,83,1,82,4.8780487804878,17.0731707317073,78.0487804878049,0,1.20481927710843,-10,-60,"Musila","3"
"068","MWINGI WEST","15068033911401","KIANZIANI PRIMARY SCHOOL",32,1,83,0,116,0,116,0.862068965517241,27.5862068965517,71.551724137931,0,0,-31,-82,"Musila","3"
"068","MWINGI WEST","15068033911501","NEGYANI PRIMARY SCHOOL",8,0,81,0,89,0,89,0,8.98876404494382,91.0112359550562,0,0,-8,-81,"Musila","3"
"068","MWINGI WEST","15068033911601","MBONDONI PRIMARY SCHOOL",71,5,188,1,265,0,265,1.88679245283019,26.7924528301887,70.9433962264151,0.377358490566038,0,-66,-183,"Musila","2"
"068","MWINGI WEST","15068033911602","MBONDONI PRIMARY SCHOOL",69,7,174,2,256,4,252,2.77777777777778,27.3809523809524,69.0476190476191,0.793650793650794,1.5625,-62,-167,"Musila","2"
"068","MWINGI WEST","15068033911603","MBONDONI PRIMARY SCHOOL",64,5,198,1,276,8,268,1.86567164179104,23.8805970149254,73.8805970149254,0.373134328358209,2.89855072463768,-59,-193,"Musila","2"
"068","MWINGI WEST","15068033911701","UVAITA PRIMARY SCHOOL",92,7,117,2,219,1,218,3.21100917431193,42.2018348623853,53.6697247706422,0.917431192660551,0.45662100456621,-85,-110,"Musila","2"
"068","MWINGI WEST","15068033911801","KIOMO PRIMARY SCHOOL",74,9,259,0,345,3,342,2.63157894736842,21.6374269005848,75.7309941520468,0,0.869565217391304,-65,-250,"Musila","2"
"068","MWINGI WEST","15068033911802","KIOMO PRIMARY SCHOOL",61,13,268,2,347,3,344,3.77906976744186,17.7325581395349,77.9069767441861,0.581395348837209,0.864553314121038,-48,-255,"Musila","2"
"068","MWINGI WEST","15068033911901","MULILUNI PRIMARY SCHOOL",46,3,154,3,208,2,206,1.45631067961165,22.3300970873786,74.7572815533981,1.45631067961165,0.961538461538462,-43,-151,"Musila","3"
"068","MWINGI WEST","15068033912001","MUKUTHU PRIMARY SCHOOL",90,3,91,1,186,1,185,1.62162162162162,48.6486486486487,49.1891891891892,0.540540540540541,0.537634408602151,-87,-88,"Musila","3"
"068","MWINGI WEST","15068033912101","KWA MUNYANZU PRIMARY SCHOOL",34,4,165,0,204,1,203,1.97044334975369,16.7487684729064,81.2807881773399,0,0.490196078431373,-30,-161,"Musila","3"
"068","MWINGI WEST","15068033912201","NZILANI PRIMARY SCHOOL",52,3,66,0,122,1,121,2.47933884297521,42.9752066115703,54.5454545454545,0,0.819672131147541,-49,-63,"Musila","3"
"068","MWINGI WEST","15068033912301","KYETHANI PRIMARY SCHOOL",113,3,129,0,255,10,245,1.22448979591837,46.1224489795918,52.6530612244898,0,3.92156862745098,-110,-126,"Musila","2"
"068","MWINGI WEST","15068033912302","KYETHANI PRIMARY SCHOOL",92,6,154,1,254,1,253,2.37154150197628,36.3636363636364,60.8695652173913,0.395256916996047,0.393700787401575,-86,-148,"Musila","2"
"068","MWINGI WEST","15068033912401","ITENDEU PRIMARY SCHOOL",58,3,209,1,272,1,271,1.1070110701107,21.4022140221402,77.1217712177122,0.3690036900369,0.367647058823529,-55,-206,"Musila","2"
"068","MWINGI WEST","15068033912501","KOLIANI PRIMARY SCHOOL",29,3,88,0,121,1,120,2.5,24.1666666666667,73.3333333333333,0,0.826446280991736,-26,-85,"Musila","3"
"068","MWINGI WEST","15068033912601","WIKITHUKI PRIMARY SCHOOL",49,4,246,2,303,2,301,1.32890365448505,16.2790697674419,81.7275747508306,0.664451827242525,0.66006600660066,-45,-242,"Musila","2"
"068","MWINGI WEST","15068033912701","NZAAIKU PRIMARY SCHOOL",54,0,131,0,187,2,185,0,29.1891891891892,70.8108108108108,0,1.06951871657754,-54,-131,"Musila","3"
"068","MWINGI WEST","15068033912801","WIMBONDO PRIMARY SCHOOL",49,3,151,1,206,2,204,1.47058823529412,24.0196078431373,74.0196078431373,0.490196078431373,0.970873786407767,-46,-148,"Musila","3"
"068","MWINGI WEST","15068033912901","KAMANDIKO PRIMARY SCHOOL",34,3,47,0,84,0,84,3.57142857142857,40.4761904761905,55.952380952381,0,0,-31,-44,"Musila","3"
"068","MWINGI WEST","15068033913001","KARURA PRIMARY SCHOOL",100,4,89,1,194,0,194,2.06185567010309,51.5463917525773,45.8762886597938,0.515463917525773,0,-96,-85,"Malombe","3"
"068","MWINGI WEST","15068033913101","MULATA UTUNDA PRIMARY SCHOOL",69,3,126,0,200,2,198,1.51515151515152,34.8484848484849,63.6363636363636,0,1,-66,-123,"Musila","3"
"068","MWINGI WEST","15068033913201","MAKUTANO PRIMARY SCHOOL",78,2,34,0,115,1,114,1.75438596491228,68.4210526315789,29.8245614035088,0,0.869565217391304,-76,-32,"Malombe","3"
"068","MWINGI WEST","15068033913301","KAVUVWANI PRIMARY SCHOOL",40,6,238,3,289,2,287,2.09059233449477,13.9372822299652,82.9268292682927,1.04529616724739,0.69204152249135,-34,-232,"Musila","2"
"068","MWINGI WEST","15068033913401","TYAA PRIMARY SCHOOL",16,14,88,0,118,0,118,11.864406779661,13.5593220338983,74.5762711864407,0,0,-2,-74,"Musila","3"
"068","MWINGI WEST","15068033913501","MISAI PRIMARY SCHOOL",5,1,118,0,124,0,124,0.806451612903226,4.03225806451613,95.1612903225807,0,0,-4,-117,"Musila","3"
"068","MWINGI WEST","15068033913601","KAVUONI PRIMARY SCHOOL",49,3,250,0,302,0,302,0.993377483443709,16.2251655629139,82.7814569536424,0,0,-46,-247,"Musila","2"
"068","MWINGI WEST","15068033913701","TULIMANI PRIMARY SCHOOL",29,5,75,0,114,5,109,4.58715596330275,26.605504587156,68.8073394495413,0,4.3859649122807,-24,-70,"Musila","3"
"068","MWINGI WEST","15068033913801","KATANGA PRIMARY SCHOOL",22,1,60,1,87,3,84,1.19047619047619,26.1904761904762,71.4285714285714,1.19047619047619,3.44827586206897,-21,-59,"Musila","3"
"068","MWINGI WEST","15068033914301","MAVOLONI PRIMARY SCHOOL",6,2,66,0,74,0,74,2.7027027027027,8.10810810810811,89.1891891891892,0,0,-4,-64,"Musila","3"
"068","MWINGI WEST","15068033914401","KWA MUSYA PRIMARY SCHOOL",25,0,23,0,48,0,48,0,52.0833333333333,47.9166666666667,0,0,-25,-23,"Malombe","3"
"69","MWINGI CENTRAL","15069034000101","KAELA SECONDARY SCHOOL",109,1,226,0,337,1,336,0.297619047619048,32.4404761904762,67.2619047619048,0,0.29673590504451,-108,-225,"Musila","2"
"69","MWINGI CENTRAL","15069034000201","KALISASI PRIMARY SCHOOL",124,3,134,0,266,5,261,1.14942528735632,47.5095785440613,51.3409961685824,0,1.8796992481203,-121,-131,"Musila","2"
"69","MWINGI CENTRAL","15069034000202","KALISASI PRIMARY SCHOOL",145,4,128,0,296,19,277,1.44404332129964,52.3465703971119,46.2093862815885,0,6.41891891891892,-141,-124,"Malombe","1"
"69","MWINGI CENTRAL","15069034000301","KAMUNYU PRI. SCH.",234,6,134,2,426,49,377,1.59151193633952,62.0689655172414,35.5437665782493,0.530503978779841,11.5023474178404,-228,-128,"Malombe","1"
"69","MWINGI CENTRAL","15069034000401","KASINA PRIMARY  SCHOOL",117,12,166,2,298,1,297,4.04040404040404,39.3939393939394,55.8922558922559,0.673400673400673,0.335570469798658,-105,-154,"Musila","2"
"69","MWINGI CENTRAL","15069034000402","KASINA PRIMARY  SCHOOL",100,11,138,0,256,7,249,4.41767068273092,40.1606425702811,55.421686746988,0,2.734375,-89,-127,"Musila","2"
"69","MWINGI CENTRAL","15069034000403","KASINA PRIMARY  SCHOOL",82,9,165,1,259,2,257,3.50194552529183,31.9066147859922,64.2023346303502,0.389105058365759,0.772200772200772,-73,-156,"Musila","2"
"69","MWINGI CENTRAL","15069034000501","KATUMBA PRIMARY  SCHOOL",27,0,70,0,98,1,97,0,27.8350515463918,72.1649484536082,0,1.02040816326531,-27,-70,"Musila","3"
"69","MWINGI CENTRAL","15069034000601","KAUSWINI PRIMARY SCHOOL",54,1,166,1,222,0,222,0.45045045045045,24.3243243243243,74.7747747747748,0.45045045045045,0,-53,-165,"Musila","2"
"69","MWINGI CENTRAL","15069034000701","KITINGA PRIMARY SCHOOL",112,3,100,0,249,34,215,1.3953488372093,52.093023255814,46.5116279069767,0,13.6546184738956,-109,-97,"Malombe","1"
"69","MWINGI CENTRAL","15069034000801","MBORU PRIMARY  SCHOOL",97,7,127,1,237,5,232,3.01724137931034,41.8103448275862,54.7413793103448,0.431034482758621,2.10970464135021,-90,-120,"Musila","2"
"69","MWINGI CENTRAL","15069034000802","MBORU PRIMARY  SCHOOL",98,1,125,1,226,1,225,0.444444444444444,43.5555555555556,55.5555555555556,0.444444444444444,0.442477876106195,-97,-124,"Musila","2"
"69","MWINGI CENTRAL","15069034000901","MULANG'A PRI. SCHOOL",68,1,127,0,200,4,196,0.510204081632653,34.6938775510204,64.7959183673469,0,2,-67,-126,"Musila","3"
"69","MWINGI CENTRAL","15069034001001","MUSILA GARDENS",153,9,156,1,321,2,319,2.82131661442006,47.9623824451411,48.9028213166144,0.313479623824451,0.623052959501558,-144,-147,"Musila","2"
"69","MWINGI CENTRAL","15069034001002","MUSILA GARDENS",146,9,156,1,314,2,312,2.88461538461538,46.7948717948718,50,0.32051282051282,0.636942675159236,-137,-147,"Musila","2"
"69","MWINGI CENTRAL","15069034001003","MUSILA GARDENS",135,11,177,0,325,2,323,3.40557275541796,41.7956656346749,54.7987616099071,0,0.615384615384615,-124,-166,"Musila","2"
"69","MWINGI CENTRAL","15069034001004","MUSILA GARDENS",140,14,153,5,312,0,312,4.48717948717949,44.8717948717949,49.0384615384615,1.6025641025641,0,-126,-139,"Musila","2"
"69","MWINGI CENTRAL","15069034001005","MUSILA GARDENS",120,6,157,0,284,1,283,2.12014134275618,42.4028268551237,55.4770318021201,0,0.352112676056338,-114,-151,"Musila","2"
"69","MWINGI CENTRAL","15069034001006","MUSILA GARDENS",141,6,177,3,331,4,327,1.8348623853211,43.1192660550459,54.1284403669725,0.917431192660551,1.20845921450151,-135,-171,"Musila","2"
"69","MWINGI CENTRAL","15069034001007","MUSILA GARDENS",148,5,174,3,333,0,333,1.5015015015015,44.4444444444444,52.2522522522522,0.900900900900901,0,-143,-169,"Musila","2"
"69","MWINGI CENTRAL","15069034001008","MUSILA GARDENS",153,7,165,1,328,2,326,2.14723926380368,46.9325153374233,50.6134969325153,0.306748466257669,0.609756097560976,-146,-158,"Musila","2"
"69","MWINGI CENTRAL","15069034001009","MUSILA GARDENS",149,15,144,2,312,2,310,4.83870967741935,48.0645161290323,46.4516129032258,0.645161290322581,0.641025641025641,-134,-129,"Malombe","2"
"69","MWINGI CENTRAL","15069034001101","MUSUKINI PRIMARY SCHOOL",93,2,131,1,227,0,227,0.881057268722467,40.9691629955947,57.7092511013216,0.440528634361234,0,-91,-129,"Musila","2"
"69","MWINGI CENTRAL","15069034001102","MUSUKINI PRIMARY SCHOOL",90,0,133,1,226,2,224,0,40.1785714285714,59.375,0.446428571428571,0.884955752212389,-90,-133,"Musila","2"
"69","MWINGI CENTRAL","15069034001201","MWINGI YOUTH POLYTECHNIC.",152,4,179,4,342,3,339,1.17994100294985,44.8377581120944,52.8023598820059,1.17994100294985,0.87719298245614,-148,-175,"Musila","2"
"69","MWINGI CENTRAL","15069034001301","SYONGII SECONDARY SCHOOL",102,5,144,1,255,3,252,1.98412698412698,40.4761904761905,57.1428571428571,0.396825396825397,1.17647058823529,-97,-139,"Musila","2"
"69","MWINGI CENTRAL","15069034001401","YANYONGE NURSERY SCHOOL",27,2,53,0,82,0,82,2.4390243902439,32.9268292682927,64.6341463414634,0,0,-25,-51,"Musila","3"
"69","MWINGI CENTRAL","15069034017001","MWINGI SLAUGHTER HOUSE",99,8,107,1,220,5,215,3.72093023255814,46.046511627907,49.7674418604651,0.465116279069767,2.27272727272727,-91,-99,"Musila","2"
"69","MWINGI CENTRAL","15069034017101","ISEE PRIMARY SCHOOL",39,3,55,1,100,2,98,3.06122448979592,39.7959183673469,56.1224489795918,1.02040816326531,2,-36,-52,"Musila","3"
"69","MWINGI CENTRAL","15069034017201","MALEMBWANI ECDE CENTER",39,0,24,0,72,9,63,0,61.9047619047619,38.0952380952381,0,12.5,-39,-24,"Malombe","1"
"69","MWINGI CENTRAL","15069034017301","MWANYANI PRIMARY SCHOOL",34,1,96,1,132,0,132,0.757575757575758,25.7575757575758,72.7272727272727,0.757575757575758,0,-33,-95,"Musila","3"
"69","MWINGI CENTRAL","15069034017401","KISEVENI PRIMARY SCHOOL",61,2,34,1,98,0,98,2.04081632653061,62.2448979591837,34.6938775510204,1.02040816326531,0,-59,-32,"Malombe","3"
"69","MWINGI CENTRAL","15069034101501","ISEKELE PRE-SCHOOL",98,11,61,1,176,5,171,6.4327485380117,57.3099415204678,35.672514619883,0.584795321637427,2.84090909090909,-87,-50,"Malombe","3"
"69","MWINGI CENTRAL","15069034101601","ITHUMBI PRIMARY SCHOOL",273,3,56,0,335,3,332,0.903614457831325,82.2289156626506,16.8674698795181,0,0.895522388059702,-270,-53,"Malombe","2"
"69","MWINGI CENTRAL","15069034101701","KALANGE PRIMARY SCHOOL.",120,1,43,0,165,1,164,0.609756097560976,73.1707317073171,26.219512195122,0,0.606060606060606,-119,-42,"Malombe","3"
"69","MWINGI CENTRAL","15069034101801","KANYUNGA DISPENSARY",90,3,88,0,182,1,181,1.65745856353591,49.7237569060773,48.6187845303867,0,0.549450549450549,-87,-85,"Malombe","3"
"69","MWINGI CENTRAL","15069034101901","KANZANZU PRIMARY SCHOOL",113,4,68,1,186,0,186,2.1505376344086,60.752688172043,36.5591397849462,0.537634408602151,0,-109,-64,"Malombe","3"
"69","MWINGI CENTRAL","15069034102001","KANZUI PRIMARY SCHOOL",241,7,94,1,345,2,343,2.04081632653061,70.2623906705539,27.4052478134111,0.291545189504373,0.579710144927536,-234,-87,"Malombe","2"
"69","MWINGI CENTRAL","15069034102101","KARUNG'A PRIMARY SCHOOL",143,8,127,1,281,2,279,2.8673835125448,51.2544802867383,45.5197132616487,0.3584229390681,0.711743772241993,-135,-119,"Malombe","2"
"69","MWINGI CENTRAL","15069034102201","KASARANI MARKET",223,5,61,0,290,1,289,1.73010380622837,77.1626297577855,21.1072664359862,0,0.344827586206897,-218,-56,"Malombe","2"
"69","MWINGI CENTRAL","15069034102301","KASEVI PRIMARY SCHOOL",211,4,0,84,303,4,299,1.33779264214047,70.5685618729097,0,28.0936454849498,1.32013201320132,-207,4,"Malombe","2"
"69","MWINGI CENTRAL","15069034102401","KASOVONI PRIMARY SCHOOL",135,3,35,1,174,0,174,1.72413793103448,77.5862068965517,20.1149425287356,0.574712643678161,0,-132,-32,"Malombe","3"
"69","MWINGI CENTRAL","15069034102501","KATUVA PRIMARY SCHOOL",83,3,53,0,139,0,139,2.15827338129496,59.7122302158273,38.1294964028777,0,0,-80,-50,"Malombe","3"
"69","MWINGI CENTRAL","15069034102601","KISAMA PRIMARY SCHOOL",154,6,54,0,216,2,214,2.80373831775701,71.9626168224299,25.2336448598131,0,0.925925925925926,-148,-48,"Malombe","2"
"69","MWINGI CENTRAL","15069034102701","KIVOU PRIMARY SCHOOL",59,3,88,1,151,0,151,1.98675496688742,39.0728476821192,58.2781456953642,0.662251655629139,0,-56,-85,"Musila","3"
"69","MWINGI CENTRAL","15069034102801","KIVOU SECONDARY(NDALANI NURSERY)",106,7,91,0,209,5,204,3.43137254901961,51.9607843137255,44.6078431372549,0,2.39234449760766,-99,-84,"Malombe","3"
"69","MWINGI CENTRAL","15069034102901","KWA NZILI PRIMARY SCHOOL",90,15,81,2,198,10,188,7.97872340425532,47.8723404255319,43.0851063829787,1.06382978723404,5.05050505050505,-75,-66,"Malombe","3"
"69","MWINGI CENTRAL","15069034103001","KYANIKA PRIMARY SCHOOL",177,4,128,2,312,1,311,1.28617363344051,56.9131832797428,41.1575562700965,0.643086816720257,0.32051282051282,-173,-124,"Malombe","2"
"69","MWINGI CENTRAL","15069034103101","KYANUNDU ISCKONI PRIMARY",133,10,67,1,213,2,211,4.739336492891,63.0331753554502,31.7535545023697,0.4739336492891,0.938967136150235,-123,-57,"Malombe","3"
"69","MWINGI CENTRAL","15069034103201","MWINGI DICECE",46,3,52,0,102,1,101,2.97029702970297,45.5445544554455,51.4851485148515,0,0.980392156862745,-43,-49,"Musila","3"
"69","MWINGI CENTRAL","15069034103301","MWINGI PRIMARY SCHOOL",168,12,114,2,298,2,296,4.05405405405405,56.7567567567568,38.5135135135135,0.675675675675676,0.671140939597315,-156,-102,"Malombe","2"
"69","MWINGI CENTRAL","15069034103302","MWINGI PRIMARY SCHOOL",153,10,137,0,303,3,300,3.33333333333333,51,45.6666666666667,0,0.99009900990099,-143,-127,"Malombe","2"
"69","MWINGI CENTRAL","15069034103401","MWINGI SECONDARY SCHOOL",104,4,72,1,184,3,181,2.20994475138122,57.4585635359116,39.7790055248619,0.552486187845304,1.6304347826087,-100,-68,"Malombe","3"
"69","MWINGI CENTRAL","15069034103402","MWINGI SECONDARY SCHOOL",107,4,88,0,206,1,205,1.95121951219512,52.1951219512195,42.9268292682927,0,0.485436893203883,-103,-84,"Malombe","3"
"69","MWINGI CENTRAL","15069034103501","MWINGI WHOLE SALE MARKET",129,13,137,2,284,3,281,4.62633451957295,45.9074733096085,48.7544483985765,0.711743772241993,1.05633802816901,-116,-124,"Musila","2"
"69","MWINGI CENTRAL","15069034103601","NDIUNI PRIMARY SCHOOL",64,7,28,0,106,13,93,7.52688172043011,68.8172043010753,30.1075268817204,0,12.2641509433962,-57,-21,"Malombe","1"
"69","MWINGI CENTRAL","15069034103701","NZULI PRIMARY SCHOOL",53,1,52,0,124,18,106,0.943396226415094,50,49.0566037735849,0,14.5161290322581,-52,-51,"Malombe","1"
"69","MWINGI CENTRAL","15069034103801","SYOMIKUKU PRIMARY SCHOOL",253,11,137,3,407,3,404,2.72277227722772,62.6237623762376,33.9108910891089,0.742574257425743,0.737100737100737,-242,-126,"Malombe","2"
"69","MWINGI CENTRAL","15069034103901","THITHA PRIMARY SCHOOL",183,3,60,1,247,0,247,1.21457489878543,74.0890688259109,24.2914979757085,0.404858299595142,0,-180,-57,"Malombe","2"
"69","MWINGI CENTRAL","15069034103902","THITHA PRIMARY SCHOOL",177,3,57,0,243,6,237,1.26582278481013,74.6835443037975,24.0506329113924,0,2.46913580246914,-174,-54,"Malombe","2"
"69","MWINGI CENTRAL","15069034104001","WAASYA PRIMARY SCHOOL",283,7,57,0,350,3,347,2.01729106628242,81.5561959654179,16.4265129682997,0,0.857142857142857,-276,-50,"Malombe","2"
"69","MWINGI CENTRAL","15069034104101","YAMBYU SECONDARY SCHOOL",152,2,36,1,191,0,191,1.04712041884817,79.5811518324607,18.848167539267,0.523560209424084,0,-150,-34,"Malombe","3"
"69","MWINGI CENTRAL","15069034117501","KAVINGASI PRIMARY SCHOOL",102,0,8,2,112,0,112,0,91.0714285714286,7.14285714285714,1.78571428571429,0,-102,-8,"Malombe","3"
"69","MWINGI CENTRAL","15069034117601","KANZOKA PRIMARY SCHOOL",105,1,10,1,118,1,117,0.854700854700855,89.7435897435898,8.54700854700855,0.854700854700855,0.847457627118644,-104,-9,"Malombe","3"
"69","MWINGI CENTRAL","15069034117701","KWA KAKA SHOPPING CENTRE",31,0,20,0,59,8,51,0,60.7843137254902,39.2156862745098,0,13.5593220338983,-31,-20,"Malombe","1"
"69","MWINGI CENTRAL","15069034117801","KALILII ECDE CENTER",68,0,23,2,93,0,93,0,73.1182795698925,24.7311827956989,2.1505376344086,0,-68,-23,"Malombe","3"
"69","MWINGI CENTRAL","15069034117901","KATHANAWANI PRIMARY SCHOOL",20,11,45,0,77,1,76,14.4736842105263,26.3157894736842,59.2105263157895,0,1.2987012987013,-9,-34,"Musila","3"
"69","MWINGI CENTRAL","15069034204201","IVUUSYA PRIMARY SCHOOL",141,4,227,3,383,8,375,1.06666666666667,37.6,60.5333333333333,0.8,2.088772845953,-137,-223,"Musila","2"
"69","MWINGI CENTRAL","15069034204301","KALANGA PRIMARY SCHOOL",52,2,256,2,314,2,312,0.641025641025641,16.6666666666667,82.051282051282,0.641025641025641,0.636942675159236,-50,-254,"Musila","2"
"69","MWINGI CENTRAL","15069034204401","KALULU PRIMARY SCHOOL",103,3,24,2,133,1,132,2.27272727272727,78.030303030303,18.1818181818182,1.51515151515152,0.75187969924812,-100,-21,"Malombe","3"
"69","MWINGI CENTRAL","15069034204501","KAMULALANI PRIMARY SCHOOL",36,3,66,0,116,11,105,2.85714285714286,34.2857142857143,62.8571428571429,0,9.48275862068965,-33,-63,"Musila","1"
"69","MWINGI CENTRAL","15069034204601","KAVISU PRIMARY SCHOOL",168,3,60,1,182,4,178,1.68539325842697,94.3820224719101,33.7078651685393,0.561797752808989,2.1978021978022,-165,-57,"Malombe","3"
"69","MWINGI CENTRAL","15069034204701","KIISU PRIMARY SCHOOL",91,6,39,0,137,1,136,4.41176470588235,66.9117647058823,28.6764705882353,0,0.72992700729927,-85,-33,"Malombe","3"
"69","MWINGI CENTRAL","15069034204801","KIWANZA PRIMARY SCHOOL",48,1,129,1,182,3,179,0.558659217877095,26.8156424581006,72.0670391061452,0.558659217877095,1.64835164835165,-47,-128,"Musila","3"
"69","MWINGI CENTRAL","15069034204901","KWA NGANGA PRIMARY SCHOOL",102,2,36,1,142,1,141,1.41843971631206,72.3404255319149,25.531914893617,0.709219858156028,0.704225352112676,-100,-34,"Malombe","3"
"69","MWINGI CENTRAL","15069034205001","KYALAMOKO  PRIMARY SCHOOL",46,2,73,0,121,0,121,1.65289256198347,38.0165289256198,60.3305785123967,0,0,-44,-71,"Musila","3"
"69","MWINGI CENTRAL","15069034205101","KYANGU PRIMARY SCHOOL",144,8,99,0,253,2,251,3.18725099601594,57.3705179282869,39.4422310756972,0,0.790513833992095,-136,-91,"Malombe","2"
"69","MWINGI CENTRAL","15069034205201","LEVUNI PRIMARY SCHOOL",35,2,33,0,87,17,70,2.85714285714286,50,47.1428571428571,0,19.5402298850575,-33,-31,"Malombe","1"
"69","MWINGI CENTRAL","15069034205301","MAAI PRIMARY SCHOOL",215,0,53,1,296,28,268,0,80.2238805970149,19.7761194029851,0.373134328358209,9.45945945945946,-215,-53,"Malombe","1"
"69","MWINGI CENTRAL","15069034205401","MANDOVE PRIMARY SCHOOL",15,1,81,0,98,1,97,1.03092783505155,15.4639175257732,83.5051546391753,0,1.02040816326531,-14,-80,"Musila","3"
"69","MWINGI CENTRAL","15069034205501","MASAVI PRIMARY SCHOOL",228,3,30,3,266,2,264,1.13636363636364,86.3636363636364,11.3636363636364,1.13636363636364,0.75187969924812,-225,-27,"Malombe","2"
"69","MWINGI CENTRAL","15069034205502","MASAVI PRIMARY SCHOOL",230,1,23,2,257,1,256,0.390625,89.84375,8.984375,0.78125,0.389105058365759,-229,-22,"Malombe","2"
"69","MWINGI CENTRAL","15069034205601","MBOTI PRIMARY SCHOOL",24,1,115,2,146,4,142,0.704225352112676,16.9014084507042,80.9859154929577,1.40845070422535,2.73972602739726,-23,-114,"Musila","3"
"69","MWINGI CENTRAL","15069034205701","MULINDE PRIMARY SCHOOL",86,4,193,1,286,2,284,1.40845070422535,30.2816901408451,67.9577464788732,0.352112676056338,0.699300699300699,-82,-189,"Musila","2"
"69","MWINGI CENTRAL","15069034205801","MUSOVO PRIMARY SCHOOL",100,4,210,3,327,10,317,1.26182965299685,31.5457413249211,66.2460567823344,0.946372239747634,3.05810397553517,-96,-206,"Musila","2"
"69","MWINGI CENTRAL","15069034205901","MUTHUKA PRIMARY SCHOOL",159,8,235,1,405,2,403,1.98511166253102,39.454094292804,58.3126550868486,0.248138957816377,0.493827160493827,-151,-227,"Musila","2"
"69","MWINGI CENTRAL","15069034206101","MWANIA PRIMARY SCHOOL",96,7,89,0,199,7,192,3.64583333333333,50,46.3541666666667,0,3.51758793969849,-89,-82,"Malombe","3"
"69","MWINGI CENTRAL","15069034206201","MWANZELE TRADING CENTER",7,0,16,0,23,0,23,0,30.4347826086957,69.5652173913043,0,0,-7,-16,"Musila","3"
"69","MWINGI CENTRAL","15069034206301","MWASUMA PRIMARY SCHOOL",144,6,39,5,197,3,194,3.09278350515464,74.2268041237113,20.1030927835052,2.57731958762887,1.52284263959391,-138,-33,"Malombe","3"
"69","MWINGI CENTRAL","15069034206401","MYUUNI PRIMARY SCHOOL",147,1,150,1,311,12,299,0.334448160535117,49.1638795986622,50.1672240802676,0.334448160535117,3.85852090032154,-146,-149,"Musila","2"
"69","MWINGI CENTRAL","15069034206501","NDIAMUMO PRIMARY SCHOOL",182,1,21,2,206,0,206,0.485436893203883,88.3495145631068,10.1941747572816,0.970873786407767,0,-181,-20,"Malombe","3"
"69","MWINGI CENTRAL","15069034206601","NGOONI PRIMARY SCHOOL",49,1,51,0,113,12,101,0.99009900990099,48.5148514851485,50.4950495049505,0,10.6194690265487,-48,-50,"Musila","1"
"69","MWINGI CENTRAL","15069034206701","NGUNI HEALTH CENTER",176,11,79,1,305,38,267,4.11985018726592,65.9176029962547,29.5880149812734,0.374531835205993,12.4590163934426,-165,-68,"Malombe","1"
"69","MWINGI CENTRAL","15069034206801","NGUNI PRIMARY SCHOOL",118,8,61,0,204,17,187,4.27807486631016,63.1016042780749,32.620320855615,0,8.33333333333333,-110,-53,"Malombe","1"
"69","MWINGI CENTRAL","15069034206802","NGUNI PRIMARY SCHOOL",112,6,63,1,186,4,182,3.2967032967033,61.5384615384615,34.6153846153846,0.549450549450549,2.1505376344086,-106,-57,"Malombe","3"
"69","MWINGI CENTRAL","15069034206901","NZENGENI PRIMARY SCHOOL",80,2,100,2,184,0,184,1.08695652173913,43.4782608695652,54.3478260869565,1.08695652173913,0,-78,-98,"Musila","3"
"69","MWINGI CENTRAL","15069034207001","NZIKANI PRIMARY SCHOOL",14,0,64,1,79,0,79,0,17.7215189873418,81.0126582278481,1.26582278481013,0,-14,-64,"Musila","3"
"69","MWINGI CENTRAL","15069034207101","NZOUNI PRIMARY SCHOOL",72,4,154,0,254,24,230,1.73913043478261,31.304347826087,66.9565217391304,0,9.44881889763779,-68,-150,"Musila","1"
"69","MWINGI CENTRAL","15069034207102","NZOUNI PRIMARY SCHOOL",70,0,168,1,258,19,239,0,29.2887029288703,70.2928870292887,0.418410041841004,7.36434108527132,-70,-168,"Musila","1"
"69","MWINGI CENTRAL","15069034207201","SOSOMA PRIMARY SCHOOL",59,1,46,1,110,3,107,0.934579439252336,55.1401869158878,42.9906542056075,0.934579439252336,2.72727272727273,-58,-45,"Malombe","3"
"69","MWINGI CENTRAL","15069034207301","SYUMIKU  PRIMARY SCHOOL",64,2,93,3,164,2,162,1.23456790123457,39.5061728395062,57.4074074074074,1.85185185185185,1.21951219512195,-62,-91,"Musila","3"
"69","MWINGI CENTRAL","15069034207401","SYUNOO PRIMARY SCHOOL",74,1,29,1,112,7,105,0.952380952380952,70.4761904761905,27.6190476190476,0.952380952380952,6.25,-73,-28,"Malombe","1"
"69","MWINGI CENTRAL","15069034207501","UKASI PRIMARY SCHOOL",71,2,199,4,283,7,276,0.72463768115942,25.7246376811594,72.1014492753623,1.44927536231884,2.47349823321555,-69,-197,"Musila","2"
"69","MWINGI CENTRAL","15069034207502","UKASI PRIMARY SCHOOL",82,5,236,1,329,5,324,1.54320987654321,25.3086419753086,72.8395061728395,0.308641975308642,1.51975683890578,-77,-231,"Musila","2"
"69","MWINGI CENTRAL","15069034218001","KATUNE PRIMARY SCHOOL",25,0,23,0,55,7,48,0,52.0833333333333,47.9166666666667,0,12.7272727272727,-25,-23,"Malombe","1"
"69","MWINGI CENTRAL","15069034218101","KWA NZILI DEB PRIMARY SCHOOL",23,1,18,0,43,1,42,2.38095238095238,54.7619047619048,42.8571428571429,0,2.32558139534884,-22,-17,"Malombe","3"
"69","MWINGI CENTRAL","15069034218201","ITUNGALI PRIMARY SCHOOL",21,4,12,2,43,4,39,10.2564102564103,53.8461538461538,30.7692307692308,5.12820512820513,9.30232558139535,-17,-8,"Malombe","1"
"69","MWINGI CENTRAL","15069034218301","KAMUMBU PRIMARY SCHOOL",80,2,25,1,109,1,108,1.85185185185185,74.0740740740741,23.1481481481481,0.925925925925926,0.917431192660551,-78,-23,"Malombe","3"
"69","MWINGI CENTRAL","15069034218401","KATHUNGU SHOPPING CENTRE",7,0,14,0,23,2,21,0,33.3333333333333,66.6666666666667,0,8.69565217391304,-7,-14,"Musila","1"
"69","MWINGI CENTRAL","15069034307601","IMWAA PRIMARY SCHOOL.",61,1,44,0,106,0,106,0.943396226415094,57.5471698113208,41.5094339622642,0,0,-60,-43,"Malombe","3"
"69","MWINGI CENTRAL","15069034307701","IMWAMBA PRIMARY  SCHOOL.",58,4,94,1,157,0,157,2.54777070063694,36.9426751592357,59.8726114649682,0.636942675159236,0,-54,-90,"Musila","3"
"69","MWINGI CENTRAL","15069034307801","IVIANI PRIMARY  SCHOOL.",95,3,126,0,226,5,221,1.35746606334842,42.9864253393665,57.0135746606335,0,2.21238938053097,-92,-123,"Musila","2"
"69","MWINGI CENTRAL","15069034307901","KAAI PRIMARY SCHOOL.",115,3,144,0,264,2,262,1.14503816793893,43.8931297709924,54.9618320610687,0,0.757575757575758,-112,-141,"Musila","2"
"69","MWINGI CENTRAL","15069034307902","KAAI PRIMARY SCHOOL.",103,7,135,0,268,23,245,2.85714285714286,42.0408163265306,55.1020408163265,0,8.58208955223881,-96,-128,"Musila","1"
"69","MWINGI CENTRAL","15069034308001","KALALANI PRIMARY SCHOOL.",10,2,25,1,38,0,38,5.26315789473684,26.3157894736842,65.7894736842105,2.63157894736842,0,-8,-23,"Musila","3"
"69","MWINGI CENTRAL","15069034308101","KALESI PRIMARY  SCHOOL.",114,1,100,0,239,24,215,0.465116279069767,53.0232558139535,46.5116279069767,0,10.0418410041841,-113,-99,"Malombe","1"
"69","MWINGI CENTRAL","15069034308201","KAOMBE PRIMARY  SCHOOL.",79,2,94,0,192,17,175,1.14285714285714,45.1428571428571,53.7142857142857,0,8.85416666666667,-77,-92,"Musila","1"
"69","MWINGI CENTRAL","15069034308301","KATHANZE PRIMARY  SCHOOL.",243,11,162,4,420,0,420,2.61904761904762,57.8571428571429,38.5714285714286,0.952380952380952,0,-232,-151,"Malombe","2"
"69","MWINGI CENTRAL","15069034308401","KAVINDU PRIMARY  SCHOOL.",137,1,108,0,246,0,246,0.40650406504065,55.6910569105691,43.9024390243902,0,0,-136,-107,"Malombe","2"
"69","MWINGI CENTRAL","15069034308501","KAVUTI PRIMARY  SCHOOL.",125,4,44,0,174,1,173,2.3121387283237,72.2543352601156,25.4335260115607,0,0.574712643678161,-121,-40,"Malombe","3"
"69","MWINGI CENTRAL","15069034308601","KAWELU PRIMARY SCHOOL",59,5,179,1,244,0,244,2.04918032786885,24.1803278688525,73.3606557377049,0.409836065573771,0,-54,-174,"Musila","2"
"69","MWINGI CENTRAL","15069034308701","KILIKU PRIMARY SCHOOL.",37,2,55,1,96,1,95,2.10526315789474,38.9473684210526,57.8947368421053,1.05263157894737,1.04166666666667,-35,-53,"Musila","3"
"69","MWINGI CENTRAL","15069034308801","KITHITUNI PRIMARY  SCHOOL.",47,4,113,0,164,0,164,2.4390243902439,28.6585365853659,68.9024390243902,0,0,-43,-109,"Musila","3"
"69","MWINGI CENTRAL","15069034308901","KIVUNDUI PRIMARY  SCHOOL",54,1,89,2,146,0,146,0.684931506849315,36.986301369863,60.958904109589,1.36986301369863,0,-53,-88,"Musila","3"
"69","MWINGI CENTRAL","15069034309001","KYANDII PRIMARY  SCHOOL.",15,0,47,0,63,1,62,0,24.1935483870968,75.8064516129032,0,1.58730158730159,-15,-47,"Musila","3"
"69","MWINGI CENTRAL","15069034309101","KYATUNE PRIMARY  SCHOOL.",18,0,59,0,77,0,77,0,23.3766233766234,76.6233766233766,0,0,-18,-59,"Musila","3"
"69","MWINGI CENTRAL","15069034309201","KYUMBE PRIMARY SCHOOL",203,14,98,2,319,2,317,4.41640378548896,64.0378548895899,30.9148264984227,0.630914826498423,0.626959247648903,-189,-84,"Malombe","2"
"69","MWINGI CENTRAL","15069034309301","MATULANI PRIMARY  SCHOOL.",39,5,75,0,119,0,119,4.20168067226891,32.7731092436975,63.0252100840336,0,0,-34,-70,"Musila","3"
"69","MWINGI CENTRAL","15069034309401","MBIA PRIMARY  SCHOOL",35,1,75,0,111,0,111,0.900900900900901,31.5315315315315,67.5675675675676,0,0,-34,-74,"Musila","3"
"69","MWINGI CENTRAL","15069034309501","MITAAVO PRIMARY SCHOOL.",42,2,45,1,91,1,90,2.22222222222222,46.6666666666667,50,1.11111111111111,1.0989010989011,-40,-43,"Musila","3"
"69","MWINGI CENTRAL","15069034309601","MUANGENI PRIMARY  SCHOOL.",112,5,288,1,410,4,406,1.23152709359606,27.5862068965517,70.935960591133,0.246305418719212,0.975609756097561,-107,-283,"Musila","2"
"69","MWINGI CENTRAL","15069034309701","MUTULU PRIMARY  SCHOOL.",84,3,62,0,149,0,149,2.01342281879195,56.3758389261745,41.6107382550336,0,0,-81,-59,"Malombe","3"
"69","MWINGI CENTRAL","15069034309801","MUTUNGA PRIMARY  SCHOOL.",19,1,43,0,66,3,63,1.58730158730159,30.1587301587302,68.2539682539683,0,4.54545454545455,-18,-42,"Musila","3"
"69","MWINGI CENTRAL","15069034309901","MUTYANGOME PRIMARY  SCHOOL.",138,8,307,1,459,5,454,1.76211453744493,30.3964757709251,67.6211453744493,0.220264317180617,1.08932461873638,-130,-299,"Musila","2"
"69","MWINGI CENTRAL","15069034310001","MWALILI PRIMARY SCHOOL.",62,0,28,0,90,0,90,0,68.8888888888889,31.1111111111111,0,0,-62,-28,"Malombe","3"
"69","MWINGI CENTRAL","15069034310101","MWAMBIU PRIIMARY  SCHOOL",137,3,150,0,291,1,290,1.03448275862069,47.2413793103448,51.7241379310345,0,0.343642611683849,-134,-147,"Musila","2"
"69","MWINGI CENTRAL","15069034310201","NDANDINI PRIMARY SCHOOL",61,3,37,2,103,0,103,2.9126213592233,59.2233009708738,35.9223300970874,1.94174757281553,0,-58,-34,"Malombe","3"
"69","MWINGI CENTRAL","15069034310301","NDOLONGWE PRIMARY.",66,1,24,0,92,1,91,1.0989010989011,72.5274725274725,26.3736263736264,0,1.08695652173913,-65,-23,"Malombe","3"
"69","MWINGI CENTRAL","15069034310401","NGANGANI PRIMARY  SCHOOL.",128,4,103,1,239,3,236,1.69491525423729,54.2372881355932,43.6440677966102,0.423728813559322,1.25523012552301,-124,-99,"Malombe","2"
"69","MWINGI CENTRAL","15069034310501","NGIENI PRIMARY  SCHOOL",99,1,82,0,182,0,182,0.549450549450549,54.3956043956044,45.0549450549451,0,0,-98,-81,"Malombe","3"
"69","MWINGI CENTRAL","15069034310601","NGUUENI PRIMARY  SCHOOL",8,0,30,0,38,0,38,0,21.0526315789474,78.9473684210526,0,0,-8,-30,"Musila","3"
"69","MWINGI CENTRAL","15069034310701","NGUUNI PRIMARY SCHOOL.",67,2,114,0,184,1,183,1.09289617486339,36.6120218579235,62.2950819672131,0,0.543478260869565,-65,-112,"Musila","3"
"69","MWINGI CENTRAL","15069034310801","NUU PRIMARY SCHOOL.",227,6,177,2,420,8,412,1.45631067961165,55.0970873786408,42.9611650485437,0.485436893203883,1.9047619047619,-221,-171,"Malombe","2"
"69","MWINGI CENTRAL","15069034310802","NUU PRIMARY SCHOOL.",160,5,112,0,280,3,277,1.80505415162455,57.7617328519856,40.4332129963899,0,1.07142857142857,-155,-107,"Malombe","2"
"69","MWINGI CENTRAL","15069034310901","NYAANI PRIMARY  SCHOOL",198,7,141,0,353,7,346,2.02312138728324,57.2254335260116,40.7514450867052,0,1.98300283286119,-191,-134,"Malombe","2"
"69","MWINGI CENTRAL","15069034311001","NZANZU PRIMARY  SCHOOL.",61,1,51,0,127,14,113,0.884955752212389,53.9823008849557,45.1327433628319,0,11.0236220472441,-60,-50,"Malombe","1"
"69","MWINGI CENTRAL","15069034311101","SYOMAKETHE PRIMARY SCHOOL.",20,2,74,0,96,0,96,2.08333333333333,20.8333333333333,77.0833333333333,0,0,-18,-72,"Musila","3"
"69","MWINGI CENTRAL","15069034311201","TUVAANI PRIMARY SCHOOL.",115,4,60,1,188,8,180,2.22222222222222,63.8888888888889,33.3333333333333,0.555555555555556,4.25531914893617,-111,-56,"Malombe","3"
"69","MWINGI CENTRAL","15069034311301","WANGWIU PRIMARY SCHOOL",18,2,31,0,52,1,51,3.92156862745098,35.2941176470588,60.7843137254902,0,1.92307692307692,-16,-29,"Musila","3"
"69","MWINGI CENTRAL","15069034311401","WINGEMI PRIMARY  SCHOOL.",59,5,120,0,191,7,184,2.71739130434783,32.0652173913043,65.2173913043478,0,3.66492146596859,-54,-115,"Musila","3"
"69","MWINGI CENTRAL","15069034311501","YATW'A PRIMARY  SCHOOL.",102,5,244,5,360,4,356,1.40449438202247,28.6516853932584,68.5393258426966,1.40449438202247,1.11111111111111,-97,-239,"Musila","2"
"69","MWINGI CENTRAL","15069034318501","KAMULUYUNI PRIMARY SCHOOL",22,3,5,1,31,0,31,9.67741935483871,70.9677419354839,16.1290322580645,3.2258064516129,0,-19,-2,"Malombe","3"
"69","MWINGI CENTRAL","15069034318601","NGUKA IMWE PRIMARY SCHOOL",28,2,42,0,74,2,72,2.77777777777778,38.8888888888889,58.3333333333333,0,2.7027027027027,-26,-40,"Musila","3"
"69","MWINGI CENTRAL","15069034318701","KWA MUTILI PRIMARY SCHOOL",13,0,17,0,30,0,30,0,43.3333333333333,56.6666666666667,0,0,-13,-17,"Musila","3"
"69","MWINGI CENTRAL","15069034318801","KAWALA ECDE CENTER",21,1,40,3,65,0,65,1.53846153846154,32.3076923076923,61.5384615384615,4.61538461538462,0,-20,-39,"Musila","3"
"69","MWINGI CENTRAL","15069034411601","KALIKONI PRIMARY  SCHOOL.",46,5,112,0,165,2,163,3.06748466257669,28.2208588957055,68.7116564417178,0,1.21212121212121,-41,-107,"Musila","3"
"69","MWINGI CENTRAL","15069034411701","KALITINI PRIMARY  SCHOOL.",97,8,113,1,220,1,219,3.65296803652968,44.2922374429224,51.5981735159817,0.45662100456621,0.454545454545455,-89,-105,"Musila","2"
"69","MWINGI CENTRAL","15069034411702","KALITINI PRIMARY  SCHOOL.",59,1,112,0,197,25,172,0.581395348837209,34.3023255813954,65.1162790697674,0,12.6903553299492,-58,-111,"Musila","1"
"69","MWINGI CENTRAL","15069034411801","KAMULEWA PRIMARY  SCHOOL.",99,3,216,1,321,2,319,0.940438871473354,31.0344827586207,67.7115987460815,0.313479623824451,0.623052959501558,-96,-213,"Musila","2"
"69","MWINGI CENTRAL","15069034411901","KANGILWA PRIMARY  SCHOOL.",29,2,79,1,111,0,111,1.8018018018018,26.1261261261261,71.1711711711712,0.900900900900901,0,-27,-77,"Musila","3"
"69","MWINGI CENTRAL","15069034412001","KARIOKOR PRIMARY  SCHOOL.",86,4,109,0,199,0,199,2.01005025125628,43.21608040201,54.7738693467337,0,0,-82,-105,"Musila","3"
"69","MWINGI CENTRAL","15069034412101","KATEIKO PRIMARY  SCHOOL.",77,10,109,0,224,28,196,5.10204081632653,39.2857142857143,55.6122448979592,0,12.5,-67,-99,"Musila","1"
"69","MWINGI CENTRAL","15069034412102","KATEIKO PRIMARY  SCHOOL.",88,17,122,3,232,2,230,7.39130434782609,38.2608695652174,53.0434782608696,1.30434782608696,0.862068965517241,-71,-105,"Musila","2"
"69","MWINGI CENTRAL","15069034412201","KATHUMO PRIMARY  SCHOOL.",82,11,132,0,227,2,225,4.88888888888889,36.4444444444444,58.6666666666667,0,0.881057268722467,-71,-121,"Musila","2"
"69","MWINGI CENTRAL","15069034412301","KAVALIKI PRIMARY SCHOOL.",40,7,135,2,185,1,184,3.80434782608696,21.7391304347826,73.3695652173913,1.08695652173913,0.540540540540541,-33,-128,"Musila","3"
"69","MWINGI CENTRAL","15069034412401","KAVOKO PRIMARY  SCHOOL.",30,0,78,0,108,0,108,0,27.7777777777778,72.2222222222222,0,0,-30,-78,"Musila","3"
"69","MWINGI CENTRAL","15069034412501","KIMONGO PRIMARY  SCHOOL.",100,8,143,1,252,0,252,3.17460317460317,39.6825396825397,56.7460317460317,0.396825396825397,0,-92,-135,"Musila","2"
"69","MWINGI CENTRAL","15069034412601","KIRUINI NURSERY SCHOOL.",55,4,18,0,78,1,77,5.19480519480519,71.4285714285714,23.3766233766234,0,1.28205128205128,-51,-14,"Malombe","3"
"69","MWINGI CENTRAL","15069034412701","KIVULA PRIMARY  SCHOOL.",56,6,74,3,140,1,139,4.31654676258993,40.2877697841727,53.2374100719424,2.15827338129496,0.714285714285714,-50,-68,"Musila","3"
"69","MWINGI CENTRAL","15069034412801","KIVYUNI PRIMARY  SCHOOL.",45,1,49,2,99,2,97,1.03092783505155,46.3917525773196,50.5154639175258,2.06185567010309,2.02020202020202,-44,-48,"Musila","3"
"69","MWINGI CENTRAL","15069034412901","KYAMWENZE SECONDARY SCHOOL",46,2,56,1,105,0,105,1.9047619047619,43.8095238095238,53.3333333333333,0.952380952380952,0,-44,-54,"Musila","3"
"69","MWINGI CENTRAL","15069034413001","KYUME PRIMARY  SCHOOL.",199,3,127,2,334,3,331,0.906344410876133,60.1208459214501,38.368580060423,0.604229607250755,0.898203592814371,-196,-124,"Malombe","2"
"69","MWINGI CENTRAL","15069034413101","LUNDI PRIMARY  SCHOOL.",226,8,129,2,368,3,365,2.19178082191781,61.9178082191781,35.3424657534247,0.547945205479452,0.815217391304348,-218,-121,"Malombe","2"
"69","MWINGI CENTRAL","15069034413102","LUNDI PRIMARY  SCHOOL.",204,9,131,2,351,5,346,2.60115606936416,58.9595375722543,37.8612716763006,0.578034682080925,1.42450142450142,-195,-122,"Malombe","2"
"69","MWINGI CENTRAL","15069034413201","MAKUKA NURSERY SCHOOL",20,9,38,0,67,0,67,13.4328358208955,29.8507462686567,56.7164179104478,0,0,-11,-29,"Musila","3"
"69","MWINGI CENTRAL","15069034413301","MATHUKI PRIMARY  SCHOOL.",158,22,82,0,263,1,262,8.3969465648855,60.3053435114504,31.2977099236641,0,0.380228136882129,-136,-60,"Malombe","2"
"69","MWINGI CENTRAL","15069034413302","MATHUKI PRIMARY  SCHOOL.",149,21,78,0,251,3,248,8.46774193548387,60.0806451612903,31.4516129032258,0,1.19521912350598,-128,-57,"Malombe","2"
"69","MWINGI CENTRAL","15069034413401","MUI PRIMARY  SCHOOL.",149,2,98,0,249,0,249,0.803212851405622,59.8393574297189,39.3574297188755,0,0,-147,-96,"Malombe","2"
"69","MWINGI CENTRAL","15069034413402","MUI PRIMARY  SCHOOL.",154,4,94,0,252,0,252,1.58730158730159,61.1111111111111,37.3015873015873,0,0,-150,-90,"Malombe","2"
"69","MWINGI CENTRAL","15069034413501","MUNYUNI PRIMARY  SCHOOL.",143,2,100,0,246,1,245,0.816326530612245,58.3673469387755,40.8163265306122,0,0.40650406504065,-141,-98,"Malombe","2"
"69","MWINGI CENTRAL","15069034413502","MUNYUNI PRIMARY  SCHOOL.",139,0,117,1,259,2,257,0,54.0856031128405,45.5252918287938,0.389105058365759,0.772200772200772,-139,-117,"Malombe","2"
"69","MWINGI CENTRAL","15069034413601","MUSOKANI PRIMARY SCHOOL",22,4,40,1,67,0,67,5.97014925373134,32.8358208955224,59.7014925373134,1.49253731343284,0,-18,-36,"Musila","3"
"69","MWINGI CENTRAL","15069034413701","MWAMBUNI PRIMARY  SCHOOL.",32,1,96,1,130,0,130,0.769230769230769,24.6153846153846,73.8461538461539,0.769230769230769,0,-31,-95,"Musila","3"
"69","MWINGI CENTRAL","15069034413801","NDUVANI PRIMARY  SCHOOL.",46,4,196,2,251,3,248,1.61290322580645,18.5483870967742,79.0322580645161,0.806451612903226,1.19521912350598,-42,-192,"Musila","2"
"69","MWINGI CENTRAL","15069034413901","NGAA PRIMARY   SCHOOL.",77,5,71,0,153,0,153,3.26797385620915,50.3267973856209,46.4052287581699,0,0,-72,-66,"Malombe","3"
"69","MWINGI CENTRAL","15069034414001","NGILUNI PRIMARY  SCHOOL.",36,3,123,0,162,0,162,1.85185185185185,22.2222222222222,75.9259259259259,0,0,-33,-120,"Musila","3"
"69","MWINGI CENTRAL","15069034414101","NZAMANI PRIMARY  SCHOOL",48,3,42,0,105,12,93,3.2258064516129,51.6129032258064,45.1612903225806,0,11.4285714285714,-45,-39,"Malombe","1"
"69","MWINGI CENTRAL","15069034414201","NZIA PRIMARY  SCHOOL.",52,3,74,0,129,0,129,2.32558139534884,40.3100775193798,57.3643410852713,0,0,-49,-71,"Musila","3"
"69","MWINGI CENTRAL","15069034414301","YUMBU PRIMARY  SCHOOL.",114,7,225,2,351,3,348,2.01149425287356,32.7586206896552,64.6551724137931,0.574712643678161,0.854700854700855,-107,-218,"Musila","2"
"69","MWINGI CENTRAL","15069034418901","ULAA PRIMARY SCHOOL",37,0,27,0,72,8,64,0,57.8125,42.1875,0,11.1111111111111,-37,-27,"Malombe","1"
"69","MWINGI CENTRAL","15069034419001","KWA MWENGA PRIMARY SCHOOL",8,1,64,0,74,1,73,1.36986301369863,10.958904109589,87.6712328767123,0,1.35135135135135,-7,-63,"Musila","3"
"69","MWINGI CENTRAL","15069034419101","MBALYU PRIMARY SCHOOL",25,1,74,0,102,2,100,1,25,74,0,1.96078431372549,-24,-73,"Musila","3"
"69","MWINGI CENTRAL","15069034514401","YUMBE PRIMARY SCHOOL",132,2,23,0,157,0,157,1.27388535031847,84.0764331210191,14.6496815286624,0,0,-130,-21,"Malombe","3"
"69","MWINGI CENTRAL","15069034514501","ENZIU PRIMARY SCHOOL",50,5,74,0,162,16,146,3.42465753424658,34.2465753424658,50.6849315068493,0,9.87654320987654,-45,-69,"Musila","1"
"69","MWINGI CENTRAL","15069034514601","ENZIU SECONDARY SCHOOL",91,5,110,3,215,6,209,2.39234449760766,43.5406698564593,52.6315789473684,1.43540669856459,2.7906976744186,-86,-105,"Musila","3"
"69","MWINGI CENTRAL","15069034514701","IKUUSYA PRIMARY SCHOOL",166,5,191,1,365,2,363,1.37741046831956,45.7300275482094,52.6170798898072,0.275482093663912,0.547945205479452,-161,-186,"Musila","2"
"69","MWINGI CENTRAL","15069034514801","KANGUTHA PRIMARY SCHOOL",65,11,68,3,151,2,149,7.38255033557047,43.6241610738255,45.6375838926174,2.01342281879195,1.32450331125828,-54,-57,"Musila","3"
"69","MWINGI CENTRAL","15069034514901","KATHOKA PRIMARY SCHOOL",80,2,60,3,147,2,145,1.37931034482759,55.1724137931034,41.3793103448276,2.06896551724138,1.36054421768707,-78,-58,"Malombe","3"
"69","MWINGI CENTRAL","15069034515001","KATULUNI PRIMARY SCHOOL",151,2,65,2,221,1,220,0.909090909090909,68.6363636363636,29.5454545454545,0.909090909090909,0.452488687782805,-149,-63,"Malombe","2"
"69","MWINGI CENTRAL","15069034515101","KAUNGUNI PRIMARY SCHOOL",74,5,179,4,262,0,262,1.90839694656489,28.2442748091603,68.3206106870229,1.52671755725191,0,-69,-174,"Musila","2"
"69","MWINGI CENTRAL","15069034515201","KISOLE PRIMARY SCHOOL",216,2,30,2,251,1,250,0.8,86.4,12,0.8,0.398406374501992,-214,-28,"Malombe","2"
"69","MWINGI CENTRAL","15069034515301","KIVUI PRIMARY SCHOOL",112,3,147,11,277,4,273,1.0989010989011,41.025641025641,53.8461538461538,4.02930402930403,1.44404332129964,-109,-144,"Musila","2"
"69","MWINGI CENTRAL","15069034515401","KYAMBAA PRIMARY SCHOOL",62,3,36,0,101,0,101,2.97029702970297,61.3861386138614,35.6435643564356,0,0,-59,-33,"Malombe","3"
"69","MWINGI CENTRAL","15069034515501","KYANDOA PRIMARY SCHOOL",88,0,29,2,119,0,119,0,73.9495798319328,24.3697478991597,1.68067226890756,0,-88,-29,"Malombe","3"
"69","MWINGI CENTRAL","15069034515601","KYULUNGW'A PRIMARY SCHOOL",161,3,82,0,257,11,246,1.21951219512195,65.4471544715447,33.3333333333333,0,4.28015564202335,-158,-79,"Malombe","2"
"69","MWINGI CENTRAL","15069034515602","KYULUNGW'A PRIMARY SCHOOL",160,1,76,2,242,3,239,0.418410041841004,66.9456066945607,31.7991631799163,0.836820083682008,1.2396694214876,-159,-75,"Malombe","2"
"69","MWINGI CENTRAL","15069034515701","MALIONI PRIMARY SCHOOL",189,10,100,1,300,0,300,3.33333333333333,63,33.3333333333333,0.333333333333333,0,-179,-90,"Malombe","2"
"69","MWINGI CENTRAL","15069034515801","MAONGOA PRIMARY SCHOOL",138,0,46,1,186,1,185,0,74.5945945945946,24.8648648648649,0.540540540540541,0.537634408602151,-138,-46,"Malombe","3"
"69","MWINGI CENTRAL","15069034515901","MUNGUU PRIMARY SCHOOL",242,2,55,0,301,2,299,0.668896321070234,80.9364548494983,18.3946488294314,0,0.664451827242525,-240,-53,"Malombe","2"
"69","MWINGI CENTRAL","15069034516001","MUONO PRIMARY SCHOOL",62,2,66,3,333,0,333,0.600600600600601,18.6186186186186,19.8198198198198,0.900900900900901,0,-60,-64,"Musila","2"
"69","MWINGI CENTRAL","15069034516101","MURUANA PRIMARY SCHOOL",68,2,70,0,140,0,140,1.42857142857143,48.5714285714286,50,0,0,-66,-68,"Musila","3"
"69","MWINGI CENTRAL","15069034516201","MWAMBUI PRIMARY SCHOOL",230,5,25,0,261,1,260,1.92307692307692,88.4615384615385,9.61538461538462,0,0.383141762452107,-225,-20,"Malombe","2"
"69","MWINGI CENTRAL","15069034516301","NDAUNI PRIMARY SCHOOL",107,3,92,3,210,5,205,1.46341463414634,52.1951219512195,44.8780487804878,1.46341463414634,2.38095238095238,-104,-89,"Malombe","3"
"69","MWINGI CENTRAL","15069034516302","NDAUNI PRIMARY SCHOOL",119,7,77,0,205,2,203,3.44827586206897,58.6206896551724,37.9310344827586,0,0.975609756097561,-112,-70,"Malombe","3"
"69","MWINGI CENTRAL","15069034516401","NDIANI PRIMARY SCHOOL",52,1,24,2,79,0,79,1.26582278481013,65.8227848101266,30.379746835443,2.53164556962025,0,-51,-23,"Malombe","3"
"69","MWINGI CENTRAL","15069034516501","NDITHI PRIMARY SCHOOL",203,3,54,2,262,0,262,1.14503816793893,77.4809160305344,20.6106870229008,0.763358778625954,0,-200,-51,"Malombe","2"
"69","MWINGI CENTRAL","15069034516601","NYANYAA PRIMARY SCHOOL",259,4,44,1,310,2,308,1.2987012987013,84.0909090909091,14.2857142857143,0.324675324675325,0.645161290322581,-255,-40,"Malombe","2"
"69","MWINGI CENTRAL","15069034516701","THONOA PRIMARY SCHOOL",92,0,17,0,110,1,109,0,84.4036697247707,15.5963302752294,0,0.909090909090909,-92,-17,"Malombe","3"
"69","MWINGI CENTRAL","15069034516801","UVATI PRIMARY SCHOOL",64,4,54,1,131,1,130,3.07692307692308,49.2307692307692,41.5384615384615,0.769230769230769,0.763358778625954,-60,-50,"Malombe","3"
"69","MWINGI CENTRAL","15069034516901","WAITA PRIMARY SCHOOL",244,5,61,1,314,3,311,1.60771704180064,78.4565916398714,19.6141479099678,0.321543408360129,0.955414012738854,-239,-56,"Malombe","2"
"69","MWINGI CENTRAL","15069034516902","WAITA PRIMARY SCHOOL",251,2,73,1,328,1,327,0.611620795107034,76.7584097859327,22.3241590214067,0.305810397553517,0.304878048780488,-249,-71,"Malombe","2"
"69","MWINGI CENTRAL","15069034519201","NENGYANI PRIMARY SCHOOL",50,2,24,0,78,2,76,2.63157894736842,65.7894736842105,31.5789473684211,0,2.56410256410256,-48,-22,"Malombe","3"
"69","MWINGI CENTRAL","15069034519301","MASOKANI ECDE CENTRE",27,0,31,0,63,5,58,0,46.551724137931,53.448275862069,0,7.93650793650794,-27,-31,"Musila","1"
"69","MWINGI CENTRAL","15069034519401","NDANGANI PRIMARY SCHOOL",27,1,35,0,65,1,64,1.5625,42.1875,54.6875,0,1.53846153846154,-26,-34,"Musila","3"
"69","MWINGI CENTRAL","15069034519501","MUTWANGOMBE SECONDARY SCHOOL",36,1,34,0,72,1,71,1.40845070422535,50.7042253521127,47.887323943662,0,1.38888888888889,-35,-33,"Malombe","3"
"070","KITUI WEST","15070034600101","KIATINE PRI SCHOOL",156,14,206,3,381,2,379,3.69393139841689,41.1609498680739,54.353562005277,0.79155672823219,0.5249343832021,-142,-192,"Musila","2"
"070","KITUI WEST","15070034600201","UTOO PRI SCHOOL",219,5,233,1,461,3,458,1.09170305676856,47.8165938864629,50.8733624454148,0.218340611353712,0.650759219088937,-214,-228,"Musila","2"
"070","KITUI WEST","15070034600301","KITAMWIKI PRI SCHOOL",132,2,108,2,247,3,244,0.819672131147541,54.0983606557377,44.2622950819672,0.819672131147541,1.21457489878543,-130,-106,"Malombe","2"
"070","KITUI WEST","15070034600401","MUTONGUNI PRI SCHOOL",121,8,85,0,218,2,216,3.7037037037037,56.0185185185185,39.3518518518519,0,0.917431192660551,-113,-77,"Malombe","2"
"070","KITUI WEST","15070034600402","MUTONGUNI PRI SCHOOL",106,6,95,2,214,5,209,2.87081339712919,50.7177033492823,45.4545454545455,0.956937799043062,2.33644859813084,-100,-89,"Malombe","3"
"070","KITUI WEST","15070034600501","MWANGYA PRI SCHOOL",119,7,122,2,250,0,250,2.8,47.6,48.8,0.8,0,-112,-115,"Musila","2"
"070","KITUI WEST","15070034600601","NZINIA PRI SCHOOL",99,6,68,1,175,1,174,3.44827586206897,56.8965517241379,39.0804597701149,0.574712643678161,0.571428571428571,-93,-62,"Malombe","3"
"070","KITUI WEST","15070034600701","KYAMUTIMBA PRI SCHOOL",115,12,95,2,224,0,224,5.35714285714286,51.3392857142857,42.4107142857143,0.892857142857143,0,-103,-83,"Malombe","2"
"070","KITUI WEST","15070034600801","KAVONGE PRI SCHOOL",118,7,135,1,266,5,261,2.68199233716475,45.2107279693487,51.7241379310345,0.383141762452107,1.8796992481203,-111,-128,"Musila","2"
"070","KITUI WEST","15070034600901","KITUNDUMO PRI SCHOOL",149,10,99,1,265,6,259,3.86100386100386,57.5289575289575,38.2239382239382,0.386100386100386,2.26415094339623,-139,-89,"Malombe","2"
"070","KITUI WEST","15070034601001","IIANI PRI SCHOOL",78,4,174,0,256,0,256,1.5625,30.46875,67.96875,0,0,-74,-170,"Musila","2"
"070","KITUI WEST","15070034601002","IIANI PRI SCHOOL",78,2,198,0,279,1,278,0.719424460431655,28.0575539568345,71.2230215827338,0,0.3584229390681,-76,-196,"Musila","2"
"070","KITUI WEST","15070034601101","KANGII PRI SCHOOL",107,6,113,0,227,1,226,2.65486725663717,47.3451327433628,50,0,0.440528634361234,-101,-107,"Musila","2"
"070","KITUI WEST","15070034601201","KIVULU PRI SCHOOL",77,3,64,1,147,2,145,2.06896551724138,53.1034482758621,44.1379310344828,0.689655172413793,1.36054421768707,-74,-61,"Malombe","3"
"070","KITUI WEST","15070034601301","KUTHA PRI SCHOOL",119,6,170,3,300,2,298,2.01342281879195,39.9328859060403,57.0469798657718,1.00671140939597,0.666666666666667,-113,-164,"Musila","2"
"070","KITUI WEST","15070034601401","MUSENGO PRI SCHOOL",165,5,138,2,312,2,310,1.61290322580645,53.2258064516129,44.5161290322581,0.645161290322581,0.641025641025641,-160,-133,"Malombe","2"
"070","KITUI WEST","15070034601501","KANGONDI PRI SCHOOL",141,10,154,2,311,4,307,3.25732899022801,45.928338762215,50.1628664495114,0.651465798045603,1.28617363344051,-131,-144,"Musila","2"
"070","KITUI WEST","15070034601601","KIUKUNI PRI SCHOOL",68,7,109,1,186,1,185,3.78378378378378,36.7567567567568,58.9189189189189,0.540540540540541,0.537634408602151,-61,-102,"Musila","3"
"070","KITUI WEST","15070034601701","KAKUMUTI PRI SCHOOL",189,9,61,2,263,2,261,3.44827586206897,72.4137931034483,23.3716475095785,0.766283524904214,0.760456273764259,-180,-52,"Malombe","2"
"070","KITUI WEST","15070034601702","KAKUMUTI PRI SCHOOL",170,8,56,2,237,1,236,3.38983050847458,72.0338983050847,23.728813559322,0.847457627118644,0.421940928270042,-162,-48,"Malombe","2"
"070","KITUI WEST","15070034601801","MUTHALE PRI SCHOOL",159,9,120,2,293,3,290,3.10344827586207,54.8275862068965,41.3793103448276,0.689655172413793,1.02389078498294,-150,-111,"Malombe","2"
"070","KITUI WEST","15070034601901","YALATANI PRI SCHOOL",104,3,75,1,186,3,183,1.63934426229508,56.8306010928962,40.9836065573771,0.546448087431694,1.61290322580645,-101,-72,"Malombe","3"
"070","KITUI WEST","15070034602001","MUTHALE GIRLS SEC SCHOOL",89,4,93,1,189,2,187,2.13903743315508,47.5935828877005,49.7326203208556,0.53475935828877,1.05820105820106,-85,-89,"Musila","3"
"070","KITUI WEST","15070034602101","MISYINI PRI SCHOOL",114,6,71,0,192,1,191,3.1413612565445,59.6858638743455,37.17277486911,0,0.520833333333333,-108,-65,"Malombe","3"
"070","KITUI WEST","15070034602201","MUTONGUNI POLYTECHNIC",81,5,100,0,187,1,186,2.68817204301075,43.5483870967742,53.763440860215,0,0.53475935828877,-76,-95,"Musila","3"
"070","KITUI WEST","15070034602301","KIAMANI PRI SCHOOL",122,10,166,1,300,1,299,3.34448160535117,40.8026755852843,55.5183946488294,0.334448160535117,0.333333333333333,-112,-156,"Musila","2"
"070","KITUI WEST","15070034602401","UKUNI PRI SCHOOL",113,6,104,0,225,2,223,2.69058295964126,50.6726457399103,46.6367713004484,0,0.888888888888889,-107,-98,"Malombe","2"
"070","KITUI WEST","15070034602501","KAKEANI PRI SCHOOL",115,4,104,2,227,2,225,1.77777777777778,51.1111111111111,46.2222222222222,0.888888888888889,0.881057268722467,-111,-100,"Malombe","2"
"070","KITUI WEST","15070034602601","NYUANI PRI SCHOOL",123,6,92,0,221,0,221,2.71493212669683,55.6561085972851,41.6289592760181,0,0,-117,-86,"Malombe","2"
"070","KITUI WEST","15070034602701","MBUINI PRI SCHOOL",124,10,126,0,260,0,260,3.84615384615385,47.6923076923077,48.4615384615385,0,0,-114,-116,"Musila","2"
"070","KITUI WEST","15070034602801","NGONG'U PRI SCHOOL",133,4,88,3,234,6,228,1.75438596491228,58.3333333333333,38.5964912280702,1.31578947368421,2.56410256410256,-129,-84,"Malombe","2"
"070","KITUI WEST","15070034602901","NGUUNI PRI SCHOOL",73,5,64,3,149,4,145,3.44827586206897,50.3448275862069,44.1379310344828,2.06896551724138,2.68456375838926,-68,-59,"Malombe","3"
"070","KITUI WEST","15070034603001","NGESU PRI SCHOOL",127,3,79,1,210,0,210,1.42857142857143,60.4761904761905,37.6190476190476,0.476190476190476,0,-124,-76,"Malombe","3"
"070","KITUI WEST","15070034603101","UVAANI PRI SCHOOL",84,3,134,0,223,2,221,1.35746606334842,38.0090497737557,60.6334841628959,0,0.896860986547085,-81,-131,"Musila","2"
"070","KITUI WEST","15070034603201","KYAMBIWA PRI SCHOOL",75,11,61,0,149,2,147,7.48299319727891,51.0204081632653,41.4965986394558,0,1.34228187919463,-64,-50,"Malombe","3"
"070","KITUI WEST","15070034603301","MUTULU PRI SCHOOL",133,2,96,1,234,2,232,0.862068965517241,57.3275862068966,41.3793103448276,0.431034482758621,0.854700854700855,-131,-94,"Malombe","2"
"070","KITUI WEST","15070034603401","KWA NDONDO PRI SCHOOL",91,3,94,2,191,1,190,1.57894736842105,47.8947368421053,49.4736842105263,1.05263157894737,0.523560209424084,-88,-91,"Musila","3"
"070","KITUI WEST","15070034603501","TULIA PRI SCHOOL",94,4,82,2,183,1,182,2.1978021978022,51.6483516483517,45.0549450549451,1.0989010989011,0.546448087431694,-90,-78,"Malombe","3"
"070","KITUI WEST","15070034603502","TULIA PRI SCHOOL",96,5,77,1,180,1,179,2.79329608938547,53.6312849162011,43.0167597765363,0.558659217877095,0.555555555555556,-91,-72,"Malombe","3"
"070","KITUI WEST","15070034603601","KASUE SEC SCHOOL",94,6,60,2,163,1,162,3.7037037037037,58.0246913580247,37.037037037037,1.23456790123457,0.613496932515337,-88,-54,"Malombe","3"
"070","KITUI WEST","15070034603701","KAUMONI PRI SCHOOL",61,7,98,0,167,1,166,4.21686746987952,36.7469879518072,59.0361445783133,0,0.598802395209581,-54,-91,"Musila","3"
"070","KITUI WEST","15070034603801","MUSENGO SEC SCHOOL",90,7,98,1,197,1,196,3.57142857142857,45.9183673469388,50,0.510204081632653,0.50761421319797,-83,-91,"Musila","3"
"070","KITUI WEST","15070034603901","KWA MUKOO PRI SCHOOL",79,3,38,0,120,0,120,2.5,65.8333333333333,31.6666666666667,0,0,-76,-35,"Malombe","3"
"070","KITUI WEST","15070034604001","IIANI AIC",34,5,52,0,96,5,91,5.49450549450549,37.3626373626374,57.1428571428571,0,5.20833333333333,-29,-47,"Musila","3"
"070","KITUI WEST","15070034604101","KAMUNYU AIC",69,3,71,0,164,21,143,2.0979020979021,48.2517482517483,49.6503496503497,0,12.8048780487805,-66,-68,"Musila","1"
"070","KITUI WEST","15070034604201","KIWANZANI AIC",46,5,56,1,108,0,108,4.62962962962963,42.5925925925926,51.8518518518518,0.925925925925926,0,-41,-51,"Musila","3"
"070","KITUI WEST","15070034604301","KAKEANI SEC SCHOOL",109,13,74,3,202,3,199,6.53266331658291,54.7738693467337,37.1859296482412,1.50753768844221,1.48514851485149,-96,-61,"Malombe","3"
"070","KITUI WEST","15070034604401","MUMBUNI PRI SCHOOL",55,2,42,0,99,0,99,2.02020202020202,55.5555555555556,42.4242424242424,0,0,-53,-40,"Malombe","3"
"070","KITUI WEST","15070034604501","SYOMUTWA PRI SCHOOL",98,3,95,1,198,1,197,1.52284263959391,49.746192893401,48.2233502538071,0.50761421319797,0.505050505050505,-95,-92,"Malombe","3"
"070","KITUI WEST","15070034604601","MAVALO PRI SCHOOL",54,2,94,0,150,0,150,1.33333333333333,36,62.6666666666667,0,0,-52,-92,"Musila","3"
"070","KITUI WEST","15070034604701","MATETA PRE-PRIMARY SCHOOL",79,1,39,2,121,0,121,0.826446280991736,65.2892561983471,32.2314049586777,1.65289256198347,0,-78,-38,"Malombe","3"
"070","KITUI WEST","15070034612601","MWATATE PRI SCHOOL",51,2,27,1,82,1,81,2.46913580246914,62.962962962963,33.3333333333333,1.23456790123457,1.21951219512195,-49,-25,"Malombe","3"
"070","KITUI WEST","15070034612701","KAKUMUTI MIXED DAY SEC SCHOOL",39,9,27,0,76,1,75,12,52,36,0,1.31578947368421,-30,-18,"Malombe","3"
"070","KITUI WEST","15070034704801","KATUTU PRI SCHOOL",220,16,153,1,395,5,390,4.1025641025641,56.4102564102564,39.2307692307692,0.256410256410256,1.26582278481013,-204,-137,"Malombe","2"
"070","KITUI WEST","15070034704802","KATUTU PRI SCHOOL",190,14,109,1,320,6,314,4.45859872611465,60.5095541401274,34.7133757961783,0.318471337579618,1.875,-176,-95,"Malombe","2"
"070","KITUI WEST","15070034704901","EMIVIA PRI SCHOOL",74,5,118,5,205,3,202,2.47524752475248,36.6336633663366,58.4158415841584,2.47524752475248,1.46341463414634,-69,-113,"Musila","3"
"070","KITUI WEST","15070034705001","KATHIANI PRI SCHOOL",98,10,118,3,232,3,229,4.36681222707424,42.7947598253275,51.528384279476,1.31004366812227,1.29310344827586,-88,-108,"Musila","2"
"070","KITUI WEST","15070034705002","KATHIANI PRI SCHOOL",101,5,102,3,213,2,211,2.3696682464455,47.8672985781991,48.3412322274881,1.4218009478673,0.938967136150235,-96,-97,"Musila","3"
"070","KITUI WEST","15070034705101","KATAA PRI SCHOOL",91,6,143,4,244,0,244,2.45901639344262,37.2950819672131,58.6065573770492,1.63934426229508,0,-85,-137,"Musila","2"
"070","KITUI WEST","15070034705201","MUTANDA PRI SCHOOL",169,7,81,0,259,2,257,2.72373540856031,65.7587548638132,31.5175097276265,0,0.772200772200772,-162,-74,"Malombe","2"
"070","KITUI WEST","15070034705202","MUTANDA PRI SCHOOL",139,7,80,3,232,3,229,3.05676855895197,60.6986899563319,34.9344978165939,1.31004366812227,1.29310344827586,-132,-73,"Malombe","2"
"070","KITUI WEST","15070034705301","NGUNGUU AIC",40,4,44,0,88,0,88,4.54545454545455,45.4545454545455,50,0,0,-36,-40,"Musila","3"
"070","KITUI WEST","15070034705401","KWAMWAMBI PRI SCHOOL",194,6,147,2,363,14,349,1.71919770773639,55.5873925501433,42.1203438395415,0.573065902578797,3.85674931129477,-188,-141,"Malombe","2"
"070","KITUI WEST","15070034705501","KIVANI PR SCH",96,5,104,1,207,1,206,2.42718446601942,46.6019417475728,50.4854368932039,0.485436893203883,0.483091787439614,-91,-99,"Musila","3"
"070","KITUI WEST","15070034705601","KANGUNGI PR SCH",127,5,189,3,325,1,324,1.54320987654321,39.1975308641975,58.3333333333333,0.925925925925926,0.307692307692308,-122,-184,"Musila","2"
"070","KITUI WEST","15070034705701","KAUWI PRI SCHOOL",170,15,140,0,334,9,325,4.61538461538462,52.3076923076923,43.0769230769231,0,2.69461077844311,-155,-125,"Malombe","2"
"070","KITUI WEST","15070034705702","KAUWI PRI SCHOOL",153,7,133,0,295,2,293,2.38907849829352,52.2184300341297,45.3924914675768,0,0.677966101694915,-146,-126,"Malombe","2"
"070","KITUI WEST","15070034705703","KAUWI PRI SCHOOL",167,15,141,2,328,3,325,4.61538461538462,51.3846153846154,43.3846153846154,0.615384615384615,0.914634146341463,-152,-126,"Malombe","2"
"070","KITUI WEST","15070034705704","KAUWI PRI SCHOOL",172,11,125,1,310,1,309,3.55987055016181,55.663430420712,40.453074433657,0.323624595469256,0.32258064516129,-161,-114,"Malombe","2"
"070","KITUI WEST","15070034705705","KAUWI PRI SCHOOL",176,14,134,2,329,3,326,4.29447852760736,53.9877300613497,41.1042944785276,0.613496932515337,0.911854103343465,-162,-120,"Malombe","2"
"070","KITUI WEST","15070034705801","KYONDONI PRI SCHOOL",136,10,155,0,401,100,301,3.32225913621263,45.1827242524917,51.4950166112957,0,24.9376558603491,-126,-145,"Musila","1"
"070","KITUI WEST","15070034705901","KALUNI PRI SCHOOL",144,6,138,0,288,0,288,2.08333333333333,50,47.9166666666667,0,0,-138,-132,"Malombe","2"
"070","KITUI WEST","15070034706001","KWA-NYINGI PRI SCHOOL",160,6,114,1,281,0,281,2.13523131672598,56.9395017793594,40.5693950177936,0.355871886120996,0,-154,-108,"Malombe","2"
"070","KITUI WEST","15070034706101","MUTINI PRI SCHOOL",176,2,85,2,267,2,265,0.754716981132076,66.4150943396226,32.0754716981132,0.754716981132076,0.749063670411985,-174,-83,"Malombe","2"
"070","KITUI WEST","15070034706201","KISEVENI PRI SCHOOL",274,6,112,1,398,5,393,1.52671755725191,69.7201017811705,28.498727735369,0.254452926208651,1.25628140703518,-268,-106,"Malombe","2"
"070","KITUI WEST","15070034706301","SANGALA PRI SCHOOL",208,8,92,0,308,0,308,2.5974025974026,67.5324675324675,29.8701298701299,0,0,-200,-84,"Malombe","2"
"070","KITUI WEST","15070034706401","KAVOO PR SCH",41,4,53,3,101,0,101,3.96039603960396,40.5940594059406,52.4752475247525,2.97029702970297,0,-37,-49,"Musila","3"
"070","KITUI WEST","15070034706501","KASUE PR SCH",121,2,77,1,204,3,201,0.995024875621891,60.1990049751244,38.3084577114428,0.497512437810945,1.47058823529412,-119,-75,"Malombe","3"
"070","KITUI WEST","15070034706601","KALINDITI PRI SCHOOL",142,3,86,0,236,5,231,1.2987012987013,61.4718614718615,37.2294372294372,0,2.11864406779661,-139,-83,"Malombe","2"
"070","KITUI WEST","15070034706701","KATHEKA PRI SCHOOL",109,4,42,3,160,2,158,2.53164556962025,68.9873417721519,26.5822784810127,1.89873417721519,1.25,-105,-38,"Malombe","3"
"070","KITUI WEST","15070034706801","MANG'ELU PRI SCHOOL",252,5,27,1,287,2,285,1.75438596491228,88.4210526315789,9.47368421052632,0.350877192982456,0.696864111498258,-247,-22,"Malombe","2"
"070","KITUI WEST","15070034706901","KYENG'E PR SCHOOL",115,3,77,1,236,40,196,1.53061224489796,58.6734693877551,39.2857142857143,0.510204081632653,16.9491525423729,-112,-74,"Malombe","1"
"070","KITUI WEST","15070034707001","KATUTU GIRLS",68,2,39,1,111,1,110,1.81818181818182,61.8181818181818,35.4545454545455,0.909090909090909,0.900900900900901,-66,-37,"Malombe","3"
"070","KITUI WEST","15070034707101","KASAKINI PRI SCHOOL",87,6,76,1,170,0,170,3.52941176470588,51.1764705882353,44.7058823529412,0.588235294117647,0,-81,-70,"Malombe","3"
"070","KITUI WEST","15070034707201","KOMU PRI SCHOOL",93,4,41,0,139,1,138,2.89855072463768,67.3913043478261,29.7101449275362,0,0.719424460431655,-89,-37,"Malombe","3"
"070","KITUI WEST","15070034707301","ST MARKS PRI SCHOOL",209,2,95,0,309,3,306,0.65359477124183,68.3006535947712,31.0457516339869,0,0.970873786407767,-207,-93,"Malombe","2"
"070","KITUI WEST","15070034707401","KYENI PR SCH",130,6,102,2,241,1,240,2.5,54.1666666666667,42.5,0.833333333333333,0.4149377593361,-124,-96,"Malombe","2"
"070","KITUI WEST","15070034707501","KAUMONI PRI SCHOOL",33,2,41,0,76,0,76,2.63157894736842,43.421052631579,53.9473684210526,0,0,-31,-39,"Musila","3"
"070","KITUI WEST","15070034707601","NGENGEKANI PRI SCHOOL",106,6,77,0,189,0,189,3.17460317460317,56.0846560846561,40.7407407407407,0,0,-100,-71,"Malombe","3"
"070","KITUI WEST","15070034707701","MUTHI PRI SCHOOL",71,2,17,1,91,0,91,2.1978021978022,78.021978021978,18.6813186813187,1.0989010989011,0,-69,-15,"Malombe","3"
"070","KITUI WEST","15070034707801","MATINGA PRI SCHOOL",174,1,175,0,370,20,350,0.285714285714286,49.7142857142857,50,0,5.40540540540541,-173,-174,"Musila","2"
"070","KITUI WEST","15070034712801","NZEMELI PRI SCHOOL",31,0,52,0,84,1,83,0,37.3493975903614,62.6506024096386,0,1.19047619047619,-31,-52,"Musila","3"
"070","KITUI WEST","15070034807901","MASEKI  PRI. SCHOOL",249,28,63,2,345,3,342,8.18713450292398,72.8070175438597,18.4210526315789,0.584795321637427,0.869565217391304,-221,-35,"Malombe","2"
"070","KITUI WEST","15070034808001","MATINYANI POLYTECHNIC",236,22,60,2,322,2,320,6.875,73.75,18.75,0.625,0.62111801242236,-214,-38,"Malombe","2"
"070","KITUI WEST","15070034808101","KAUMA PRI. SCHOOL",146,40,60,3,251,2,249,16.0642570281125,58.6345381526104,24.0963855421687,1.20481927710843,0.796812749003984,-106,-20,"Malombe","2"
"070","KITUI WEST","15070034808201","KYENI PRI. SCHOOL",242,16,31,2,291,0,291,5.49828178694158,83.1615120274914,10.6529209621993,0.687285223367698,0,-226,-15,"Malombe","2"
"070","KITUI WEST","15070034808202","KYENI PRI. SCHOOL",215,19,29,1,267,3,264,7.1969696969697,81.4393939393939,10.9848484848485,0.378787878787879,1.12359550561798,-196,-10,"Malombe","2"
"070","KITUI WEST","15070034808301","KAVUMBU PRI. SCHOOL",187,34,29,1,253,2,251,13.5458167330677,74.5019920318725,11.5537848605578,0.398406374501992,0.790513833992095,-153,5,"Malombe","2"
"070","KITUI WEST","15070034808302","KAVUMBU PRI. SCHOOL",182,20,35,1,241,3,238,8.40336134453782,76.4705882352941,14.7058823529412,0.420168067226891,1.2448132780083,-162,-15,"Malombe","2"
"070","KITUI WEST","15070034808401","KATHUMA PRI. SCHOOL",247,25,74,2,352,4,348,7.18390804597701,70.9770114942529,21.264367816092,0.574712643678161,1.13636363636364,-222,-49,"Malombe","2"
"070","KITUI WEST","15070034808501","KIKANGA PRI. SCHOOL",188,20,48,1,262,5,257,7.78210116731517,73.1517509727626,18.6770428015564,0.389105058365759,1.90839694656489,-168,-28,"Malombe","2"
"070","KITUI WEST","15070034808601","MATINYANI D.E.B PRI. SCHOOL",260,20,33,2,316,1,315,6.34920634920635,82.5396825396825,10.4761904761905,0.634920634920635,0.316455696202532,-240,-13,"Malombe","2"
"070","KITUI WEST","15070034808602","MATINYANI D.E.B PRI. SCHOOL",231,13,35,2,285,4,281,4.62633451957295,82.2064056939502,12.4555160142349,0.711743772241993,1.40350877192982,-218,-22,"Malombe","2"
"070","KITUI WEST","15070034808701","MBAVAE PRI. SCHOOL",174,8,26,0,209,1,208,3.84615384615385,83.6538461538462,12.5,0,0.478468899521531,-166,-18,"Malombe","3"
"070","KITUI WEST","15070034808801","MATINYANI A.I.C PRI. SCHOOL",276,19,52,2,351,2,349,5.44412607449857,79.0830945558739,14.8997134670487,0.573065902578797,0.56980056980057,-257,-33,"Malombe","2"
"070","KITUI WEST","15070034808802","MATINYANI A.I.C PRI. SCHOOL",292,12,53,2,363,4,359,3.34261838440111,81.3370473537605,14.7632311977716,0.557103064066852,1.10192837465565,-280,-41,"Malombe","2"
"070","KITUI WEST","15070034808803","MATINYANI A.I.C PRI. SCHOOL",262,13,51,5,334,3,331,3.92749244712991,79.1540785498489,15.4078549848943,1.51057401812689,0.898203592814371,-249,-38,"Malombe","2"
"070","KITUI WEST","15070034808901","KUNIKILA PRI. SCHOOL",191,9,43,3,248,2,246,3.65853658536585,77.6422764227642,17.479674796748,1.21951219512195,0.806451612903226,-182,-34,"Malombe","2"
"070","KITUI WEST","15070034809001","KITHUNZI PRI. SCHOOL",314,7,47,0,368,0,368,1.90217391304348,85.3260869565217,12.7717391304348,0,0,-307,-40,"Malombe","2"
"070","KITUI WEST","15070034809101","KYAMBUSYA PRIMARY SCHOOL",261,14,31,1,309,2,307,4.56026058631922,85.0162866449512,10.0977198697068,0.325732899022801,0.647249190938511,-247,-17,"Malombe","2"
"070","KITUI WEST","15070034809102","KYAMBUSYA PRIMARY SCHOOL",241,12,29,1,285,2,283,4.24028268551237,85.1590106007067,10.2473498233216,0.353356890459364,0.701754385964912,-229,-17,"Malombe","2"
"070","KITUI WEST","15070034809201","KWA NDONGA PRI SCHOOL",293,3,47,2,347,2,345,0.869565217391304,84.9275362318841,13.6231884057971,0.579710144927536,0.576368876080692,-290,-44,"Malombe","2"
"070","KITUI WEST","15070034809202","KWA NDONGA PRI SCHOOL",271,4,45,3,323,0,323,1.23839009287926,83.9009287925697,13.9318885448916,0.928792569659443,0,-267,-41,"Malombe","2"
"070","KITUI WEST","15070034809301","KYAMBEVO PRI. SCHOOL",112,19,28,1,160,0,160,11.875,70,17.5,0.625,0,-93,-9,"Malombe","3"
"070","KITUI WEST","15070034809401","KWA MUSYIMI PRI. SCHOOL",286,34,73,2,396,1,395,8.60759493670886,72.4050632911392,18.4810126582279,0.506329113924051,0.252525252525253,-252,-39,"Malombe","2"
"070","KITUI WEST","15070034809501","NDALANI PRIMARY SCHOOL",189,7,27,3,226,0,226,3.09734513274336,83.6283185840708,11.9469026548673,1.32743362831858,0,-182,-20,"Malombe","2"
"070","KITUI WEST","15070034809601","KALIA PRI. SCHOOL",309,16,56,3,386,2,384,4.16666666666667,80.46875,14.5833333333333,0.78125,0.518134715025907,-293,-40,"Malombe","2"
"070","KITUI WEST","15070034809701","KATHEUNI PRI. SCH",165,9,27,1,202,0,202,4.45544554455445,81.6831683168317,13.3663366336634,0.495049504950495,0,-156,-18,"Malombe","3"
"070","KITUI WEST","15070034809801","KAKUMI PRIMARY SCHOOL",228,11,40,4,283,0,283,3.886925795053,80.565371024735,14.1342756183746,1.41342756183746,0,-217,-29,"Malombe","2"
"070","KITUI WEST","15070034809901","KITUNDUNI PRI. SCHOOL",184,14,121,3,327,5,322,4.34782608695652,57.1428571428571,37.5776397515528,0.93167701863354,1.52905198776758,-170,-107,"Malombe","2"
"070","KITUI WEST","15070034810001","NZAKAME SEC. SCHOOL",138,2,15,1,156,0,156,1.28205128205128,88.4615384615385,9.61538461538462,0.641025641025641,0,-136,-13,"Malombe","3"
"070","KITUI WEST","15070034810101","KITUMBI PRI. SCHOOL",110,7,36,3,159,3,156,4.48717948717949,70.5128205128205,23.0769230769231,1.92307692307692,1.88679245283019,-103,-29,"Malombe","3"
"070","KITUI WEST","15070034812901","MAAINI PRI SCHOOL",135,2,105,1,243,0,243,0.823045267489712,55.5555555555556,43.2098765432099,0.411522633744856,0,-133,-103,"Malombe","2"
"070","KITUI WEST","15070034813001","MWAANI PRI SCHOOL",55,1,11,0,67,0,67,1.49253731343284,82.089552238806,16.4179104477612,0,0,-54,-10,"Malombe","3"
"070","KITUI WEST","15070034910201","KWA -MUTONGA PRIMARY SCHOOL",128,4,56,0,192,4,188,2.12765957446809,68.0851063829787,29.7872340425532,0,2.08333333333333,-124,-52,"Malombe","3"
"070","KITUI WEST","15070034910301","KWA MUMO PRIMARY SCHOOL",131,11,165,2,311,2,309,3.55987055016181,42.3948220064725,53.3980582524272,0.647249190938511,0.643086816720257,-120,-154,"Musila","2"
"070","KITUI WEST","15070034910401","MITHIIKWANI PRI. SCHOOL",148,3,96,2,252,3,249,1.20481927710843,59.4377510040161,38.5542168674699,0.803212851405622,1.19047619047619,-145,-93,"Malombe","2"
"070","KITUI WEST","15070034910501","MIWONGONI PRIMARY SCHOOL",101,1,56,0,158,0,158,0.632911392405063,63.9240506329114,35.4430379746835,0,0,-100,-55,"Malombe","3"
"070","KITUI WEST","15070034910601","SYOKITHUMBI PRI. SCHOOL",165,4,75,1,248,3,245,1.63265306122449,67.3469387755102,30.6122448979592,0.408163265306122,1.20967741935484,-161,-71,"Malombe","2"
"070","KITUI WEST","15070034910701","MANZI ITUMO PRIMARY SCHOOL",166,3,61,2,235,3,232,1.29310344827586,71.551724137931,26.2931034482759,0.862068965517241,1.27659574468085,-163,-58,"Malombe","2"
"070","KITUI WEST","15070034910801","MASELELE PRIMARY SCHOOL",206,2,28,1,240,3,237,0.843881856540084,86.9198312236287,11.8143459915612,0.421940928270042,1.25,-204,-26,"Malombe","2"
"070","KITUI WEST","15070034910901","MIKUYUMIKYA PRI SCHOOL",196,4,37,2,240,1,239,1.67364016736402,82.0083682008368,15.4811715481172,0.836820083682008,0.416666666666667,-192,-33,"Malombe","2"
"070","KITUI WEST","15070034911001","KATHIVO POLY",201,40,61,2,308,4,304,13.1578947368421,66.1184210526316,20.0657894736842,0.657894736842105,1.2987012987013,-161,-21,"Malombe","2"
"070","KITUI WEST","15070034911101","KWA MBOYA MARKET",300,12,60,0,376,4,372,3.2258064516129,80.6451612903226,16.1290322580645,0,1.06382978723404,-288,-48,"Malombe","2"
"070","KITUI WEST","15070034911201","KITHUYANI PRIMARY SCHOOL",138,1,37,3,179,0,179,0.558659217877095,77.0949720670391,20.6703910614525,1.67597765363128,0,-137,-36,"Malombe","3"
"070","KITUI WEST","15070034911301","SYOMUITU  PRIMARY SCHOOL",159,7,15,0,182,1,181,3.86740331491713,87.8453038674033,8.28729281767956,0,0.549450549450549,-152,-8,"Malombe","3"
"070","KITUI WEST","15070034911401","KWA-SILU PRI. SCHOOL",79,4,42,2,127,0,127,3.1496062992126,62.2047244094488,33.0708661417323,1.5748031496063,0,-75,-38,"Malombe","3"
"070","KITUI WEST","15070034911501","KALIMBEVO PRI SCHOOL",144,3,26,2,176,1,175,1.71428571428571,82.2857142857143,14.8571428571429,1.14285714285714,0.568181818181818,-141,-23,"Malombe","3"
"070","KITUI WEST","15070034911601","KYAANI PRI SCHOOL",205,14,65,1,285,0,285,4.91228070175439,71.9298245614035,22.8070175438596,0.350877192982456,0,-191,-51,"Malombe","2"
"070","KITUI WEST","15070034911602","KYAANI PRI SCHOOL",228,11,72,2,315,2,313,3.51437699680511,72.8434504792332,23.0031948881789,0.638977635782748,0.634920634920635,-217,-61,"Malombe","2"
"070","KITUI WEST","15070034911701","KITHUMULA PRI SCHOOL",172,6,84,1,266,3,263,2.28136882129278,65.3992395437262,31.9391634980989,0.380228136882129,1.12781954887218,-166,-78,"Malombe","2"
"070","KITUI WEST","15070034911702","KITHUMULA PRI SCHOOL",171,5,74,3,257,4,253,1.97628458498024,67.5889328063241,29.2490118577075,1.18577075098814,1.55642023346304,-166,-69,"Malombe","2"
"070","KITUI WEST","15070034911801","KOMBU PRI SCHOOL",200,12,156,3,375,4,371,3.23450134770889,53.9083557951482,42.0485175202156,0.808625336927224,1.06666666666667,-188,-144,"Malombe","2"
"070","KITUI WEST","15070034911901","NDIUNI PRI SCHOOL",278,6,92,2,378,0,378,1.58730158730159,73.5449735449735,24.3386243386243,0.529100529100529,0,-272,-86,"Malombe","2"
"070","KITUI WEST","15070034912001","MALATANI CTR",284,33,114,3,442,8,434,7.6036866359447,65.4377880184332,26.2672811059908,0.691244239631336,1.80995475113122,-251,-81,"Malombe","2"
"070","KITUI WEST","15070034912101","KWA-NDILA PRI SCHOOL",192,17,50,2,266,5,261,6.51340996168582,73.5632183908046,19.1570881226054,0.766283524904214,1.8796992481203,-175,-33,"Malombe","2"
"070","KITUI WEST","15070034912201","ACK NGOMANGO PRI SCHOOL",64,3,52,2,124,3,121,2.47933884297521,52.8925619834711,42.9752066115703,1.65289256198347,2.41935483870968,-61,-49,"Malombe","3"
"070","KITUI WEST","15070034912301","KILIMU PRI SCHOOL",156,1,79,0,237,1,236,0.423728813559322,66.1016949152542,33.4745762711864,0,0.421940928270042,-155,-78,"Malombe","2"
"070","KITUI WEST","15070034912401","KALINDILO PRIMARY SCHOOL",208,17,65,5,299,4,295,5.76271186440678,70.5084745762712,22.0338983050847,1.69491525423729,1.33779264214047,-191,-48,"Malombe","2"
"070","KITUI WEST","15070034912501","KWA MULUNGU PRI SCHOOL",318,13,36,3,371,1,370,3.51351351351351,85.945945945946,9.72972972972973,0.810810810810811,0.269541778975741,-305,-23,"Malombe","2"
"070","KITUI WEST","15070034913101","KIUWANI PRI SCHOOL",70,2,23,2,98,1,97,2.06185567010309,72.1649484536082,23.7113402061856,2.06185567010309,1.02040816326531,-68,-21,"Malombe","3"
"070","KITUI WEST","15070034913201","MAKOLO PRI SCHOOL",101,8,36,0,147,2,145,5.51724137931035,69.6551724137931,24.8275862068966,0,1.36054421768707,-93,-28,"Malombe","3"
"071","KITUI RURAL","15071035000101","MOSA PRIMARY SCHOOL",177,64,6,2,296,47,249,25.7028112449799,71.0843373493976,2.40963855421687,0.803212851405622,15.8783783783784,-113,58,"Malombe","1"
"071","KITUI RURAL","15071035000201","NGUUNI PRIMARY SCHOOL.",332,7,33,4,381,5,376,1.86170212765957,88.2978723404255,8.77659574468085,1.06382978723404,1.31233595800525,-325,-26,"Malombe","2"
"071","KITUI RURAL","15071035000301","MBUSYANI PRIMARY SCHOOL",254,11,23,1,291,2,289,3.80622837370242,87.8892733564014,7.95847750865052,0.346020761245675,0.687285223367698,-243,-12,"Malombe","2"
"071","KITUI RURAL","15071035000302","MBUSYANI PRIMARY SCHOOL",222,14,32,2,275,5,270,5.18518518518519,82.2222222222222,11.8518518518519,0.740740740740741,1.81818181818182,-208,-18,"Malombe","2"
"071","KITUI RURAL","15071035000401","NGILUNI PRIMARY SCHOOL",230,8,46,1,286,1,285,2.80701754385965,80.7017543859649,16.140350877193,0.350877192982456,0.34965034965035,-222,-38,"Malombe","2"
"071","KITUI RURAL","15071035000501","KAVASYA PRIMARY SCHOOL",223,2,22,2,250,1,249,0.803212851405622,89.5582329317269,8.83534136546185,0.803212851405622,0.4,-221,-20,"Malombe","2"
"071","KITUI RURAL","15071035000601","KWA-KUTU PRIMARY SCHOOL",208,8,45,0,263,2,261,3.06513409961686,79.6934865900383,17.2413793103448,0,0.760456273764259,-200,-37,"Malombe","2"
"071","KITUI RURAL","15071035000701","MUKAMENI PRIMARY SCHOOL",261,10,62,0,335,2,333,3.003003003003,78.3783783783784,18.6186186186186,0,0.597014925373134,-251,-52,"Malombe","2"
"071","KITUI RURAL","15071035000801","UNG'AATU PRIMARY SCHOOL",309,7,97,2,418,3,415,1.68674698795181,74.4578313253012,23.3734939759036,0.481927710843374,0.717703349282297,-302,-90,"Malombe","2"
"071","KITUI RURAL","15071035000901","KALALA PRIMARY SCHOOL",208,7,75,1,291,0,291,2.40549828178694,71.4776632302406,25.7731958762887,0.343642611683849,0,-201,-68,"Malombe","2"
"071","KITUI RURAL","15071035001001","MAVINDINI PRIMARY SCHOOL",93,17,86,4,200,0,200,8.5,46.5,43,2,0,-76,-69,"Malombe","3"
"071","KITUI RURAL","15071035001101","MALIKU PRIMARY SCHOOL",205,6,27,1,239,0,239,2.51046025104602,85.7740585774059,11.2970711297071,0.418410041841004,0,-199,-21,"Malombe","2"
"071","KITUI RURAL","15071035001201","KATUMBA PRIMARY SCHOOL",133,18,24,2,177,0,177,10.1694915254237,75.1412429378531,13.5593220338983,1.12994350282486,0,-115,-6,"Malombe","3"
"071","KITUI RURAL","15071035001501","KISASI PRIMARY SCHOOL",204,17,34,1,257,1,256,6.640625,79.6875,13.28125,0.390625,0.389105058365759,-187,-17,"Malombe","2"
"071","KITUI RURAL","15071035001502","KISASI PRIMARY SCHOOL",181,13,41,3,238,0,238,5.46218487394958,76.0504201680672,17.2268907563025,1.26050420168067,0,-168,-28,"Malombe","2"
"071","KITUI RURAL","15071035001601","UTAWALA PRIMARY SCHOOL",163,8,27,4,209,7,202,3.96039603960396,80.6930693069307,13.3663366336634,1.98019801980198,3.34928229665072,-155,-19,"Malombe","3"
"071","KITUI RURAL","15071035001701","ITUKI PRIMARY SCHOOL",299,6,50,1,358,0,358,1.67597765363128,83.5195530726257,13.9664804469274,0.279329608938547,0,-293,-44,"Malombe","2"
"071","KITUI RURAL","15071035001801","KALATINE PRIMARY SCHOOL",268,4,61,1,334,0,334,1.19760479041916,80.2395209580838,18.2634730538922,0.29940119760479,0,-264,-57,"Malombe","2"
"071","KITUI RURAL","15071035002201","KATWALA PRIMARY SCHOOL",92,0,13,1,107,1,106,0,86.7924528301887,12.2641509433962,0.943396226415094,0.934579439252336,-92,-13,"Malombe","3"
"071","KITUI RURAL","15071035002301","KILEVI PRIMARY SCHOOL",157,8,86,0,251,0,251,3.18725099601594,62.5498007968127,34.2629482071713,0,0,-149,-78,"Malombe","2"
"071","KITUI RURAL","15071035002401","MWIW'E PRIMARY SCHOOL",114,3,19,2,139,1,138,2.17391304347826,82.6086956521739,13.768115942029,1.44927536231884,0.719424460431655,-111,-16,"Malombe","3"
"071","KITUI RURAL","15071035002601","KISIKINI PRIMARY SCHOOL.",125,2,33,0,162,2,160,1.25,78.125,20.625,0,1.23456790123457,-123,-31,"Malombe","3"
"071","KITUI RURAL","15071035002801","KISASI BOYS SECONDARY SCHOOL",296,21,29,4,358,8,350,6,84.5714285714286,8.28571428571428,1.14285714285714,2.23463687150838,-275,-8,"Malombe","2"
"071","KITUI RURAL","15071035003101","KIKUUNI PRIMARY SCHOOL",126,5,41,0,173,1,172,2.90697674418605,73.2558139534884,23.8372093023256,0,0.578034682080925,-121,-36,"Malombe","3"
"071","KITUI RURAL","15071035003201","IKAVE PRIMARY SCHOOL",162,6,43,1,213,1,212,2.83018867924528,76.4150943396226,20.2830188679245,0.471698113207547,0.469483568075117,-156,-37,"Malombe","2"
"071","KITUI RURAL","15071035003301","KITOONEO PRIMARY SCHOOL",129,10,62,0,203,2,201,4.97512437810945,64.1791044776119,30.8457711442786,0,0.985221674876847,-119,-52,"Malombe","3"
"071","KITUI RURAL","15071035003401","KAVISUNI PRIMARY SCHOOL",94,23,57,1,176,1,175,13.1428571428571,53.7142857142857,32.5714285714286,0.571428571428571,0.568181818181818,-71,-34,"Malombe","3"
"071","KITUI RURAL","15071035003402","KAVISUNI PRIMARY SCHOOL",98,21,60,3,182,0,182,11.5384615384615,53.8461538461538,32.967032967033,1.64835164835165,0,-77,-39,"Malombe","3"
"071","KITUI RURAL","15071035003501","KWA-KYEE PRIMARY SCHOL",117,3,23,2,145,0,145,2.06896551724138,80.6896551724138,15.8620689655172,1.37931034482759,0,-114,-20,"Malombe","3"
"071","KITUI RURAL","15071035003901","MUAMBANI PRIMARY SCHOOL",274,13,61,1,355,6,349,3.72492836676218,78.5100286532951,17.4785100286533,0.286532951289398,1.69014084507042,-261,-48,"Malombe","2"
"071","KITUI RURAL","15071035004601","KILIVI PRIMARY SCHOOL",225,6,39,0,270,0,270,2.22222222222222,83.3333333333333,14.4444444444444,0,0,-219,-33,"Malombe","2"
"071","KITUI RURAL","15071035013801","KITAMAA PRIMARY SCHOOL",66,17,87,3,178,5,173,9.82658959537572,38.150289017341,50.2890173410405,1.73410404624277,2.80898876404494,-49,-70,"Musila","3"
"071","KITUI RURAL","15071035013901","MASOKA PRIMARY SCHOOL",54,2,7,0,63,0,63,3.17460317460317,85.7142857142857,11.1111111111111,0,0,-52,-5,"Malombe","3"
"071","KITUI RURAL","15071035014001","KAVUMBU PRIMARY SCHOOL",45,3,9,1,59,1,58,5.17241379310345,77.5862068965517,15.5172413793103,1.72413793103448,1.69491525423729,-42,-6,"Malombe","3"
"071","KITUI RURAL","15071035014101","KAVISUNI DISPENSARY",74,22,38,1,136,1,135,16.2962962962963,54.8148148148148,28.1481481481481,0.740740740740741,0.735294117647059,-52,-16,"Malombe","3"
"071","KITUI RURAL","15071035101301","SYUASINI PRIMARY SCHOOL",172,14,36,3,228,3,225,6.22222222222222,76.4444444444444,16,1.33333333333333,1.31578947368421,-158,-22,"Malombe","2"
"071","KITUI RURAL","15071035101401","KISASI YOUTH POLYTECHNIC",173,5,29,1,208,0,208,2.40384615384615,83.1730769230769,13.9423076923077,0.480769230769231,0,-168,-24,"Malombe","3"
"071","KITUI RURAL","15071035101901","NGANGANI PRIMARY SCHOOL",286,18,55,3,366,4,362,4.97237569060773,79.0055248618785,15.1933701657459,0.828729281767956,1.09289617486339,-268,-37,"Malombe","2"
"071","KITUI RURAL","15071035101902","NGANGANI PRIMARY SCHOOL",330,8,58,1,397,0,397,2.01511335012594,83.1234256926952,14.6095717884131,0.251889168765743,0,-322,-50,"Malombe","2"
"071","KITUI RURAL","15071035102001","KITUNGATI PRIMARY SCHOOL",319,10,35,1,366,1,365,2.73972602739726,87.3972602739726,9.58904109589041,0.273972602739726,0.273224043715847,-309,-25,"Malombe","2"
"071","KITUI RURAL","15071035102101","WAYANI PRIMARY SCHOOL",160,4,33,1,201,3,198,2.02020202020202,80.8080808080808,16.6666666666667,0.505050505050505,1.49253731343284,-156,-29,"Malombe","3"
"071","KITUI RURAL","15071035102701","SEEKEA PRIMARY SCHOOL.",113,25,56,3,198,1,197,12.6903553299492,57.3604060913706,28.4263959390863,1.52284263959391,0.505050505050505,-88,-31,"Malombe","3"
"071","KITUI RURAL","15071035102901","MUKUNDI PRIMARY SCHOOL.",160,17,32,0,213,4,209,8.13397129186603,76.555023923445,15.311004784689,0,1.87793427230047,-143,-15,"Malombe","3"
"071","KITUI RURAL","15071035103001","MANZINI PRIMARY SCHOOL",200,3,17,0,225,5,220,1.36363636363636,90.9090909090909,7.72727272727273,0,2.22222222222222,-197,-14,"Malombe","2"
"071","KITUI RURAL","15071035103601","MISUUNI PRIMARY SCHOOL",195,4,33,0,237,5,232,1.72413793103448,84.051724137931,14.2241379310345,0,2.10970464135021,-191,-29,"Malombe","2"
"071","KITUI RURAL","15071035103701","KATANGASUA PRIMARY SCHOOL",204,13,37,2,259,0,259,5.01930501930502,78.7644787644788,14.2857142857143,0.772200772200772,0,-191,-24,"Malombe","2"
"071","KITUI RURAL","15071035103702","KATANGASUA PRIMARY SCHOOL",216,11,34,2,266,3,263,4.18250950570342,82.1292775665399,12.9277566539924,0.760456273764259,1.12781954887218,-205,-23,"Malombe","2"
"071","KITUI RURAL","15071035103801","ISOVYA PRIMARY SCHOOL",166,4,30,6,207,1,206,1.94174757281553,80.5825242718447,14.5631067961165,2.9126213592233,0.483091787439614,-162,-26,"Malombe","3"
"071","KITUI RURAL","15071035104001","MAKOLONGO PRIMARY SCHOOL",268,5,27,0,300,0,300,1.66666666666667,89.3333333333333,9,0,0,-263,-22,"Malombe","2"
"071","KITUI RURAL","15071035104101","KIVUUNI PRIMARY SCHOOL",217,8,19,1,247,2,245,3.26530612244898,88.5714285714286,7.75510204081633,0.408163265306122,0.809716599190283,-209,-11,"Malombe","2"
"071","KITUI RURAL","15071035104201","MBITINI PRIMARY SCHOOL.",301,7,43,1,356,4,352,1.98863636363636,85.5113636363636,12.2159090909091,0.284090909090909,1.12359550561798,-294,-36,"Malombe","2"
"071","KITUI RURAL","15071035104202","MBITINI PRIMARY SCHOOL.",297,8,38,2,349,4,345,2.31884057971015,86.0869565217391,11.0144927536232,0.579710144927536,1.14613180515759,-289,-30,"Malombe","2"
"071","KITUI RURAL","15071035104301","MAANGANI PRIMARY SCHOOL",246,6,50,3,307,2,305,1.9672131147541,80.655737704918,16.3934426229508,0.983606557377049,0.651465798045603,-240,-44,"Malombe","2"
"071","KITUI RURAL","15071035104401","KANZAU SECONDARY SCHOOL",98,3,21,0,122,0,122,2.45901639344262,80.327868852459,17.2131147540984,0,0,-95,-18,"Malombe","3"
"071","KITUI RURAL","15071035104501","MULUTI PRIMARY SCHOOL",161,6,24,1,194,2,192,3.125,83.8541666666667,12.5,0.520833333333333,1.03092783505155,-155,-18,"Malombe","3"
"071","KITUI RURAL","15071035104701","KILAMBA PRIMARY SCHOOL",152,5,16,2,176,1,175,2.85714285714286,86.8571428571429,9.14285714285714,1.14285714285714,0.568181818181818,-147,-11,"Malombe","3"
"071","KITUI RURAL","15071035104801","IKOTAMWITHE PRIMARY SCHOOL",152,4,10,2,168,0,168,2.38095238095238,90.4761904761905,5.95238095238095,1.19047619047619,0,-148,-6,"Malombe","3"
"071","KITUI RURAL","15071035104901","KYAMUSIVI PRIMARY SCHOOL",202,2,15,1,226,6,220,0.909090909090909,91.8181818181818,6.81818181818182,0.454545454545455,2.65486725663717,-200,-13,"Malombe","2"
"071","KITUI RURAL","15071035105001","MBITINI GIRLS SECONDARY SCHOOL",196,7,14,2,221,2,219,3.19634703196347,89.4977168949772,6.39269406392694,0.91324200913242,0.904977375565611,-189,-7,"Malombe","2"
"071","KITUI RURAL","15071035105002","MBITINI GIRLS SECONDARY SCHOOL",195,3,19,1,221,3,218,1.37614678899083,89.4495412844037,8.71559633027523,0.458715596330275,1.35746606334842,-192,-16,"Malombe","2"
"071","KITUI RURAL","15071035105101","MWINZENGI PRIMARY SCHOOL",273,4,39,1,318,1,317,1.26182965299685,86.1198738170347,12.3028391167192,0.315457413249211,0.314465408805031,-269,-35,"Malombe","2"
"071","KITUI RURAL","15071035105201","KANZAU PRIMARY SCHOOL",233,17,64,2,319,3,316,5.37974683544304,73.7341772151899,20.253164556962,0.632911392405063,0.940438871473354,-216,-47,"Malombe","2"
"071","KITUI RURAL","15071035105301","KAMULU PRIMARY SCHOOL",244,7,32,3,287,1,286,2.44755244755245,85.3146853146853,11.1888111888112,1.04895104895105,0.348432055749129,-237,-25,"Malombe","2"
"071","KITUI RURAL","15071035105401","USANG'A PRIMARY SCHOOL",121,9,23,3,157,1,156,5.76923076923077,77.5641025641026,14.7435897435897,1.92307692307692,0.636942675159236,-112,-14,"Malombe","3"
"071","KITUI RURAL","15071035114201","KWA KASAU PRIMARY SCHOOL",47,1,10,0,58,0,58,1.72413793103448,81.0344827586207,17.2413793103448,0,0,-46,-9,"Malombe","3"
"071","KITUI RURAL","15071035114301","ULUNGU PRIMARY SCHOOL",66,4,13,0,83,0,83,4.81927710843374,79.5180722891566,15.6626506024096,0,0,-62,-9,"Malombe","3"
"071","KITUI RURAL","015071035205601","KANYONYOO MKT",100,11,37,4,158,6,152,7.23684210526316,65.7894736842105,24.3421052631579,2.63157894736842,3.79746835443038,-89,-26,"Malombe","3"
"071","KITUI RURAL","015071035205701","KWA-VONZA PRI SCHOOL",176,13,108,3,301,1,300,4.33333333333333,58.6666666666667,36,1,0.332225913621262,-163,-95,"Malombe","2"
"071","KITUI RURAL","015071035205702","KWA-VONZA PRI SCHOOL",148,14,118,2,288,6,282,4.9645390070922,52.4822695035461,41.8439716312057,0.709219858156028,2.08333333333333,-134,-104,"Malombe","2"
"071","KITUI RURAL","015071035205703","KWA-VONZA PRI SCHOOL",154,11,97,4,268,2,266,4.13533834586466,57.8947368421053,36.4661654135338,1.50375939849624,0.746268656716418,-143,-86,"Malombe","2"
"071","KITUI RURAL","015071035205801","TANGANYIKA PRI SCHOOL",218,7,71,3,300,1,299,2.34113712374582,72.9096989966555,23.7458193979933,1.00334448160535,0.333333333333333,-211,-64,"Malombe","2"
"071","KITUI RURAL","015071035205901","MASAANI PRI SCHOOL",172,4,47,1,225,1,224,1.78571428571429,76.7857142857143,20.9821428571429,0.446428571428571,0.444444444444444,-168,-43,"Malombe","2"
"071","KITUI RURAL","015071035206001","KALIVINI PRI SCHOOL",169,7,25,3,205,1,204,3.43137254901961,82.843137254902,12.2549019607843,1.47058823529412,0.48780487804878,-162,-18,"Malombe","3"
"071","KITUI RURAL","015071035206101","KILIKO PRI SCHOOL",202,10,65,0,284,1,283,3.53356890459364,71.3780918727915,22.9681978798587,0,0.352112676056338,-192,-55,"Malombe","2"
"071","KITUI RURAL","015071035206201","YATTA PRI SCHOOL",224,10,27,1,262,0,262,3.81679389312977,85.4961832061069,10.3053435114504,0.381679389312977,0,-214,-17,"Malombe","2"
"071","KITUI RURAL","015071035206202","YATTA PRI SCHOOL",219,6,37,2,265,1,264,2.27272727272727,82.9545454545455,14.0151515151515,0.757575757575758,0.377358490566038,-213,-31,"Malombe","2"
"071","KITUI RURAL","015071035206301","KWA KILUI PRI SCHOOL",288,28,34,0,410,60,350,8,82.2857142857143,9.71428571428571,0,14.6341463414634,-260,-6,"Malombe","1"
"071","KITUI RURAL","015071035206401","ILIKA PRI SCHOOL",271,3,17,0,291,0,291,1.03092783505155,93.127147766323,5.84192439862543,0,0,-268,-14,"Malombe","2"
"071","KITUI RURAL","015071035206501","KATHEMBONI PRI SCHOOL",78,37,39,0,155,1,154,24.025974025974,50.6493506493506,25.3246753246753,0,0.645161290322581,-41,-2,"Malombe","3"
"071","KITUI RURAL","015071035206601","MUVITHA PRI SCHOOL",248,11,5,1,266,1,265,4.15094339622642,93.5849056603774,1.88679245283019,0.377358490566038,0.37593984962406,-237,6,"Malombe","2"
"071","KITUI RURAL","015071035206701","KAW'ONGO PRI SCHOOL",212,4,36,0,255,3,252,1.58730158730159,84.1269841269841,14.2857142857143,0,1.17647058823529,-208,-32,"Malombe","2"
"071","KITUI RURAL","015071035206801","KYAITHANI PRI SCHOOL",269,26,37,2,334,0,334,7.78443113772455,80.5389221556886,11.0778443113772,0.598802395209581,0,-243,-11,"Malombe","2"
"071","KITUI RURAL","015071035206901","NTHONGONI PRI SCHOOL",295,13,37,1,355,9,346,3.75722543352601,85.2601156069364,10.6936416184971,0.289017341040462,2.53521126760563,-282,-24,"Malombe","2"
"071","KITUI RURAL","015071035207001","MATULANI PRI SCHOOL",309,30,64,5,412,4,408,7.35294117647059,75.7352941176471,15.6862745098039,1.22549019607843,0.970873786407767,-279,-34,"Malombe","2"
"071","KITUI RURAL","015071035207101","IANI PRI SCHOOL",175,10,77,1,265,2,263,3.80228136882129,66.5399239543726,29.277566539924,0.380228136882129,0.754716981132076,-165,-67,"Malombe","2"
"071","KITUI RURAL","015071035207201","MAMOLE PRIMARY SCHOOL",166,9,27,0,203,1,202,4.45544554455445,82.1782178217822,13.3663366336634,0,0.492610837438424,-157,-18,"Malombe","3"
"071","KITUI RURAL","015071035207301","NTHILANI PRI SCHOOL",186,2,10,1,201,2,199,1.00502512562814,93.4673366834171,5.0251256281407,0.50251256281407,0.995024875621891,-184,-8,"Malombe","3"
"071","KITUI RURAL","015071035207401","KATHOME ORI SCHOOL",273,3,49,0,325,0,325,0.923076923076923,84,15.0769230769231,0,0,-270,-46,"Malombe","2"
"071","KITUI RURAL","015071035207501","USENG'YO PRI SCHOOL",121,8,52,1,182,0,182,4.3956043956044,66.4835164835165,28.5714285714286,0.549450549450549,0,-113,-44,"Malombe","3"
"071","KITUI RURAL","015071035207601","MUKELENZUNI PRI SCHOOL",114,3,22,1,143,3,140,2.14285714285714,81.4285714285714,15.7142857142857,0.714285714285714,2.0979020979021,-111,-19,"Malombe","3"
"071","KITUI RURAL","015071035207701","MUSELELE TOWNSHIP PRI SCHOOL",226,17,98,1,342,0,342,4.97076023391813,66.0818713450292,28.6549707602339,0.292397660818713,0,-209,-81,"Malombe","2"
"071","KITUI RURAL","015071035207801","KYAINYA PRI SCHOOL",110,1,13,0,125,1,124,0.806451612903226,88.7096774193548,10.4838709677419,0,0.8,-109,-12,"Malombe","3"
"071","KITUI RURAL","015071035207901","NDUNGUNI PRI SCHOOL",139,9,20,1,169,0,169,5.32544378698225,82.2485207100592,11.8343195266272,0.591715976331361,0,-130,-11,"Malombe","3"
"071","KITUI RURAL","015071035208001","KAMANYI PRI SCHOOL",212,5,23,1,243,2,241,2.0746887966805,87.9668049792531,9.54356846473029,0.4149377593361,0.823045267489712,-207,-18,"Malombe","2"
"071","KITUI RURAL","015071035208101","KONZA PRI SCHOOL",82,3,19,0,106,2,104,2.88461538461538,78.8461538461538,18.2692307692308,0,1.88679245283019,-79,-16,"Malombe","3"
"071","KITUI RURAL","015071035208201","WAIVUMBU PRI SCHOOL",66,26,38,2,134,2,132,19.6969696969697,50,28.7878787878788,1.51515151515152,1.49253731343284,-40,-12,"Malombe","3"
"071","KITUI RURAL","015071035208301","KYOSINI PRI SCHOOL",159,2,33,1,195,0,195,1.02564102564103,81.5384615384615,16.9230769230769,0.512820512820513,0,-157,-31,"Malombe","3"
"071","KITUI RURAL","015071035208401","NGOVU PRI SCHOOL",96,1,3,0,101,1,100,1,96,3,0,0.99009900990099,-95,-2,"Malombe","3"
"071","KITUI RURAL","015071035208501","MUVYANI PRI SCHOOL",102,14,5,1,122,0,122,11.4754098360656,83.6065573770492,4.0983606557377,0.819672131147541,0,-88,9,"Malombe","3"
"071","KITUI RURAL","015071035208601","NZEVE PRI SCHOOL",136,1,32,1,170,0,170,0.588235294117647,80,18.8235294117647,0.588235294117647,0,-135,-31,"Malombe","3"
"071","KITUI RURAL","015071035208701","KYAMUUNGI PRI SCHOOL",65,3,11,0,79,0,79,3.79746835443038,82.2784810126582,13.9240506329114,0,0,-62,-8,"Malombe","3"
"071","KITUI RURAL","015071035208801","KATOTHYA PRI SCHOOL",150,25,80,4,259,0,259,9.65250965250965,57.9150579150579,30.8880308880309,1.54440154440154,0,-125,-55,"Malombe","2"
"071","KITUI RURAL","015071035208901","MIKUYUNI PRI SCHOOL",60,3,42,0,105,0,105,2.85714285714286,57.1428571428571,40,0,0,-57,-39,"Malombe","3"
"071","KITUI RURAL","015071035209001","NGAKAANI PRI SCHOOL",127,1,20,1,149,0,149,0.671140939597315,85.2348993288591,13.4228187919463,0.671140939597315,0,-126,-19,"Malombe","3"
"071","KITUI RURAL","015071035209101","MAITO PRI SCHOOL",112,1,15,0,136,8,128,0.78125,87.5,11.71875,0,5.88235294117647,-111,-14,"Malombe","3"
"071","KITUI RURAL","015071035209201","KWAKILYA PRI SCHOOL",144,2,26,1,174,1,173,1.15606936416185,83.2369942196532,15.028901734104,0.578034682080925,0.574712643678161,-142,-24,"Malombe","3"
"071","KITUI RURAL","015071035209301","MUSINI PRI SCHOOL",94,10,12,0,116,0,116,8.62068965517241,81.0344827586207,10.3448275862069,0,0,-84,-2,"Malombe","3"
"071","KITUI RURAL","015071035209401","ILOVI NURSERY",55,2,14,1,72,0,72,2.77777777777778,76.3888888888889,19.4444444444444,1.38888888888889,0,-53,-12,"Malombe","3"
"071","KITUI RURAL","015071035209501","KALIMA PRI SCHOOL",127,6,19,0,152,0,152,3.94736842105263,83.5526315789474,12.5,0,0,-121,-13,"Malombe","3"
"071","KITUI RURAL","015071035209601","KITUKUNI PRI SCHOOL",25,5,77,1,108,0,108,4.62962962962963,23.1481481481481,71.2962962962963,0.925925925925926,0,-20,-72,"Musila","3"
"071","KITUI RURAL","015071035209701","THOME PRI SCHOOL",88,3,17,3,111,0,111,2.7027027027027,79.2792792792793,15.3153153153153,2.7027027027027,0,-85,-14,"Malombe","3"
"071","KITUI RURAL","015071035209801","NGAMYONE PRI SCHOOL",132,9,31,4,176,0,176,5.11363636363636,75,17.6136363636364,2.27272727272727,0,-123,-22,"Malombe","3"
"071","KITUI RURAL","015071035209901","MANDU PRI SCHOOL",64,4,9,0,80,3,77,5.19480519480519,83.1168831168831,11.6883116883117,0,3.75,-60,-5,"Malombe","3"
"071","KITUI RURAL","015071035210001","KIVUNGA PRI SCHOOL",55,7,69,0,135,4,131,5.34351145038168,41.9847328244275,52.6717557251908,0,2.96296296296296,-48,-62,"Musila","3"
"071","KITUI RURAL","015071035210101","KAMOSI PRI SCHOOL",4,1,11,0,16,0,16,6.25,25,68.75,0,0,-3,-10,"Musila","3"
"071","KITUI RURAL","015071035210201","MUSINGI PRI SCHOOL",33,6,101,1,142,1,141,4.25531914893617,23.4042553191489,71.6312056737589,0.709219858156028,0.704225352112676,-27,-95,"Musila","3"
"071","KITUI RURAL","015071035210301","RURAL BORDER PATROL UNIT",16,8,57,2,83,0,83,9.63855421686747,19.2771084337349,68.6746987951807,2.40963855421687,0,-8,-49,"Musila","3"
"071","KITUI RURAL","015071035210401","KATOTENI CENRAL PRI SCHOOL",31,4,134,2,173,2,171,2.33918128654971,18.1286549707602,78.3625730994152,1.16959064327485,1.15606936416185,-27,-130,"Musila","3"
"071","KITUI RURAL","015071035210501","NYUMBANI VILLAGE",37,4,29,0,70,0,70,5.71428571428571,52.8571428571429,41.4285714285714,0,0,-33,-25,"Malombe","3"
"071","KITUI RURAL","015071035214401","NZEVENI PRIMARY SCHOOL",130,4,16,0,150,0,150,2.66666666666667,86.6666666666667,10.6666666666667,0,0,-126,-12,"Malombe","3"
"071","KITUI RURAL","015071035214501","KIIMANI PRIMARY SCHOOL",23,2,37,0,63,1,62,3.2258064516129,37.0967741935484,59.6774193548387,0,1.58730158730159,-21,-35,"Musila","3"
"071","KITUI RURAL","015071035310601","SYOMUNYU PRI SCHOOL",147,8,35,1,193,2,191,4.18848167539267,76.9633507853403,18.3246073298429,0.523560209424084,1.03626943005181,-139,-27,"Malombe","3"
"071","KITUI RURAL","015071035310701","KALULINI PRI SCHOOL",260,6,55,0,324,3,321,1.86915887850467,80.9968847352025,17.1339563862928,0,0.925925925925926,-254,-49,"Malombe","2"
"071","KITUI RURAL","015071035310801","MBEETWANI PRI SCHOOL",91,3,17,2,114,1,113,2.65486725663717,80.5309734513274,15.0442477876106,1.76991150442478,0.87719298245614,-88,-14,"Malombe","3"
"071","KITUI RURAL","015071035310901","SYOMAKANDA PRI SCHOOL",81,10,25,0,116,0,116,8.62068965517241,69.8275862068966,21.551724137931,0,0,-71,-15,"Malombe","3"
"071","KITUI RURAL","015071035311001","NGOMONI PRI SCHOOL",301,14,45,2,365,3,362,3.86740331491713,83.1491712707182,12.4309392265193,0.552486187845304,0.821917808219178,-287,-31,"Malombe","2"
"071","KITUI RURAL","015071035311101","MANDONGOI PRI SCHOOL",179,11,32,1,225,2,223,4.93273542600897,80.2690582959641,14.3497757847534,0.448430493273543,0.888888888888889,-168,-21,"Malombe","2"
"071","KITUI RURAL","015071035311201","MASIMBA PRI SCHOOL",257,12,106,3,378,0,378,3.17460317460317,67.989417989418,28.042328042328,0.793650793650794,0,-245,-94,"Malombe","2"
"071","KITUI RURAL","015071035311301","KANYANGI PRI SCHOOL",232,8,39,0,281,2,279,2.8673835125448,83.1541218637993,13.9784946236559,0,0.711743772241993,-224,-31,"Malombe","2"
"071","KITUI RURAL","015071035311302","KANYANGI PRI SCHOOL",218,11,56,2,287,0,287,3.83275261324042,75.9581881533101,19.5121951219512,0.696864111498258,0,-207,-45,"Malombe","2"
"071","KITUI RURAL","015071035311303","KANYANGI PRI SCHOOL",256,8,40,0,308,4,304,2.63157894736842,84.2105263157895,13.1578947368421,0,1.2987012987013,-248,-32,"Malombe","2"
"071","KITUI RURAL","015071035311401","NZAMBIA PRI SCHOOL",220,7,35,0,262,0,262,2.67175572519084,83.969465648855,13.3587786259542,0,0,-213,-28,"Malombe","2"
"071","KITUI RURAL","015071035311501","KANYONGONYO PRI SCHOOL",273,7,55,1,337,1,336,2.08333333333333,81.25,16.3690476190476,0.297619047619048,0.29673590504451,-266,-48,"Malombe","2"
"071","KITUI RURAL","015071035311601","KISAUNI PRI SCHOOL",174,9,19,1,203,0,203,4.43349753694581,85.7142857142857,9.35960591133005,0.492610837438424,0,-165,-10,"Malombe","3"
"071","KITUI RURAL","015071035311701","KILUMYA PRI SCHOOL",194,1,19,1,215,0,215,0.465116279069767,90.2325581395349,8.83720930232558,0.465116279069767,0,-193,-18,"Malombe","2"
"071","KITUI RURAL","015071035311801","YAMUNYU NURSERY SCHOOL",202,3,5,1,213,2,211,1.4218009478673,95.7345971563981,2.3696682464455,0.4739336492891,0.938967136150235,-199,-2,"Malombe","2"
"071","KITUI RURAL","015071035311901","KAVOO PRIMARY SCHOOL",176,6,22,2,208,2,206,2.9126213592233,85.4368932038835,10.6796116504854,0.970873786407767,0.961538461538462,-170,-16,"Malombe","3"
"071","KITUI RURAL","015071035312001","KITOONI PRI SCHOOL",202,6,37,2,248,1,247,2.42914979757085,81.7813765182186,14.9797570850202,0.809716599190283,0.403225806451613,-196,-31,"Malombe","2"
"071","KITUI RURAL","015071035312101","KILISA PRI SCHOOL",99,4,15,3,121,0,121,3.30578512396694,81.8181818181818,12.396694214876,2.47933884297521,0,-95,-11,"Malombe","3"
"071","KITUI RURAL","015071035312201","MWAANI PRI SCHOOL",186,9,62,0,257,0,257,3.50194552529183,72.3735408560311,24.124513618677,0,0,-177,-53,"Malombe","2"
"071","KITUI RURAL","015071035312301","ITULANI PRI SCHOOL",126,23,11,2,163,1,162,14.1975308641975,77.7777777777778,6.79012345679012,1.23456790123457,0.613496932515337,-103,12,"Malombe","3"
"071","KITUI RURAL","015071035312401","KISAYANI PRI SCHOOL",217,17,79,3,323,7,316,5.37974683544304,68.6708860759494,25,0.949367088607595,2.1671826625387,-200,-62,"Malombe","2"
"071","KITUI RURAL","015071035312501","MATU PRI SCHOOL",128,8,17,0,154,1,153,5.22875816993464,83.6601307189542,11.1111111111111,0,0.649350649350649,-120,-9,"Malombe","3"
"071","KITUI RURAL","015071035312601","KANGALA PRI SCHOOL",56,7,36,0,100,1,99,7.07070707070707,56.5656565656566,36.3636363636364,0,1,-49,-29,"Malombe","3"
"071","KITUI RURAL","015071035312701","KAONDU PRI SCHOOL",88,3,11,0,102,0,102,2.94117647058824,86.2745098039216,10.7843137254902,0,0,-85,-8,"Malombe","3"
"071","KITUI RURAL","015071035312801","KINYAAU PRI SCHOOL",113,4,33,2,155,3,152,2.63157894736842,74.3421052631579,21.7105263157895,1.31578947368421,1.93548387096774,-109,-29,"Malombe","3"
"071","KITUI RURAL","015071035312901","KYOANI PRI SCHOOL",131,3,22,2,158,0,158,1.89873417721519,82.9113924050633,13.9240506329114,1.26582278481013,0,-128,-19,"Malombe","3"
"071","KITUI RURAL","015071035313001","KYUNDUANI PRI SCHOOL",74,0,28,0,102,0,102,0,72.5490196078431,27.4509803921569,0,0,-74,-28,"Malombe","3"
"071","KITUI RURAL","015071035313101","MWANGENI PRI SCHOOL",86,0,7,1,94,0,94,0,91.4893617021277,7.4468085106383,1.06382978723404,0,-86,-7,"Malombe","3"
"071","KITUI RURAL","015071035313201","KWA KITUNG'U PRI SCHOOL",58,3,14,0,75,0,75,4,77.3333333333333,18.6666666666667,0,0,-55,-11,"Malombe","3"
"071","KITUI RURAL","015071035313301","KITHIIANI PRI SCHOOL",134,4,11,1,151,1,150,2.66666666666667,89.3333333333333,7.33333333333333,0.666666666666667,0.662251655629139,-130,-7,"Malombe","3"
"071","KITUI RURAL","015071035313401","HON. MUTISYA PRI SCHOOL",55,4,34,0,94,1,93,4.3010752688172,59.1397849462366,36.5591397849462,0,1.06382978723404,-51,-30,"Malombe","3"
"071","KITUI RURAL","015071035313501","MUMBE PRI SCHOOL",59,0,14,0,74,1,73,0,80.8219178082192,19.1780821917808,0,1.35135135135135,-59,-14,"Malombe","3"
"071","KITUI RURAL","015071035313601","VONDENI MARKET",73,6,14,1,95,1,94,6.38297872340426,77.6595744680851,14.8936170212766,1.06382978723404,1.05263157894737,-67,-8,"Malombe","3"
"071","KITUI RURAL","015071035313701","KAVUMBUNI MARKET",141,4,34,1,182,2,180,2.22222222222222,78.3333333333333,18.8888888888889,0.555555555555556,1.0989010989011,-137,-30,"Malombe","3"
"071","KITUI RURAL","015071035314601","KAVONGE PRIMARY SCHOOL",20,0,1,0,21,0,21,0,95.2380952380952,4.76190476190476,0,0,-20,-1,"Malombe","3"
"071","KITUI RURAL","015071035314701","NDOKEANI PRIMARY SCHOOL",28,0,8,0,37,1,36,0,77.7777777777778,22.2222222222222,0,2.7027027027027,-28,-8,"Malombe","3"
"072","KITUI CENTRAL","15072035400101","MAKAANI PRIMARY SCHOOL",123,1,94,0,220,2,218,0.458715596330275,56.4220183486239,43.1192660550459,0,0.909090909090909,-122,-93,"Malombe","2"
"072","KITUI CENTRAL","15072035400201","MUTULU PRIMARY SCHOOL",331,6,65,3,405,0,405,1.48148148148148,81.7283950617284,16.0493827160494,0.740740740740741,0,-325,-59,"Malombe","2"
"072","KITUI CENTRAL","15072035400301","MIAMBANI PRIMARY SCHOOL",205,50,88,1,350,6,344,14.5348837209302,59.5930232558139,25.5813953488372,0.290697674418605,1.71428571428571,-155,-38,"Malombe","2"
"072","KITUI CENTRAL","15072035400401","MUKUKU PRIMARY SCHOOL",158,19,151,4,334,2,332,5.72289156626506,47.5903614457831,45.4819277108434,1.20481927710843,0.598802395209581,-139,-132,"Malombe","2"
"072","KITUI CENTRAL","15072035400501","MUTUKYA PRIMARY SCHOOL",218,13,30,3,266,2,264,4.92424242424242,82.5757575757576,11.3636363636364,1.13636363636364,0.75187969924812,-205,-17,"Malombe","2"
"072","KITUI CENTRAL","15072035400502","MUTUKYA PRIMARY SCHOOL",218,9,44,1,272,0,272,3.30882352941176,80.1470588235294,16.1764705882353,0.367647058823529,0,-209,-35,"Malombe","2"
"072","KITUI CENTRAL","15072035400601","MWANYANI PRIMARY SCHOOL",194,5,25,1,229,4,225,2.22222222222222,86.2222222222222,11.1111111111111,0.444444444444444,1.74672489082969,-189,-20,"Malombe","2"
"072","KITUI CENTRAL","15072035400701","KAMANDIO PRIMARY SCHOOL",129,1,182,0,313,1,312,0.32051282051282,41.3461538461538,58.3333333333333,0,0.319488817891374,-128,-181,"Musila","2"
"072","KITUI CENTRAL","15072035400801","MIKUYUNI PRIMARY SCHOOL",123,4,96,1,226,2,224,1.78571428571429,54.9107142857143,42.8571428571429,0.446428571428571,0.884955752212389,-119,-92,"Malombe","2"
"072","KITUI CENTRAL","15072035400901","KIVIU PRIMARY SCHOOL",157,4,212,5,381,3,378,1.05820105820106,41.5343915343915,56.0846560846561,1.32275132275132,0.78740157480315,-153,-208,"Musila","2"
"072","KITUI CENTRAL","15072035401001","VINDA PRIMARY SCHOOL",149,17,82,0,251,3,248,6.85483870967742,60.0806451612903,33.0645161290323,0,1.19521912350598,-132,-65,"Malombe","2"
"072","KITUI CENTRAL","15072035401101","KATISAA PRIMARY SCHOOL",61,4,148,0,216,3,213,1.87793427230047,28.6384976525822,69.4835680751174,0,1.38888888888889,-57,-144,"Musila","3"
"072","KITUI CENTRAL","15072035401201","NDITHINI PRIMARY SCHHOOL",108,17,20,1,147,0,147,11.5646258503401,73.469387755102,13.6054421768707,0.680272108843537,0,-91,-3,"Malombe","3"
"072","KITUI CENTRAL","15072035401301","KILINGILE PRIMARY SCHOOL",108,2,37,0,147,0,147,1.36054421768707,73.469387755102,25.1700680272109,0,0,-106,-35,"Malombe","3"
"072","KITUI CENTRAL","15072035401401","KAKULUNGA PRIMARY SCHOOL",225,4,33,0,262,0,262,1.52671755725191,85.8778625954199,12.5954198473282,0,0,-221,-29,"Malombe","2"
"072","KITUI CENTRAL","15072035401501","KAVALO PRIMARY SCH.",232,6,31,0,273,4,269,2.23048327137546,86.2453531598513,11.5241635687732,0,1.46520146520147,-226,-25,"Malombe","2"
"072","KITUI CENTRAL","15072035401601","KAVUTI PRIMARY SCH.",89,5,109,1,204,0,204,2.45098039215686,43.6274509803922,53.4313725490196,0.490196078431373,0,-84,-104,"Musila","3"
"072","KITUI CENTRAL","15072035401701","USIANI PRIMARY SCH.",149,7,68,0,224,0,224,3.125,66.5178571428571,30.3571428571429,0,0,-142,-61,"Malombe","2"
"072","KITUI CENTRAL","15072035401801","USIANI SECONDARY SCH.",82,1,86,2,172,1,171,0.584795321637427,47.953216374269,50.2923976608187,1.16959064327485,0.581395348837209,-81,-85,"Musila","3"
"072","KITUI CENTRAL","15072035401901","MWATUNI PRIMARY SCH.",60,4,63,1,131,3,128,3.125,46.875,49.21875,0.78125,2.29007633587786,-56,-59,"Musila","3"
"072","KITUI CENTRAL","15072035402001","MUTULA PRIMARY SCH.",363,23,47,3,440,4,436,5.27522935779817,83.256880733945,10.7798165137615,0.688073394495413,0.909090909090909,-340,-24,"Malombe","2"
"072","KITUI CENTRAL","15072035402101","KATHUMULA SECONDARY SCHOOL",76,3,84,1,165,1,164,1.82926829268293,46.3414634146341,51.219512195122,0.609756097560976,0.606060606060606,-73,-81,"Musila","3"
"072","KITUI CENTRAL","15072035402201","ST.MARYS SECONDARY SCHOOL-MIAMBANI",138,66,54,1,259,0,259,25.4826254826255,53.2818532818533,20.8494208494208,0.386100386100386,0,-72,12,"Malombe","2"
"072","KITUI CENTRAL","15072035402301","AIC NDITHINI PRIMARY SCHOOL",10,3,2,0,15,0,15,20,66.6666666666667,13.3333333333333,0,0,-7,1,"Malombe","3"
"072","KITUI CENTRAL","15072035402401","KITULA PRIMARY SCHOOL",51,3,96,3,153,0,153,1.96078431372549,33.3333333333333,62.7450980392157,1.96078431372549,0,-48,-93,"Musila","3"
"072","KITUI CENTRAL","15072035402501","KING'OINI PRIMARY SCHOOL",107,0,145,1,253,0,253,0,42.2924901185771,57.3122529644269,0.395256916996047,0,-107,-145,"Musila","2"
"072","KITUI CENTRAL","15072035402601","KILUILU PRIMARY SCHOOL",37,4,43,3,87,0,87,4.59770114942529,42.5287356321839,49.4252873563218,3.44827586206897,0,-33,-39,"Musila","3"
"072","KITUI CENTRAL","15072035402701","NZAAYA PRIMARY SCHOOL",65,3,110,2,181,0,181,1.65745856353591,35.9116022099448,60.7734806629834,1.10497237569061,0,-62,-107,"Musila","3"
"072","KITUI CENTRAL","15072035402801","NDIANI PRIMARY SCHOOL",59,2,125,0,187,1,186,1.0752688172043,31.7204301075269,67.2043010752688,0,0.53475935828877,-57,-123,"Musila","3"
"072","KITUI CENTRAL","15072035402901","KANZAU PRIMARY SCHOOL",94,2,121,0,218,1,217,0.921658986175115,43.3179723502304,55.7603686635945,0,0.458715596330275,-92,-119,"Musila","2"
"072","KITUI CENTRAL","15072035403001","KAVUVUU PRIMARY SCHOOL",108,4,20,0,132,0,132,3.03030303030303,81.8181818181818,15.1515151515152,0,0,-104,-16,"Malombe","3"
"072","KITUI CENTRAL","15072035403101","NZUNE PRIMARY SCHOOL",43,0,84,0,127,0,127,0,33.8582677165354,66.1417322834646,0,0,-43,-84,"Musila","3"
"072","KITUI CENTRAL","15072035403201","ULONZO PRIMARY SCHOOL",47,4,95,0,146,0,146,2.73972602739726,32.1917808219178,65.0684931506849,0,0,-43,-91,"Musila","3"
"072","KITUI CENTRAL","15072035403301","KILUMA PRIMARY SCH.",20,0,77,0,98,1,97,0,20.6185567010309,79.3814432989691,0,1.02040816326531,-20,-77,"Musila","3"
"072","KITUI CENTRAL","15072035415401","NGEVENI PRIMARY",40,1,53,0,95,1,94,1.06382978723404,42.5531914893617,56.3829787234042,0,1.05263157894737,-39,-52,"Musila","3"
"072","KITUI CENTRAL","15072035503401","MUTENDEA PRIMARY SCHOOL",90,5,18,1,115,1,114,4.3859649122807,78.9473684210526,15.7894736842105,0.87719298245614,0.869565217391304,-85,-13,"Malombe","3"
"072","KITUI CENTRAL","15072035503501","KATYETHOKA PRIMARY SCHOOL",185,13,23,2,228,5,223,5.82959641255605,82.9596412556054,10.3139013452915,0.896860986547085,2.19298245614035,-172,-10,"Malombe","2"
"072","KITUI CENTRAL","15072035503502","KATYETHOKA PRIMARY SCHOOL",173,12,23,1,211,2,209,5.74162679425837,82.7751196172249,11.0047846889952,0.478468899521531,0.947867298578199,-161,-11,"Malombe","3"
"072","KITUI CENTRAL","15072035503601","KAVETA PRIMARY SCHOOL",219,32,37,2,291,1,290,11.0344827586207,75.5172413793103,12.7586206896552,0.689655172413793,0.343642611683849,-187,-5,"Malombe","2"
"072","KITUI CENTRAL","15072035503602","KAVETA PRIMARY SCHOOL",236,17,36,0,291,2,289,5.88235294117647,81.6608996539792,12.4567474048443,0,0.687285223367698,-219,-19,"Malombe","2"
"072","KITUI CENTRAL","15072035503701","SYONGILA YOUTH POLYTECHNIC",225,9,29,2,268,3,265,3.39622641509434,84.9056603773585,10.9433962264151,0.754716981132076,1.11940298507463,-216,-20,"Malombe","2"
"072","KITUI CENTRAL","15072035503702","SYONGILA YOUTH POLYTECHNIC",241,13,26,3,285,2,283,4.59363957597173,85.1590106007067,9.18727915194346,1.06007067137809,0.701754385964912,-228,-13,"Malombe","2"
"072","KITUI CENTRAL","15072035503801","GK PRISONS",106,13,28,2,150,1,149,8.7248322147651,71.1409395973154,18.7919463087248,1.34228187919463,0.666666666666667,-93,-15,"Malombe","3"
"072","KITUI CENTRAL","15072035503802","GK PRISONS",101,11,26,1,140,1,139,7.9136690647482,72.6618705035971,18.705035971223,0.719424460431655,0.714285714285714,-90,-15,"Malombe","3"
"072","KITUI CENTRAL","15072035503901","NGIINI PRIMARY SCHOOL",224,11,21,0,257,1,256,4.296875,87.5,8.203125,0,0.389105058365759,-213,-10,"Malombe","2"
"072","KITUI CENTRAL","15072035503902","NGIINI PRIMARY SCHOOL",212,16,28,2,261,3,258,6.2015503875969,82.1705426356589,10.8527131782946,0.775193798449612,1.14942528735632,-196,-12,"Malombe","2"
"072","KITUI CENTRAL","15072035504001","KITUI SCHOOL FOR DEAF",190,20,57,2,273,4,269,7.43494423791822,70.6319702602231,21.1895910780669,0.743494423791822,1.46520146520147,-170,-37,"Malombe","2"
"072","KITUI CENTRAL","15072035504002","KITUI SCHOOL FOR DEAF",215,28,67,1,314,3,311,9.0032154340836,69.1318327974276,21.5434083601286,0.321543408360129,0.955414012738854,-187,-39,"Malombe","2"
"072","KITUI CENTRAL","15072035504101","MAJENGO NURSERY SCHOOL",205,26,30,3,269,5,264,9.84848484848485,77.6515151515152,11.3636363636364,1.13636363636364,1.85873605947955,-179,-4,"Malombe","2"
"072","KITUI CENTRAL","15072035504102","MAJENGO NURSERY SCHOOL",183,21,43,0,249,2,247,8.50202429149797,74.0890688259109,17.4089068825911,0,0.803212851405622,-162,-22,"Malombe","2"
"072","KITUI CENTRAL","15072035504201","KITUI BOYS SECONDARY SCHOOL",116,15,26,1,158,0,158,9.49367088607595,73.4177215189873,16.4556962025316,0.632911392405063,0,-101,-11,"Malombe","3"
"072","KITUI CENTRAL","15072035504301","MANYENYONI PRIMARY SCHOOL",177,6,15,1,199,0,199,3.01507537688442,88.9447236180904,7.53768844221105,0.50251256281407,0,-171,-9,"Malombe","3"
"072","KITUI CENTRAL","15072035504401","CENTRAL PRIMARY SCHOOL",231,25,48,0,304,0,304,8.22368421052632,75.9868421052632,15.7894736842105,0,0,-206,-23,"Malombe","2"
"072","KITUI CENTRAL","15072035504402","CENTRAL PRIMARY SCHOOL",233,23,35,2,293,0,293,7.84982935153584,79.5221843003413,11.9453924914676,0.68259385665529,0,-210,-12,"Malombe","2"
"072","KITUI CENTRAL","15072035504403","CENTRAL PRIMARY SCHOOL",232,20,46,1,299,0,299,6.68896321070234,77.5919732441472,15.3846153846154,0.334448160535117,0,-212,-26,"Malombe","2"
"072","KITUI CENTRAL","15072035504404","CENTRAL PRIMARY SCHOOL",233,27,51,1,316,4,312,8.65384615384615,74.6794871794872,16.3461538461538,0.32051282051282,1.26582278481013,-206,-24,"Malombe","2"
"072","KITUI CENTRAL","15072035504405","CENTRAL PRIMARY SCHOOL",199,24,58,0,284,3,281,8.54092526690392,70.8185053380783,20.6405693950178,0,1.05633802816901,-175,-34,"Malombe","2"
"072","KITUI CENTRAL","15072035504406","CENTRAL PRIMARY SCHOOL",228,26,45,1,302,2,300,8.66666666666667,76,15,0.333333333333333,0.662251655629139,-202,-19,"Malombe","2"
"072","KITUI CENTRAL","15072035504407","CENTRAL PRIMARY SCHOOL",206,25,51,2,288,4,284,8.80281690140845,72.5352112676056,17.9577464788732,0.704225352112676,1.38888888888889,-181,-26,"Malombe","2"
"072","KITUI CENTRAL","15072035504501","MUSLIM PRIMARY SCHOOL",228,27,54,2,316,5,311,8.68167202572347,73.3118971061093,17.3633440514469,0.643086816720257,1.58227848101266,-201,-27,"Malombe","2"
"072","KITUI CENTRAL","15072035504502","MUSLIM PRIMARY SCHOOL",236,20,57,0,314,1,313,6.38977635782748,75.3993610223642,18.2108626198083,0,0.318471337579618,-216,-37,"Malombe","2"
"072","KITUI CENTRAL","15072035504503","MUSLIM PRIMARY SCHOOL",217,27,63,3,311,1,310,8.70967741935484,70,20.3225806451613,0.967741935483871,0.321543408360129,-190,-36,"Malombe","2"
"072","KITUI CENTRAL","15072035504601","KATYETHOKA SECONDARY SCHOOL",110,8,17,2,139,2,137,5.83941605839416,80.2919708029197,12.4087591240876,1.45985401459854,1.43884892086331,-102,-9,"Malombe","3"
"072","KITUI CENTRAL","15072035504701","MUTENDEA MIXED SECONDARY SCHOOL",31,3,2,0,36,0,36,8.33333333333333,86.1111111111111,5.55555555555556,0,0,-28,1,"Malombe","3"
"072","KITUI CENTRAL","15072035504801","KITUI REGIONAL RESEARCH CENTRE",101,12,21,2,136,0,136,8.82352941176471,74.2647058823529,15.4411764705882,1.47058823529412,0,-89,-9,"Malombe","3"
"072","KITUI CENTRAL","15072035504901","KITUI SCHOOL FOR MENTALLY HANDICAPPED",229,21,40,0,291,1,290,7.24137931034483,78.9655172413793,13.7931034482759,0,0.343642611683849,-208,-19,"Malombe","2"
"072","KITUI CENTRAL","15072035505001","ACK ST.LUKES CENTRAL",68,10,29,0,109,2,107,9.34579439252336,63.5514018691589,27.1028037383178,0,1.8348623853211,-58,-19,"Malombe","3"
"072","KITUI CENTRAL","15072035505101","JUAKALI SHEDS",233,26,49,4,314,2,312,8.33333333333333,74.6794871794872,15.7051282051282,1.28205128205128,0.636942675159236,-207,-23,"Malombe","2"
"072","KITUI CENTRAL","15072035505102","JUAKALI SHEDS",223,23,58,2,318,12,306,7.51633986928105,72.875816993464,18.9542483660131,0.65359477124183,3.77358490566038,-200,-35,"Malombe","2"
"072","KITUI CENTRAL","15072035505201","IQRA NURSERY SCHOOL",168,28,40,2,242,4,238,11.7647058823529,70.5882352941177,16.8067226890756,0.840336134453782,1.65289256198347,-140,-12,"Malombe","2"
"072","KITUI CENTRAL","15072035505301","MAENDELEO YA WANAWAKE",258,26,48,3,335,0,335,7.76119402985075,77.0149253731343,14.3283582089552,0.895522388059702,0,-232,-22,"Malombe","2"
"072","KITUI CENTRAL","15072035505401","KITUI MEDICAL TRAINING COLLEGE",127,8,29,2,168,2,166,4.81927710843374,76.5060240963855,17.4698795180723,1.20481927710843,1.19047619047619,-119,-21,"Malombe","3"
"072","KITUI CENTRAL","15072035505402","KITUI MEDICAL TRAINING COLLEGE",120,10,28,0,161,3,158,6.32911392405063,75.9493670886076,17.7215189873418,0,1.86335403726708,-110,-18,"Malombe","3"
"072","KITUI CENTRAL","15072035505501","MUSLIM SECONDARY SCHOOL",198,28,56,2,286,2,284,9.85915492957746,69.7183098591549,19.7183098591549,0.704225352112676,0.699300699300699,-170,-28,"Malombe","2"
"072","KITUI CENTRAL","15072035505601","KITUI  TEACHERS TRAINING COLLEGE",83,9,16,0,108,0,108,8.33333333333333,76.8518518518518,14.8148148148148,0,0,-74,-7,"Malombe","3"
"072","KITUI CENTRAL","15072035505701","GK PRISONS WORKSHOP HALL",79,10,9,0,100,2,98,10.2040816326531,80.6122448979592,9.18367346938776,0,2,-69,1,"Malombe","3"
"072","KITUI CENTRAL","15072035515501","KALUNDU MARKET",120,13,41,0,175,1,174,7.47126436781609,68.9655172413793,23.5632183908046,0,0.571428571428571,-107,-28,"Malombe","3"
"072","KITUI CENTRAL","15072035605801","KAKUUNI PRIMARY SCHOOL",284,7,10,5,310,4,306,2.28758169934641,92.8104575163399,3.26797385620915,1.63398692810458,1.29032258064516,-277,-3,"Malombe","2"
"072","KITUI CENTRAL","15072035605901","KAVUTA PRIMARY SCHOOL",298,17,6,0,323,2,321,5.29595015576324,92.8348909657321,1.86915887850467,0,0.619195046439629,-281,11,"Malombe","2"
"072","KITUI CENTRAL","15072035606001","MBUSYANI PRIMARY SCHOOL",405,6,17,0,428,0,428,1.4018691588785,94.6261682242991,3.97196261682243,0,0,-399,-11,"Malombe","2"
"072","KITUI CENTRAL","15072035606101","KWA IKOLANYA PRIMARY SCHOOL",179,2,20,1,205,3,202,0.99009900990099,88.6138613861386,9.9009900990099,0.495049504950495,1.46341463414634,-177,-18,"Malombe","3"
"072","KITUI CENTRAL","15072035606201","ITHOOKWE PRIMARY SCHOOL",213,10,66,2,291,0,291,3.43642611683849,73.1958762886598,22.680412371134,0.687285223367698,0,-203,-56,"Malombe","2"
"072","KITUI CENTRAL","15072035606202","ITHOOKWE PRIMARY SCHOOL",213,12,68,4,298,1,297,4.04040404040404,71.7171717171717,22.8956228956229,1.34680134680135,0.335570469798658,-201,-56,"Malombe","2"
"072","KITUI CENTRAL","15072035606203","ITHOOKWE PRIMARY SCHOOL",205,21,74,5,306,1,305,6.88524590163934,67.2131147540984,24.2622950819672,1.63934426229508,0.326797385620915,-184,-53,"Malombe","2"
"072","KITUI CENTRAL","15072035606301","KWA MAINGI PRIMARY SCHOOL",156,3,12,0,171,0,171,1.75438596491228,91.2280701754386,7.01754385964912,0,0,-153,-9,"Malombe","3"
"072","KITUI CENTRAL","15072035606401","ILOOI PRIMARY SCHOOL",187,12,50,3,255,3,252,4.76190476190476,74.2063492063492,19.8412698412698,1.19047619047619,1.17647058823529,-175,-38,"Malombe","2"
"072","KITUI CENTRAL","15072035606501","UNYAA PRIMARY SCHOOL",267,13,31,2,318,5,313,4.15335463258786,85.3035143769968,9.90415335463259,0.638977635782748,1.57232704402516,-254,-18,"Malombe","2"
"072","KITUI CENTRAL","15072035606502","UNYAA PRIMARY SCHOOL",253,11,31,2,299,2,297,3.7037037037037,85.1851851851852,10.4377104377104,0.673400673400673,0.668896321070234,-242,-20,"Malombe","2"
"072","KITUI CENTRAL","15072035606601","KWA KUNUVWA PRIMARY SCHOOL",285,47,10,1,394,51,343,13.7026239067055,83.0903790087464,2.91545189504373,0.291545189504373,12.9441624365482,-238,37,"Malombe","1"
"072","KITUI CENTRAL","15072035606701","NDUMONI PRIMARY SCHOOL",160,11,27,1,231,32,199,5.52763819095477,80.4020100502513,13.5678391959799,0.50251256281407,13.8528138528139,-149,-16,"Malombe","1"
"072","KITUI CENTRAL","15072035606702","NDUMONI PRIMARY SCHOOL",174,17,31,4,228,2,226,7.52212389380531,76.9911504424779,13.716814159292,1.76991150442478,0.87719298245614,-157,-14,"Malombe","2"
"072","KITUI CENTRAL","15072035606801","ITHIANI PRIMARY SCHOOL",435,16,19,1,472,1,471,3.39702760084926,92.3566878980892,4.03397027600849,0.212314225053079,0.211864406779661,-419,-3,"Malombe","2"
"072","KITUI CENTRAL","15072035606901","TIVA PRIMARY SCHOOL",196,23,15,2,239,3,236,9.74576271186441,83.0508474576271,6.35593220338983,0.847457627118644,1.25523012552301,-173,8,"Malombe","2"
"072","KITUI CENTRAL","15072035607001","IMALE PRIMARY SCHOOL",102,13,4,0,120,1,119,10.9243697478992,85.7142857142857,3.36134453781513,0,0.833333333333333,-89,9,"Malombe","3"
"072","KITUI CENTRAL","15072035607101","MANGINA PRIMARY SCHOOL",245,1,12,0,258,0,258,0.387596899224806,94.9612403100775,4.65116279069767,0,0,-244,-11,"Malombe","2"
"072","KITUI CENTRAL","15072035607201","ISEVINI PRIMARY SCHOOL",110,2,13,0,125,0,125,1.6,88,10.4,0,0,-108,-11,"Malombe","3"
"072","KITUI CENTRAL","15072035607301","KISYOKA PRIMARY SCHOOL",154,6,16,3,179,0,179,3.35195530726257,86.0335195530726,8.93854748603352,1.67597765363128,0,-148,-10,"Malombe","3"
"072","KITUI CENTRAL","15072035607401","KALIAKAKYA PRIMARY SCHOOL",399,2,9,0,414,4,410,0.48780487804878,97.3170731707317,2.19512195121951,0,0.966183574879227,-397,-7,"Malombe","2"
"072","KITUI CENTRAL","15072035607501","KWA-MUKASA PRIMARY SCHOOL",268,3,6,1,279,1,278,1.07913669064748,96.4028776978417,2.15827338129496,0.359712230215827,0.3584229390681,-265,-3,"Malombe","2"
"072","KITUI CENTRAL","15072035607601","ITOLEKA SECONDARY",343,7,23,1,375,1,374,1.8716577540107,91.7112299465241,6.14973262032086,0.267379679144385,0.266666666666667,-336,-16,"Malombe","2"
"072","KITUI CENTRAL","15072035607701","ITHIMANI PRIMARY SCHOOL",213,2,2,0,217,0,217,0.921658986175115,98.1566820276498,0.921658986175115,0,0,-211,0,"Malombe","2"
"072","KITUI CENTRAL","15072035607801","MULUTU PRIMARY SCHOOL",338,10,25,1,376,2,374,2.67379679144385,90.3743315508021,6.68449197860963,0.267379679144385,0.531914893617021,-328,-15,"Malombe","2"
"072","KITUI CENTRAL","15072035607802","MULUTU PRIMARY SCHOOL",311,7,24,0,344,2,342,2.04678362573099,90.9356725146199,7.01754385964912,0,0.581395348837209,-304,-17,"Malombe","2"
"072","KITUI CENTRAL","15072035607803","MULUTU PRIMARY SCHOOL",312,2,21,0,339,4,335,0.597014925373134,93.1343283582089,6.26865671641791,0,1.17994100294985,-310,-19,"Malombe","2"
"072","KITUI CENTRAL","15072035607901","KALIKUVU PRIMARY SCHOOL",129,6,20,2,157,0,157,3.82165605095541,82.1656050955414,12.7388535031847,1.27388535031847,0,-123,-14,"Malombe","3"
"072","KITUI CENTRAL","15072035608001","MALUNGU PRIMARY SCHOOL",128,3,10,2,146,3,143,2.0979020979021,89.5104895104895,6.99300699300699,1.3986013986014,2.05479452054794,-125,-7,"Malombe","3"
"072","KITUI CENTRAL","15072035608101","ISAANGWA PRIMARY SCHOOL",195,21,29,4,250,1,249,8.43373493975904,78.3132530120482,11.6465863453815,1.60642570281124,0.4,-174,-8,"Malombe","2"
"072","KITUI CENTRAL","15072035608201","KANGOSE PRIMARY SCHOOL",81,2,3,0,86,0,86,2.32558139534884,94.1860465116279,3.48837209302326,0,0,-79,-1,"Malombe","3"
"072","KITUI CENTRAL","15072035608301","KALIMENZA PRIMARY SCHOOL",168,7,4,0,179,0,179,3.91061452513966,93.854748603352,2.23463687150838,0,0,-161,3,"Malombe","3"
"072","KITUI CENTRAL","15072035608401","ITOLEKA COMMUNITY RESOURCE CENTRE",206,1,20,0,228,1,227,0.440528634361234,90.7488986784141,8.81057268722467,0,0.43859649122807,-205,-19,"Malombe","2"
"072","KITUI CENTRAL","15072035608501","ITHIANI YOUTH POLYTECHNIC",237,3,9,0,249,0,249,1.20481927710843,95.1807228915663,3.6144578313253,0,0,-234,-6,"Malombe","2"
"072","KITUI CENTRAL","15072035608601","TIVA SECONDARY SCHOOL",174,6,8,2,190,0,190,3.15789473684211,91.5789473684211,4.21052631578947,1.05263157894737,0,-168,-2,"Malombe","3"
"072","KITUI CENTRAL","15072035608701","NG'OLENI PRIMARY SCHOOL",170,7,7,0,184,0,184,3.80434782608696,92.3913043478261,3.80434782608696,0,0,-163,0,"Malombe","3"
"072","KITUI CENTRAL","15072035608801","KWODEP-COMMUNITY HALL",122,2,3,0,129,2,127,1.5748031496063,96.0629921259843,2.36220472440945,0,1.55038759689922,-120,-1,"Malombe","3"
"072","KITUI CENTRAL","15072035615501","MASOKA MARKET",109,7,14,2,135,3,132,5.3030303030303,82.5757575757576,10.6060606060606,1.51515151515152,2.22222222222222,-102,-7,"Malombe","3"
"072","KITUI CENTRAL","15072035616001","MAVIANI PRIMARY SCHOOL",66,8,8,1,85,2,83,9.63855421686747,79.5180722891566,9.63855421686747,1.20481927710843,2.35294117647059,-58,0,"Malombe","3"
"072","KITUI CENTRAL","15072035616101","IVOVOA PRIMARY SCHOOL",116,3,11,3,133,0,133,2.25563909774436,87.218045112782,8.27067669172932,2.25563909774436,0,-113,-8,"Malombe","3"
"072","KITUI CENTRAL","15072035616201","SOOMA PRIMARY SCHOOL",78,0,4,0,82,0,82,0,95.1219512195122,4.8780487804878,0,0,-78,-4,"Malombe","3"
"072","KITUI CENTRAL","15072035708901","NDETANI PRIMARY SCHOOL",173,6,19,0,199,1,198,3.03030303030303,87.3737373737374,9.5959595959596,0,0.50251256281407,-167,-13,"Malombe","3"
"072","KITUI CENTRAL","15072035709001","YAKALIA PRIMARY SCHOOL",185,5,24,5,220,4,216,2.31481481481481,85.6481481481482,11.1111111111111,2.31481481481481,1.81818181818182,-180,-19,"Malombe","2"
"072","KITUI CENTRAL","15072035709002","YAKALIA PRIMARY SCHOOL",186,6,19,5,220,4,216,2.77777777777778,86.1111111111111,8.7962962962963,2.31481481481481,1.81818181818182,-180,-13,"Malombe","2"
"072","KITUI CENTRAL","15072035709101","MITHONGO PRIMARY SCHOOL",144,4,20,0,168,0,168,2.38095238095238,85.7142857142857,11.9047619047619,0,0,-140,-16,"Malombe","3"
"072","KITUI CENTRAL","15072035709201","YUMBISYE SECONDARY SCHOOL",234,25,28,2,289,0,289,8.65051903114187,80.9688581314879,9.68858131487889,0.69204152249135,0,-209,-3,"Malombe","2"
"072","KITUI CENTRAL","15072035709202","YUMBISYE SECONDARY SCHOOL",210,9,33,0,253,1,252,3.57142857142857,83.3333333333333,13.0952380952381,0,0.395256916996047,-201,-24,"Malombe","2"
"072","KITUI CENTRAL","15072035709301","YUMBISYE PRIMARY SCHOOL",189,6,22,3,222,2,220,2.72727272727273,85.9090909090909,10,1.36363636363636,0.900900900900901,-183,-16,"Malombe","2"
"072","KITUI CENTRAL","15072035709401","KANGALU PRIMARY",289,9,54,2,358,4,354,2.54237288135593,81.638418079096,15.2542372881356,0.564971751412429,1.11731843575419,-280,-45,"Malombe","2"
"072","KITUI CENTRAL","15072035709501","KYAMBITI PRIMARY SCHOOL",153,16,42,0,223,12,211,7.58293838862559,72.5118483412322,19.9052132701422,0,5.38116591928251,-137,-26,"Malombe","2"
"072","KITUI CENTRAL","15072035709502","KYAMBITI PRIMARY SCHOOL",169,16,44,3,233,1,232,6.89655172413793,72.8448275862069,18.9655172413793,1.29310344827586,0.429184549356223,-153,-28,"Malombe","2"
"072","KITUI CENTRAL","15072035709601","KAUMBA PRIMARY SCHOOL",272,34,64,1,373,2,371,9.1644204851752,73.3153638814016,17.2506738544474,0.269541778975741,0.536193029490617,-238,-30,"Malombe","2"
"072","KITUI CENTRAL","15072035709701","KAVISI PRIMARY SCHOOL",113,6,7,2,128,0,128,4.6875,88.28125,5.46875,1.5625,0,-107,-1,"Malombe","3"
"072","KITUI CENTRAL","15072035709801","KITUNDU PRIMARY SCHOOL",131,10,59,2,202,0,202,4.95049504950495,64.8514851485149,29.2079207920792,0.99009900990099,0,-121,-49,"Malombe","3"
"072","KITUI CENTRAL","15072035709901","MANOONI PRIMARY SCHOOL",72,2,20,1,95,0,95,2.10526315789474,75.7894736842105,21.0526315789474,1.05263157894737,0,-70,-18,"Malombe","3"
"072","KITUI CENTRAL","15072035710001","WII PRIMARY SCHOOL",197,7,20,0,224,0,224,3.125,87.9464285714286,8.92857142857143,0,0,-190,-13,"Malombe","2"
"072","KITUI CENTRAL","15072035710002","WII PRIMARY SCHOOL",194,9,15,0,219,1,218,4.12844036697248,88.9908256880734,6.88073394495413,0,0.45662100456621,-185,-6,"Malombe","2"
"072","KITUI CENTRAL","15072035710101","ACK KAVOKO PRIMARY SCHOOL",286,16,38,5,345,0,345,4.63768115942029,82.8985507246377,11.0144927536232,1.44927536231884,0,-270,-22,"Malombe","2"
"072","KITUI CENTRAL","15072035710201","KYANGUNGA PRIMARY SCHOOL",226,13,55,2,297,1,296,4.39189189189189,76.3513513513514,18.5810810810811,0.675675675675676,0.336700336700337,-213,-42,"Malombe","2"
"072","KITUI CENTRAL","15072035710202","KYANGUNGA PRIMARY SCHOOL",225,5,54,1,288,3,285,1.75438596491228,78.9473684210526,18.9473684210526,0.350877192982456,1.04166666666667,-220,-49,"Malombe","2"
"072","KITUI CENTRAL","15072035710301","MULANGO PRIMARY SCHOOL",198,15,32,1,276,30,246,6.09756097560976,80.4878048780488,13.0081300813008,0.40650406504065,10.8695652173913,-183,-17,"Malombe","1"
"072","KITUI CENTRAL","15072035710401","KATHUNGU PRIMARY SCHOOL",182,8,21,2,214,0,214,3.73831775700935,85.0467289719626,9.81308411214953,0.934579439252336,0,-174,-13,"Malombe","2"
"072","KITUI CENTRAL","15072035710501","KATULANI PRIMARY SCHOOL",169,9,24,2,205,1,204,4.41176470588235,82.843137254902,11.7647058823529,0.980392156862745,0.48780487804878,-160,-15,"Malombe","3"
"072","KITUI CENTRAL","15072035710601","KIKUMINI PRIMARY SCHOOL",191,3,14,1,210,1,209,1.43540669856459,91.3875598086124,6.69856459330144,0.478468899521531,0.476190476190476,-188,-11,"Malombe","3"
"072","KITUI CENTRAL","15072035710701","NZUKINI PRIMARY SCHOOL",224,26,40,4,296,2,294,8.84353741496599,76.1904761904762,13.6054421768707,1.36054421768707,0.675675675675676,-198,-14,"Malombe","2"
"072","KITUI CENTRAL","15072035710801","KISEKINI PRIMARY",198,8,43,2,251,0,251,3.18725099601594,78.8844621513944,17.1314741035857,0.796812749003984,0,-190,-35,"Malombe","2"
"072","KITUI CENTRAL","15072035710901","KATHUNGI PRIMARY SCHOOL",206,6,22,1,236,1,235,2.5531914893617,87.6595744680851,9.36170212765957,0.425531914893617,0.423728813559322,-200,-16,"Malombe","2"
"072","KITUI CENTRAL","15072035710902","KATHUNGI PRIMARY SCHOOL",206,9,24,2,243,2,241,3.7344398340249,85.4771784232365,9.95850622406639,0.829875518672199,0.823045267489712,-197,-15,"Malombe","2"
"072","KITUI CENTRAL","15072035711001","KATULANI SOCIAL HALL",240,15,35,9,300,1,299,5.01672240802676,80.2675585284281,11.7056856187291,3.01003344481605,0.333333333333333,-225,-20,"Malombe","2"
"072","KITUI CENTRAL","15072035711101","KAMUTI PRIMARY SCHOOL",177,7,32,2,222,4,218,3.21100917431193,81.1926605504587,14.6788990825688,0.917431192660551,1.8018018018018,-170,-25,"Malombe","2"
"072","KITUI CENTRAL","15072035711201","NZUNGUNI PRIMARY SCHOOL",96,4,8,0,108,0,108,3.7037037037037,88.8888888888889,7.40740740740741,0,0,-92,-4,"Malombe","3"
"072","KITUI CENTRAL","15072035711301","KANYUMU PRIMARY SCHOOL",104,2,11,3,120,0,120,1.66666666666667,86.6666666666667,9.16666666666667,2.5,0,-102,-9,"Malombe","3"
"072","KITUI CENTRAL","15072035711401","KITHAMBA NGII PRIMARY SCHOOL",170,8,29,1,209,1,208,3.84615384615385,81.7307692307692,13.9423076923077,0.480769230769231,0.478468899521531,-162,-21,"Malombe","3"
"072","KITUI CENTRAL","15072035711501","KATHUKINI PRIMARY SCHOOL",332,6,52,6,398,2,396,1.51515151515152,83.8383838383838,13.1313131313131,1.51515151515152,0.50251256281407,-326,-46,"Malombe","2"
"072","KITUI CENTRAL","15072035711601","MAAMANI PRIMARY SCHOOL",62,5,38,2,108,1,107,4.67289719626168,57.9439252336449,35.5140186915888,1.86915887850467,0.925925925925926,-57,-33,"Malombe","3"
"072","KITUI CENTRAL","15072035711701","MAAINI PRIMARY SCHOOL",107,3,40,0,150,0,150,2,71.3333333333333,26.6666666666667,0,0,-104,-37,"Malombe","3"
"072","KITUI CENTRAL","15072035711801","MULANGO GIRLS SECONDARY SCHOOL",163,7,21,0,191,0,191,3.66492146596859,85.3403141361257,10.9947643979058,0,0,-156,-14,"Malombe","3"
"072","KITUI CENTRAL","15072035711901","KYANGULU NURSERY SCHOOL",56,3,8,0,68,1,67,4.47761194029851,83.5820895522388,11.9402985074627,0,1.47058823529412,-53,-5,"Malombe","3"
"072","KITUI CENTRAL","15072035712001","MUSYAU PRIMARY SCHOOL",106,13,43,1,165,2,163,7.97546012269939,65.0306748466258,26.3803680981595,0.613496932515337,1.21212121212121,-93,-30,"Malombe","3"
"072","KITUI CENTRAL","15072035712101","KILUKUYA PRIMARY SCHOOL",143,13,56,4,219,3,216,6.01851851851852,66.2037037037037,25.9259259259259,1.85185185185185,1.36986301369863,-130,-43,"Malombe","2"
"072","KITUI CENTRAL","15072035712201","SYILUMANI PRIMARY SCHOOL",74,0,7,0,84,3,81,0,91.358024691358,8.64197530864197,0,3.57142857142857,-74,-7,"Malombe","3"
"072","KITUI CENTRAL","15072035712301","IVUKU PRIMARY SCHOOL",171,3,24,0,200,2,198,1.51515151515152,86.3636363636364,12.1212121212121,0,1,-168,-21,"Malombe","3"
"072","KITUI CENTRAL","15072035712401","KANGUNDO PRIMARY SCHOOL",48,2,28,0,78,0,78,2.56410256410256,61.5384615384615,35.8974358974359,0,0,-46,-26,"Malombe","3"
"072","KITUI CENTRAL","15072035715901","MWANIA PRIMARY",58,1,2,0,62,1,61,1.63934426229508,95.0819672131148,3.27868852459016,0,1.61290322580645,-57,-1,"Malombe","3"
"072","KITUI CENTRAL","15072035716301","KYANDUI PRIMARY SCHOOL",165,4,11,1,185,4,181,2.20994475138122,91.1602209944751,6.07734806629834,0.552486187845304,2.16216216216216,-161,-7,"Malombe","3"
"072","KITUI CENTRAL","15072035812501","MUTUNE GIRLS PRIMARY SCHOOL",139,27,14,1,181,0,181,14.9171270718232,76.7955801104972,7.73480662983425,0.552486187845304,0,-112,13,"Malombe","3"
"072","KITUI CENTRAL","15072035812601","KILUNGU PRIMARY SCHOOL",182,26,42,1,251,0,251,10.3585657370518,72.5099601593625,16.7330677290837,0.398406374501992,0,-156,-16,"Malombe","2"
"072","KITUI CENTRAL","15072035812701","ST.PATRICKS SECONDARY SCHOOL-MUTUNE",173,40,26,0,239,0,239,16.7364016736402,72.3849372384937,10.8786610878661,0,0,-133,14,"Malombe","2"
"072","KITUI CENTRAL","15072035812801","KAVUTINI PRIMARY SCHOOL",213,25,38,2,280,2,278,8.99280575539568,76.6187050359712,13.6690647482014,0.719424460431655,0.714285714285714,-188,-13,"Malombe","2"
"072","KITUI CENTRAL","15072035812901","WANZUA PRIMARY SCHOOL",141,11,112,0,264,0,264,4.16666666666667,53.4090909090909,42.4242424242424,0,0,-130,-101,"Malombe","2"
"072","KITUI CENTRAL","15072035813001","KITIMUI PRIMARY SCHOOL",167,7,41,2,219,2,217,3.2258064516129,76.9585253456221,18.8940092165899,0.921658986175115,0.91324200913242,-160,-34,"Malombe","2"
"072","KITUI CENTRAL","15072035813101","KWA MBOO PRIMARY SCHOOL",172,12,140,1,325,0,325,3.69230769230769,52.9230769230769,43.0769230769231,0.307692307692308,0,-160,-128,"Malombe","2"
"072","KITUI CENTRAL","15072035813201","NGUMBWA PRIMARY SCHOOL",155,3,25,0,184,1,183,1.63934426229508,84.6994535519126,13.6612021857924,0,0.543478260869565,-152,-22,"Malombe","3"
"072","KITUI CENTRAL","15072035813301","KWA-UKUNGU PRIMARY SCHOOL",290,21,62,4,380,3,377,5.57029177718833,76.9230769230769,16.4456233421751,1.06100795755968,0.789473684210526,-269,-41,"Malombe","2"
"072","KITUI CENTRAL","15072035813302","KWA-UKUNGU PRIMARY SCHOOL",290,19,55,1,365,0,365,5.20547945205479,79.4520547945205,15.0684931506849,0.273972602739726,0,-271,-36,"Malombe","2"
"072","KITUI CENTRAL","15072035813401","MULUNDI PRIMARY SCHOOL",368,25,24,4,422,1,421,5.93824228028503,87.4109263657957,5.70071258907363,0.950118764845606,0.23696682464455,-343,1,"Malombe","2"
"072","KITUI CENTRAL","15072035813402","MULUNDI PRIMARY SCHOOL",372,21,24,3,423,3,420,5,88.5714285714286,5.71428571428571,0.714285714285714,0.709219858156028,-351,-3,"Malombe","2"
"072","KITUI CENTRAL","15072035813501","MAKUTANO MARKET",300,28,40,1,370,1,369,7.58807588075881,81.3008130081301,10.840108401084,0.2710027100271,0.27027027027027,-272,-12,"Malombe","2"
"072","KITUI CENTRAL","15072035813601","MAKUTANO PRIMARY SCHOOL",248,35,21,3,307,0,307,11.400651465798,80.7817589576547,6.84039087947883,0.977198697068404,0,-213,14,"Malombe","2"
"072","KITUI CENTRAL","15072035813701","KALAWA PRIMARY SCHOOL",152,6,20,0,180,2,178,3.37078651685393,85.3932584269663,11.2359550561798,0,1.11111111111111,-146,-14,"Malombe","3"
"072","KITUI CENTRAL","15072035813801","KWA-NGINDU PRIMARY SCHOOL",271,30,31,3,339,4,335,8.95522388059701,80.8955223880597,9.25373134328358,0.895522388059702,1.17994100294985,-241,-1,"Malombe","2"
"072","KITUI CENTRAL","15072035813802","KWA-NGINDU PRIMARY SCHOOL",288,15,37,1,343,2,341,4.39882697947214,84.4574780058651,10.8504398826979,0.293255131964809,0.583090379008746,-273,-22,"Malombe","2"
"072","KITUI CENTRAL","15072035813803","KWA-NGINDU PRIMARY SCHOOL",290,25,31,1,349,2,347,7.20461095100865,83.5734870317003,8.93371757925072,0.288184438040346,0.573065902578797,-265,-6,"Malombe","2"
"072","KITUI CENTRAL","15072035813901","KWANZOU PRIMARY SCHOOL",109,6,14,1,130,0,130,4.61538461538462,83.8461538461539,10.7692307692308,0.769230769230769,0,-103,-8,"Malombe","3"
"072","KITUI CENTRAL","15072035814001","KYALILINI PRIMARY SCHOOL",188,8,87,4,289,2,287,2.78745644599303,65.5052264808362,30.3135888501742,1.39372822299652,0.69204152249135,-180,-79,"Malombe","2"
"072","KITUI CENTRAL","15072035814101","WALUKU PRIMARY SCHOOL",176,19,84,2,283,2,281,6.76156583629893,62.6334519572954,29.8932384341637,0.711743772241993,0.706713780918728,-157,-65,"Malombe","2"
"072","KITUI CENTRAL","15072035814201","MUSEVE PRIMARY SCHOOL",245,15,64,2,328,0,328,4.57317073170732,74.6951219512195,19.5121951219512,0.609756097560976,0,-230,-49,"Malombe","2"
"072","KITUI CENTRAL","15072035814202","MUSEVE PRIMARY SCHOOL",209,8,102,2,322,1,321,2.49221183800623,65.1090342679128,31.7757009345794,0.623052959501558,0.31055900621118,-201,-94,"Malombe","2"
"072","KITUI CENTRAL","15072035814301","NGWANI MARKET",187,17,19,2,227,2,225,7.55555555555556,83.1111111111111,8.44444444444444,0.888888888888889,0.881057268722467,-170,-2,"Malombe","2"
"072","KITUI CENTRAL","15072035814302","NGWANI MARKET",199,12,15,2,229,1,228,5.26315789473684,87.280701754386,6.57894736842105,0.87719298245614,0.436681222707424,-187,-3,"Malombe","2"
"072","KITUI CENTRAL","15072035814401","KATIA PRIMARY SCHOOL.",194,4,29,1,228,0,228,1.75438596491228,85.0877192982456,12.719298245614,0.43859649122807,0,-190,-25,"Malombe","2"
"072","KITUI CENTRAL","15072035814501","MUTULUKUNI SECONDARY SCHOOL",151,17,90,3,261,0,261,6.51340996168582,57.8544061302682,34.4827586206897,1.14942528735632,0,-134,-73,"Malombe","2"
"072","KITUI CENTRAL","15072035814601","KWA-NGINDU SECONDARY SCHOOL",76,14,8,0,102,4,98,14.2857142857143,77.5510204081633,8.16326530612245,0,3.92156862745098,-62,6,"Malombe","3"
"072","KITUI CENTRAL","15072035814701","KABAA SECONDARY SCHOOL",334,2,34,1,377,6,371,0.539083557951483,90.0269541778976,9.1644204851752,0.269541778975741,1.59151193633952,-332,-32,"Malombe","2"
"072","KITUI CENTRAL","15072035814801","ST. THOMAS AQUINAS-KALAWA 
SECONDARY SCHOOL.",85,11,5,1,103,1,102,10.7843137254902,83.3333333333333,4.90196078431373,0.980392156862745,0.970873786407767,-74,6,"Malombe","3"
"072","KITUI CENTRAL","15072035814901","KITUI PRIMARY SCHOOL",118,7,50,1,178,2,176,3.97727272727273,67.0454545454545,28.4090909090909,0.568181818181818,1.12359550561798,-111,-43,"Malombe","3"
"072","KITUI CENTRAL","15072035815001","IVAINI SECONDARY SCHOOL",119,9,85,1,215,1,214,4.20560747663551,55.607476635514,39.7196261682243,0.467289719626168,0.465116279069767,-110,-76,"Malombe","2"
"072","KITUI CENTRAL","15072035815101","KASYALA PRIMARY SCHOOL",225,6,41,6,274,1,273,2.1978021978022,82.4175824175824,15.018315018315,2.1978021978022,0.364963503649635,-219,-35,"Malombe","2"
"072","KITUI CENTRAL","15072035815201","KANG'AU PRIMARY SCHOOL",177,21,101,1,300,0,300,7,59,33.6666666666667,0.333333333333333,0,-156,-80,"Malombe","2"
"072","KITUI CENTRAL","15072035815301","ST. ANGELAS GIRLS SEC. SCH.",203,22,27,1,257,4,253,8.69565217391304,80.2371541501976,10.6719367588933,0.395256916996047,1.55642023346304,-181,-5,"Malombe","2"
"072","KITUI CENTRAL","15072035815401","KWA KAME",95,6,16,0,119,2,117,5.12820512820513,81.1965811965812,13.6752136752137,0,1.68067226890756,-89,-10,"Malombe","3"
"072","KITUI CENTRAL","15072035815801","NGUNGI PRIMARY",59,3,18,0,80,0,80,3.75,73.75,22.5,0,0,-56,-15,"Malombe","3"
"073","KITUI EAST","15073035900101","NGUNGI PRIMARY SCHOOL",236,9,136,0,386,5,381,2.36220472440945,61.9422572178478,35.6955380577428,0,1.29533678756477,-227,-127,"Malombe","2"
"073","KITUI EAST","15073035900201","THUA PRIMARY SCHOOL",181,3,29,0,216,3,213,1.40845070422535,84.9765258215963,13.6150234741784,0,1.38888888888889,-178,-26,"Malombe","2"
"073","KITUI EAST","15073035900301","KASUNGUNI PRIMARY SCHOOL",152,5,91,0,255,3,252,1.98412698412698,60.3174603174603,36.1111111111111,0,1.17647058823529,-147,-86,"Malombe","2"
"073","KITUI EAST","15073035900401","ZOMBE PRIMARY SCHOOL",213,27,74,1,319,4,315,8.57142857142857,67.6190476190476,23.4920634920635,0.317460317460317,1.25391849529781,-186,-47,"Malombe","2"
"073","KITUI EAST","15073035900402","ZOMBE PRIMARY SCHOOL",216,16,89,2,326,3,323,4.95356037151703,66.8730650154799,27.5541795665635,0.619195046439629,0.920245398773006,-200,-73,"Malombe","2"
"073","KITUI EAST","15073035900501","KAUMU PRIMARY SCHOOL",158,6,130,1,300,1,299,2.0066889632107,52.8428093645485,43.4782608695652,0.334448160535117,0.333333333333333,-152,-124,"Malombe","2"
"073","KITUI EAST","15073035900601","KATHANDE PRIMARY SCHOOL",135,17,50,0,205,3,202,8.41584158415842,66.8316831683168,24.7524752475248,0,1.46341463414634,-118,-33,"Malombe","3"
"073","KITUI EAST","15073035900701","KAVAANI PRIMARY SCHOOL",245,15,119,0,382,3,379,3.95778364116095,64.6437994722955,31.3984168865435,0,0.785340314136126,-230,-104,"Malombe","2"
"073","KITUI EAST","15073035900801","ITHANGATHI PRIMARY SCHOOL",195,5,43,0,244,1,243,2.05761316872428,80.2469135802469,17.6954732510288,0,0.409836065573771,-190,-38,"Malombe","2"
"073","KITUI EAST","15073035900901","MAKONGO PRIMARY SCHOOL",281,6,30,1,319,1,318,1.88679245283019,88.3647798742138,9.43396226415094,0.314465408805031,0.313479623824451,-275,-24,"Malombe","2"
"073","KITUI EAST","15073035901001","YAMANZA PRIMARY SCHOOL",71,0,16,0,87,0,87,0,81.6091954022989,18.3908045977011,0,0,-71,-16,"Malombe","3"
"073","KITUI EAST","15073035901101","IMBUVU PRIMARY SCHOOL",123,0,32,0,157,2,155,0,79.3548387096774,20.6451612903226,0,1.27388535031847,-123,-32,"Malombe","3"
"073","KITUI EAST","15073035901201","NGAAKA YAKWA PRIMARY SCHOOL",165,2,69,0,237,1,236,0.847457627118644,69.9152542372881,29.2372881355932,0,0.421940928270042,-163,-67,"Malombe","2"
"073","KITUI EAST","15073035901202","NGAAKA YAKWA PRIMARY SCHOOL",174,1,65,0,240,0,240,0.416666666666667,72.5,27.0833333333333,0,0,-173,-64,"Malombe","2"
"073","KITUI EAST","15073035901301","KATIKONI PRIMARY SCHOOL",113,8,97,0,219,1,218,3.6697247706422,51.8348623853211,44.4954128440367,0,0.45662100456621,-105,-89,"Malombe","2"
"073","KITUI EAST","15073035901401","MWITIKA PRIMARY SCHOOL",219,5,60,0,286,2,284,1.76056338028169,77.112676056338,21.1267605633803,0,0.699300699300699,-214,-55,"Malombe","2"
"073","KITUI EAST","15073035901402","MWITIKA PRIMARY SCHOOL",210,10,44,2,271,5,266,3.7593984962406,78.9473684210526,16.5413533834586,0.75187969924812,1.8450184501845,-200,-34,"Malombe","2"
"073","KITUI EAST","15073035901501","KIKUU PRIMARY SCHOOL",317,6,91,7,425,4,421,1.42517814726841,75.2969121140142,21.6152019002375,1.66270783847981,0.941176470588235,-311,-85,"Malombe","2"
"073","KITUI EAST","15073035901601","KALINGA PRIMARY SCHOOL",149,5,98,4,256,0,256,1.953125,58.203125,38.28125,1.5625,0,-144,-93,"Malombe","2"
"073","KITUI EAST","15073035901701","KYULULU PRIMARY SCHOOL",213,21,82,1,317,0,317,6.62460567823344,67.192429022082,25.8675078864353,0.315457413249211,0,-192,-61,"Malombe","2"
"073","KITUI EAST","15073035901801","NZILANI PRUIMARY SCHOOL",62,3,105,2,172,0,172,1.74418604651163,36.046511627907,61.046511627907,1.16279069767442,0,-59,-102,"Musila","3"
"073","KITUI EAST","15073035901901","MALATANI PRIMARY SCHOOL",141,33,75,0,249,0,249,13.2530120481928,56.6265060240964,30.1204819277108,0,0,-108,-42,"Malombe","2"
"073","KITUI EAST","15073035902001","NZOOKONI PRIMARY SCHOOL",49,2,8,1,61,0,61,3.27868852459016,80.327868852459,13.1147540983607,1.63934426229508,0,-47,-6,"Malombe","3"
"073","KITUI EAST","15073035902101","KANDONGO PRIMARY SCHOOL",125,3,93,8,229,0,229,1.31004366812227,54.585152838428,40.6113537117904,3.49344978165939,0,-122,-90,"Malombe","2"
"073","KITUI EAST","15073035902201","KABATI PRIMARY SCHOOL",116,7,107,0,230,0,230,3.04347826086957,50.4347826086956,46.5217391304348,0,0,-109,-100,"Malombe","2"
"073","KITUI EAST","15073035902301","NZUNGUI PRIMARY SCHOOL",76,1,30,0,107,0,107,0.934579439252336,71.0280373831776,28.0373831775701,0,0,-75,-29,"Malombe","3"
"073","KITUI EAST","15073035902401","MAVIA MAIYU PRIMARY SCHOOL",76,1,95,1,173,0,173,0.578034682080925,43.9306358381503,54.9132947976879,0.578034682080925,0,-75,-94,"Musila","3"
"073","KITUI EAST","15073035902501","KAWEA PRIMARY SCHOOL",231,10,171,1,417,4,413,2.42130750605327,55.9322033898305,41.4043583535109,0.242130750605327,0.959232613908873,-221,-161,"Malombe","2"
"073","KITUI EAST","15073035902601","NGAIKINI NUSERY SCHOOL",38,1,44,0,83,0,83,1.20481927710843,45.7831325301205,53.0120481927711,0,0,-37,-43,"Musila","3"
"073","KITUI EAST","15073035902701","ZOMBE CANTEEN",120,13,72,1,206,0,206,6.31067961165049,58.252427184466,34.9514563106796,0.485436893203883,0,-107,-59,"Malombe","3"
"073","KITUI EAST","15073035902801","KISIUNI PRIMARY  SCHOOL",35,0,24,1,60,0,60,0,58.3333333333333,40,1.66666666666667,0,-35,-24,"Malombe","3"
"073","KITUI EAST","15073035902901","NGUUNI PRIMARY SCHOOL",83,0,44,1,128,0,128,0,64.84375,34.375,0.78125,0,-83,-44,"Malombe","3"
"073","KITUI EAST","15073035903001","KYANGENI PRIMARY SCHOOL",111,1,33,2,147,0,147,0.680272108843537,75.5102040816327,22.4489795918367,1.36054421768707,0,-110,-32,"Malombe","3"
"073","KITUI EAST","15073035903101","NGUUNI NURSERY SCHOOL",55,4,15,0,79,5,74,5.40540540540541,74.3243243243243,20.2702702702703,0,6.32911392405063,-51,-11,"Malombe","1"
"073","KITUI EAST","15073035915701","NGELANI PRIMARY SCHOOL",16,0,41,0,58,1,57,0,28.0701754385965,71.9298245614035,0,1.72413793103448,-16,-41,"Musila","3"
"073","KITUI EAST","15073035915801","MASUNGU PRIMARY SCHOOL",31,2,25,1,59,0,59,3.38983050847458,52.5423728813559,42.3728813559322,1.69491525423729,0,-29,-23,"Malombe","3"
"073","KITUI EAST","15073035915901","KALULI NURSERY",108,3,52,1,164,0,164,1.82926829268293,65.8536585365854,31.7073170731707,0.609756097560976,0,-105,-49,"Malombe","3"
"073","KITUI EAST","15073035916001","WANAMBA PRIMARY SCHOOL",78,3,32,0,115,2,113,2.65486725663717,69.0265486725664,28.3185840707965,0,1.73913043478261,-75,-29,"Malombe","3"
"073","KITUI EAST","15073035916101","KONGOEA PRIMARY SCHOOL",128,2,13,1,145,1,144,1.38888888888889,88.8888888888889,9.02777777777778,0.694444444444444,0.689655172413793,-126,-11,"Malombe","3"
"073","KITUI EAST","15073035916201","MANGOLA PRIMARY SCHOOL",44,2,31,1,78,0,78,2.56410256410256,56.4102564102564,39.7435897435897,1.28205128205128,0,-42,-29,"Malombe","3"
"073","KITUI EAST","15073035916301","KANGULI PRIMARY SCHOOL",61,1,17,0,79,0,79,1.26582278481013,77.2151898734177,21.5189873417722,0,0,-60,-16,"Malombe","3"
"073","KITUI EAST","15073035916401","KILIMBONI PRIMARY SCHOOL",87,3,13,2,105,0,105,2.85714285714286,82.8571428571429,12.3809523809524,1.9047619047619,0,-84,-10,"Malombe","3"
"073","KITUI EAST","15073036003201","CHULUNI GIRLS' SECONDARY  SCHOOL",187,55,57,2,305,4,301,18.2724252491694,62.1262458471761,18.936877076412,0.664451827242525,1.31147540983607,-132,-2,"Malombe","2"
"073","KITUI EAST","15073036003301","MOI PRIMARY SCHOOL",307,23,50,1,383,2,381,6.03674540682415,80.5774278215223,13.1233595800525,0.26246719160105,0.522193211488251,-284,-27,"Malombe","2"
"073","KITUI EAST","15073036003302","MOI PRIMARY SCHOOL",327,31,41,1,402,2,400,7.75,81.75,10.25,0.25,0.497512437810945,-296,-10,"Malombe","2"
"073","KITUI EAST","15073036003401","KAVALULA PRIMARY SCHOOL",209,62,30,2,304,1,303,20.4620462046205,68.976897689769,9.9009900990099,0.66006600660066,0.328947368421053,-147,32,"Malombe","2"
"073","KITUI EAST","15073036003402","KAVALULA PRIMARY SCHOOL",201,71,37,1,312,2,310,22.9032258064516,64.8387096774194,11.9354838709677,0.32258064516129,0.641025641025641,-130,34,"Malombe","2"
"073","KITUI EAST","15073036003501","KILONZO PRIMARY SCHOOL",186,37,42,4,271,2,269,13.7546468401487,69.1449814126394,15.6133828996283,1.48698884758364,0.738007380073801,-149,-5,"Malombe","2"
"073","KITUI EAST","15073036003502","KILONZO PRIMARY SCHOOL",179,47,42,5,275,2,273,17.2161172161172,65.5677655677656,15.3846153846154,1.83150183150183,0.727272727272727,-132,5,"Malombe","2"
"073","KITUI EAST","15073036003601","KIINI PRIMARY SCHOOL",232,22,46,4,305,1,304,7.23684210526316,76.3157894736842,15.1315789473684,1.31578947368421,0.327868852459016,-210,-24,"Malombe","2"
"073","KITUI EAST","15073036003602","KIINI PRIMARY SCHOOL",199,13,78,4,295,1,294,4.42176870748299,67.687074829932,26.530612244898,1.36054421768707,0.338983050847458,-186,-65,"Malombe","2"
"073","KITUI EAST","15073036003701","IKUYUNI PRIMARY SCHOOL",283,10,47,0,341,1,340,2.94117647058824,83.2352941176471,13.8235294117647,0,0.293255131964809,-273,-37,"Malombe","2"
"073","KITUI EAST","15073036003801","KANGWENI PRIMARY SCHOOL",187,9,43,1,242,2,240,3.75,77.9166666666667,17.9166666666667,0.416666666666667,0.826446280991736,-178,-34,"Malombe","2"
"073","KITUI EAST","15073036003802","KANGWENI PRIMARY SCHOOL",199,7,54,0,262,2,260,2.69230769230769,76.5384615384615,20.7692307692308,0,0.763358778625954,-192,-47,"Malombe","2"
"073","KITUI EAST","15073036003901","NGENGI PRIMARY SCHOOL",171,80,44,2,321,24,297,26.9360269360269,57.5757575757576,14.8148148148148,0.673400673400673,7.47663551401869,-91,36,"Malombe","1"
"073","KITUI EAST","15073036004001","SYOMBUKU PRIMARY SCHOOL",266,18,38,2,327,3,324,5.55555555555556,82.0987654320988,11.7283950617284,0.617283950617284,0.917431192660551,-248,-20,"Malombe","2"
"073","KITUI EAST","15073036004002","SYOMBUKU PRIMARY SCHOOL",285,12,32,2,333,2,331,3.62537764350453,86.1027190332326,9.66767371601208,0.604229607250755,0.600600600600601,-273,-20,"Malombe","2"
"073","KITUI EAST","15073036004101","MATHULINI PRIMARY SCHOOL",298,48,20,1,367,0,367,13.0790190735695,81.1989100817439,5.44959128065395,0.272479564032698,0,-250,28,"Malombe","2"
"073","KITUI EAST","15073036004201","KAVINGO PRIMARY SCHOOL",189,18,45,2,262,8,254,7.08661417322835,74.4094488188976,17.7165354330709,0.78740157480315,3.05343511450382,-171,-27,"Malombe","2"
"073","KITUI EAST","15073036004301","KYUNDUANI PRIMARY SCHOOL",260,10,60,3,341,0,341,2.93255131964809,76.2463343108504,17.5953079178886,0.879765395894428,0,-250,-50,"Malombe","2"
"073","KITUI EAST","15073036004401","KAMUUNGU PRIMARY SCHOOL",122,11,51,4,188,0,188,5.85106382978723,64.8936170212766,27.1276595744681,2.12765957446809,0,-111,-40,"Malombe","3"
"073","KITUI EAST","15073036004501","NZAMBANI PRIMARY SCHOOL",56,18,31,2,107,0,107,16.8224299065421,52.3364485981308,28.9719626168224,1.86915887850467,0,-38,-13,"Malombe","3"
"073","KITUI EAST","15073036004601","SEED OF HOPE POLYTECHNIC",63,4,13,2,82,0,82,4.8780487804878,76.8292682926829,15.8536585365854,2.4390243902439,0,-59,-9,"Malombe","3"
"073","KITUI EAST","15073036004701","KUNGULUNI PRIMARY SCHOOL",131,17,22,0,171,1,170,10,77.0588235294118,12.9411764705882,0,0.584795321637427,-114,-5,"Malombe","3"
"073","KITUI EAST","15073036004801","KISAYANI PRIMARY  SCHOOL",80,7,14,1,103,0,103,6.79611650485437,77.6699029126214,13.5922330097087,0.970873786407767,0,-73,-7,"Malombe","3"
"073","KITUI EAST","15073036004901","KWA KINYAI CENTRE",158,36,46,2,242,0,242,14.8760330578512,65.2892561983471,19.0082644628099,0.826446280991736,0,-122,-10,"Malombe","2"
"073","KITUI EAST","15073036004902","KWA KINYAI CENTRE",151,38,59,3,251,0,251,15.1394422310757,60.1593625498008,23.5059760956175,1.19521912350598,0,-113,-21,"Malombe","2"
"073","KITUI EAST","15073036005001","KATEKE PRIMARY SCHOOL",128,9,58,1,196,0,196,4.59183673469388,65.3061224489796,29.5918367346939,0.510204081632653,0,-119,-49,"Malombe","3"
"073","KITUI EAST","15073036016501","KITUI SDA",51,1,12,0,64,0,64,1.5625,79.6875,18.75,0,0,-50,-11,"Malombe","3"
"073","KITUI EAST","15073036016601","KILUILU MOBILE POLLING STATION",160,5,24,0,189,0,189,2.64550264550265,84.6560846560847,12.6984126984127,0,0,-155,-19,"Malombe","3"
"073","KITUI EAST","15073036105101","ITHUMULA PRIMARY SCHOOL",229,23,56,2,313,3,310,7.41935483870968,73.8709677419355,18.0645161290323,0.645161290322581,0.958466453674121,-206,-33,"Malombe","2"
"073","KITUI EAST","15073036105102","ITHUMULA PRIMARY SCHOOL",259,21,58,4,345,3,342,6.14035087719298,75.7309941520468,16.9590643274854,1.16959064327485,0.869565217391304,-238,-37,"Malombe","2"
"073","KITUI EAST","15073036105103","ITHUMULA PRIMARY SCHOOL",229,30,45,4,312,4,308,9.74025974025974,74.3506493506494,14.6103896103896,1.2987012987013,1.28205128205128,-199,-15,"Malombe","2"
"073","KITUI EAST","15073036105201","KAMALE PRIMARY SCHOOL",266,10,81,3,360,0,360,2.77777777777778,73.8888888888889,22.5,0.833333333333333,0,-256,-71,"Malombe","2"
"073","KITUI EAST","15073036105202","KAMALE PRIMARY SCHOOL",278,11,85,6,383,3,380,2.89473684210526,73.1578947368421,22.3684210526316,1.57894736842105,0.783289817232376,-267,-74,"Malombe","2"
"073","KITUI EAST","15073036105301","KANZAUWU PRIMARY SCHOOL",239,6,76,0,326,5,321,1.86915887850467,74.4548286604361,23.6760124610592,0,1.53374233128834,-233,-70,"Malombe","2"
"073","KITUI EAST","15073036105401","NZANGATHI PRIMARY SCHOOL",202,4,64,3,276,3,273,1.46520146520147,73.992673992674,23.4432234432234,1.0989010989011,1.08695652173913,-198,-60,"Malombe","2"
"073","KITUI EAST","15073036105402","NZANGATHI PRIMARY SCHOOL",159,12,67,1,240,1,239,5.02092050209205,66.5271966527197,28.0334728033473,0.418410041841004,0.416666666666667,-147,-55,"Malombe","2"
"073","KITUI EAST","15073036105501","KANDUTI PRIMARY SCHOOL",228,7,28,0,266,3,263,2.6615969581749,86.6920152091255,10.6463878326996,0,1.12781954887218,-221,-21,"Malombe","2"
"073","KITUI EAST","15073036105601","KATUMBU PRIMARY SCHOOL",144,8,81,0,234,1,233,3.43347639484979,61.8025751072961,34.7639484978541,0,0.427350427350427,-136,-73,"Malombe","2"
"073","KITUI EAST","15073036105701","INYUU PRIMARY SCHOOL",199,65,51,2,319,2,317,20.5047318611987,62.7760252365931,16.0883280757098,0.630914826498423,0.626959247648903,-134,14,"Malombe","2"
"073","KITUI EAST","15073036105702","INYUU PRIMARY SCHOOL",177,67,80,1,325,0,325,20.6153846153846,54.4615384615385,24.6153846153846,0.307692307692308,0,-110,-13,"Malombe","2"
"073","KITUI EAST","15073036105801","KIONGWE PRIMARY SCHOOL",225,37,70,3,343,3,340,10.8823529411765,66.1764705882353,20.5882352941176,0.882352941176471,0.87463556851312,-188,-33,"Malombe","2"
"073","KITUI EAST","15073036105901","KITHO PRIMARY SCHOOL",104,4,108,2,219,1,218,1.8348623853211,47.7064220183486,49.5412844036697,0.917431192660551,0.45662100456621,-100,-104,"Musila","2"
"073","KITUI EAST","15073036106001","KANGUU PRIMARY SCHOOL",259,9,25,4,297,0,297,3.03030303030303,87.2053872053872,8.41750841750842,1.34680134680135,0,-250,-16,"Malombe","2"
"073","KITUI EAST","15073036106002","KANGUU PRIMARY SCHOOL",232,4,40,5,285,4,281,1.42348754448399,82.5622775800712,14.2348754448399,1.77935943060498,1.40350877192982,-228,-36,"Malombe","2"
"073","KITUI EAST","15073036106101","KINZENI PRIMARY SCHOOL",70,1,37,1,110,1,109,0.917431192660551,64.2201834862385,33.9449541284404,0.917431192660551,0.909090909090909,-69,-36,"Malombe","3"
"073","KITUI EAST","15073036106201","KIVUMBUNI PRIMARY SCHOOL",284,12,51,0,351,4,347,3.45821325648415,81.8443804034582,14.6974063400576,0,1.13960113960114,-272,-39,"Malombe","2"
"073","KITUI EAST","15073036106301","KWA MUTEI PRIMARY SCHOOL",197,21,47,2,267,0,267,7.86516853932584,73.7827715355805,17.6029962546816,0.749063670411985,0,-176,-26,"Malombe","2"
"073","KITUI EAST","15073036106401","KWA WEWA PRIMARY SCHOOL",205,9,37,1,253,1,252,3.57142857142857,81.3492063492064,14.6825396825397,0.396825396825397,0.395256916996047,-196,-28,"Malombe","2"
"073","KITUI EAST","15073036106501","KALULU PRIMARY SCHOOL",215,0,24,1,246,3,243,0,88.477366255144,9.87654320987654,0.411522633744856,1.21951219512195,-215,-24,"Malombe","2"
"073","KITUI EAST","15073036106601","UTWIINI PRIMARY SCHOOL",292,20,76,6,394,0,394,5.0761421319797,74.1116751269035,19.2893401015228,1.52284263959391,0,-272,-56,"Malombe","2"
"073","KITUI EAST","15073036106701","KAMAEMBE PRIMARY SCHOOL",136,1,35,6,178,0,178,0.561797752808989,76.4044943820225,19.6629213483146,3.37078651685393,0,-135,-34,"Malombe","3"
"073","KITUI EAST","15073036106801","NDUNGA PRIMARY SCHOOL",117,3,14,0,135,1,134,2.23880597014925,87.3134328358209,10.4477611940298,0,0.740740740740741,-114,-11,"Malombe","3"
"073","KITUI EAST","15073036106901","KIVUTINI PRIMARY  SCHOOL",180,5,38,2,225,0,225,2.22222222222222,80,16.8888888888889,0.888888888888889,0,-175,-33,"Malombe","2"
"073","KITUI EAST","15073036107001","MBANGULO PRIMARY SCHOOL",78,3,89,0,170,0,170,1.76470588235294,45.8823529411765,52.3529411764706,0,0,-75,-86,"Musila","3"
"073","KITUI EAST","15073036107101","MUMBUNI CENTRE",197,10,53,1,264,3,261,3.83141762452107,75.4789272030651,20.3065134099617,0.383141762452107,1.13636363636364,-187,-43,"Malombe","2"
"073","KITUI EAST","15073036107201","KATHUNGU CENTRE",101,4,30,2,139,2,137,2.91970802919708,73.7226277372263,21.8978102189781,1.45985401459854,1.43884892086331,-97,-26,"Malombe","3"
"073","KITUI EAST","15073036107301","KIIMANI PRIMARY SCHOOL",95,0,25,0,120,0,120,0,79.1666666666667,20.8333333333333,0,0,-95,-25,"Malombe","3"
"073","KITUI EAST","15073036107401","HON KIEMA KILONZO PRIMARY SCHOOL",65,8,46,0,119,0,119,6.72268907563025,54.6218487394958,38.655462184874,0,0,-57,-38,"Malombe","3"
"073","KITUI EAST","15073036107501","NGOMANGO PRIMARY SCHOOL",87,4,54,4,149,0,149,2.68456375838926,58.3892617449664,36.241610738255,2.68456375838926,0,-83,-50,"Malombe","3"
"073","KITUI EAST","15073036116701","KANZOOKO PRIMARY SCHOOL",82,5,8,4,99,0,99,5.05050505050505,82.8282828282828,8.08080808080808,4.04040404040404,0,-77,-3,"Malombe","3"
"073","KITUI EAST","15073036207601","KALULI PRIMARY SCHOOL",1,0,0,0,1,0,1,0,100,0,0,0,-1,0,"Malombe","3"
"073","KITUI EAST","15073036207701","KYUKUNI PRIMARY SCHOOL",328,6,41,1,378,2,376,1.59574468085106,87.2340425531915,10.9042553191489,0.265957446808511,0.529100529100529,-322,-35,"Malombe","2"
"073","KITUI EAST","15073036207801","KYAMATU PRIMARY SCHOOL",185,5,53,1,244,0,244,2.04918032786885,75.8196721311475,21.7213114754098,0.409836065573771,0,-180,-48,"Malombe","2"
"073","KITUI EAST","15073036207802","KYAMATU PRIMARY SCHOOL",183,7,42,1,234,1,233,3.00429184549356,78.5407725321888,18.0257510729614,0.429184549356223,0.427350427350427,-176,-35,"Malombe","2"
"073","KITUI EAST","15073036207901","KYAANGO PRIMARY SCHOOL",248,2,16,1,268,1,267,0.749063670411985,92.8838951310861,5.99250936329588,0.374531835205993,0.373134328358209,-246,-14,"Malombe","2"
"073","KITUI EAST","15073036207902","KYAANGO PRIMARY SCHOOL",254,6,22,0,283,1,282,2.12765957446809,90.0709219858156,7.80141843971631,0,0.353356890459364,-248,-16,"Malombe","2"
"073","KITUI EAST","15073036208001","KITHANAKE PRIMARY SCHOOL",171,7,35,4,217,0,217,3.2258064516129,78.8018433179724,16.1290322580645,1.84331797235023,0,-164,-28,"Malombe","2"
"073","KITUI EAST","15073036208101","KIANGINI PRIMARY SCHOOL",148,2,7,0,157,0,157,1.27388535031847,94.2675159235669,4.45859872611465,0,0,-146,-5,"Malombe","3"
"073","KITUI EAST","15073036208201","VOO PRIMARY SCHOOL",216,10,73,2,304,3,301,3.32225913621263,71.7607973421927,24.2524916943522,0.664451827242525,0.986842105263158,-206,-63,"Malombe","2"
"073","KITUI EAST","15073036208301","KALUASI PRIMARY SCHOOL",243,14,23,1,1,0,1,1400,24300,2300,100,0,-229,-9,"Malombe","4"
"073","KITUI EAST","15073036208401","KINAKONI PRIMARY SCHOOL",340,7,48,2,399,2,397,1.7632241813602,85.6423173803526,12.0906801007557,0.503778337531486,0.50125313283208,-333,-41,"Malombe","2"
"073","KITUI EAST","15073036208501","IMALE PRIMARY SCHOOL",261,6,27,1,298,3,295,2.03389830508475,88.4745762711865,9.15254237288136,0.338983050847458,1.00671140939597,-255,-21,"Malombe","2"
"073","KITUI EAST","15073036208601","NTHUNGUNI PRIMARY SCHOOL",154,6,49,2,213,2,211,2.8436018957346,72.9857819905213,23.2227488151659,0.947867298578199,0.938967136150235,-148,-43,"Malombe","3"
"073","KITUI EAST","15073036208701","NDULUNI PRIMARY SCHOOL",198,5,149,1,364,11,353,1.41643059490085,56.0906515580737,42.2096317280453,0.28328611898017,3.02197802197802,-193,-144,"Malombe","2"
"073","KITUI EAST","15073036208801","KASANGU PRIMARY SCHOOL",139,3,44,0,186,0,186,1.61290322580645,74.7311827956989,23.6559139784946,0,0,-136,-41,"Malombe","3"
"073","KITUI EAST","15073036208901","MUTHUNGUE PRIMARY SCHOOL",266,13,94,0,378,5,373,3.48525469168901,71.313672922252,25.201072386059,0,1.32275132275132,-253,-81,"Malombe","2"
"073","KITUI EAST","15073036209001","NDITIME PRIMARY SCHOOL",200,8,89,1,299,1,298,2.68456375838926,67.1140939597315,29.8657718120805,0.335570469798658,0.334448160535117,-192,-81,"Malombe","2"
"073","KITUI EAST","15073036209101","MASIKALINI PRIMARY SCHOOL",144,4,106,0,256,2,254,1.5748031496063,56.6929133858268,41.7322834645669,0,0.78125,-140,-102,"Malombe","2"
"073","KITUI EAST","15073036209201","INYOKOONI PRIMARY SCHOOL",122,1,26,1,150,0,150,0.666666666666667,81.3333333333333,17.3333333333333,0.666666666666667,0,-121,-25,"Malombe","3"
"073","KITUI EAST","15073036209301","KALALANI PRIMARY SCHOOL",110,3,33,1,147,0,147,2.04081632653061,74.8299319727891,22.4489795918367,0.680272108843537,0,-107,-30,"Malombe","3"
"073","KITUI EAST","15073036209401","NDULIKYE PRIMARY SCHOOL",102,6,39,1,148,0,148,4.05405405405405,68.9189189189189,26.3513513513513,0.675675675675676,0,-96,-33,"Malombe","3"
"073","KITUI EAST","15073036209501","IKYAATINE PRIMARY SCHOOL",120,7,33,1,167,3,164,4.26829268292683,73.1707317073171,20.1219512195122,0.609756097560976,1.79640718562874,-113,-26,"Malombe","3"
"073","KITUI EAST","15073036209601","KAMWIU PRIMARY SCHOOL",128,2,33,0,163,0,163,1.22699386503067,78.5276073619632,20.2453987730061,0,0,-126,-31,"Malombe","3"
"073","KITUI EAST","15073036209701","KATAKA PRIMARY SCHOOL",94,2,31,0,128,1,127,1.5748031496063,74.0157480314961,24.4094488188976,0,0.78125,-92,-29,"Malombe","3"
"073","KITUI EAST","15073036209801","MUNYUNI PRIMARY SCHOOL",181,4,57,4,248,2,246,1.6260162601626,73.5772357723577,23.1707317073171,1.6260162601626,0.806451612903226,-177,-53,"Malombe","2"
"073","KITUI EAST","15073036209901","NDALANI PRIMARY SCHOOL",39,0,7,0,46,0,46,0,84.7826086956522,15.2173913043478,0,0,-39,-7,"Malombe","3"
"073","KITUI EAST","15073036210001","KATOLONGWE PRIMARY SCHOOL",63,1,21,1,86,0,86,1.16279069767442,73.2558139534884,24.4186046511628,1.16279069767442,0,-62,-20,"Malombe","3"
"073","KITUI EAST","15073036210101","WAANI NURSERY SCHOOL",96,2,46,1,145,0,145,1.37931034482759,66.2068965517241,31.7241379310345,0.689655172413793,0,-94,-44,"Malombe","3"
"073","KITUI EAST","15073036210201","MATUNDU PRIMARY SCHOOL",177,3,35,2,217,0,217,1.38248847926267,81.5668202764977,16.1290322580645,0.921658986175115,0,-174,-32,"Malombe","2"
"073","KITUI EAST","15073036210301","MULOLONGO NURSERY SCHOOL",48,3,32,0,83,0,83,3.6144578313253,57.8313253012048,38.5542168674699,0,0,-45,-29,"Malombe","3"
"073","KITUI EAST","15073036210401","MALATANI  PRIMARY SCHOOL",37,3,13,0,53,0,53,5.66037735849057,69.811320754717,24.5283018867925,0,0,-34,-10,"Malombe","3"
"073","KITUI EAST","15073036210501","KWA MWENGA PRIMARY SCHOOL",47,1,11,0,59,0,59,1.69491525423729,79.6610169491525,18.6440677966102,0,0,-46,-10,"Malombe","3"
"073","KITUI EAST","15073036210601","NDULANI PRIMARY SCHOOL",105,1,44,1,151,0,151,0.662251655629139,69.5364238410596,29.1390728476821,0.662251655629139,0,-104,-43,"Malombe","3"
"073","KITUI EAST","15073036216901","IMUUMBA PRIMARY SCHOOL",155,2,18,0,175,0,175,1.14285714285714,88.5714285714286,10.2857142857143,0,0,-153,-16,"Malombe","3"
"073","KITUI EAST","15073036217001","MWAMBANI PRIMARY SCHOOL",86,2,13,0,101,0,101,1.98019801980198,85.1485148514851,12.8712871287129,0,0,-84,-11,"Malombe","3"
"073","KITUI EAST","15073036310701","TWAMBUI PRIMARY SCHOOL",114,9,149,3,275,0,275,3.27272727272727,41.4545454545455,54.1818181818182,1.09090909090909,0,-105,-140,"Musila","2"
"073","KITUI EAST","15073036310801","KOI PRIMARY SCHOOL",153,52,2,3,210,0,210,24.7619047619048,72.8571428571428,0.952380952380952,1.42857142857143,0,-101,50,"Malombe","3"
"073","KITUI EAST","15073036310901","MALALANI PRIMARY SCHOOL",248,2,111,3,365,1,364,0.549450549450549,68.1318681318681,30.4945054945055,0.824175824175824,0.273972602739726,-246,-109,"Malombe","2"
"073","KITUI EAST","15073036311001","MAKUKA PRIMARY SCHOOL",282,8,133,2,429,4,425,1.88235294117647,66.3529411764706,31.2941176470588,0.470588235294118,0.932400932400932,-274,-125,"Malombe","2"
"073","KITUI EAST","15073036311101","IKISAYA PRIMARY SCHOOL",246,4,98,0,351,3,348,1.14942528735632,70.6896551724138,28.1609195402299,0,0.854700854700855,-242,-94,"Malombe","2"
"073","KITUI EAST","15073036311201","NDOVOINI PRIMARY SCHOOL",80,2,29,0,112,1,111,1.8018018018018,72.0720720720721,26.1261261261261,0,0.892857142857143,-78,-27,"Malombe","3"
"073","KITUI EAST","15073036311301","KATUMBI PRIMARY SCHOOL",83,3,154,0,240,0,240,1.25,34.5833333333333,64.1666666666667,0,0,-80,-151,"Musila","2"
"073","KITUI EAST","15073036311401","ENDAU PRIMARY SCHOOL",165,11,132,1,311,2,309,3.55987055016181,53.3980582524272,42.7184466019417,0.323624595469256,0.643086816720257,-154,-121,"Malombe","2"
"073","KITUI EAST","15073036311402","ENDAU PRIMARY SCHOOL",163,13,132,2,311,1,310,4.19354838709677,52.5806451612903,42.5806451612903,0.645161290322581,0.321543408360129,-150,-119,"Malombe","2"
"073","KITUI EAST","15073036311501","KINANIE PRIMARY SCHOOL",120,3,122,0,246,1,245,1.22448979591837,48.9795918367347,49.7959183673469,0,0.40650406504065,-117,-119,"Musila","2"
"073","KITUI EAST","15073036311601","KALUNGU PRIMARY SCHOOL",76,3,92,1,173,1,172,1.74418604651163,44.1860465116279,53.4883720930233,0.581395348837209,0.578034682080925,-73,-89,"Musila","3"
"073","KITUI EAST","15073036311701","KATHUA PRIMARY SCHOOL",116,4,182,0,302,0,302,1.32450331125828,38.4105960264901,60.2649006622517,0,0,-112,-178,"Musila","2"
"073","KITUI EAST","15073036311801","YIUKU PRIMARY SCHOOL",203,5,57,2,267,0,267,1.87265917602996,76.0299625468165,21.3483146067416,0.749063670411985,0,-198,-52,"Malombe","2"
"073","KITUI EAST","15073036311901","KAUNANGE PRIMARY SCHOOL",118,5,168,0,291,0,291,1.71821305841924,40.5498281786942,57.7319587628866,0,0,-113,-163,"Musila","2"
"073","KITUI EAST","15073036312001","ILILUNI PRIMARY SCHOOL",136,2,55,2,196,1,195,1.02564102564103,69.7435897435897,28.2051282051282,1.02564102564103,0.510204081632653,-134,-53,"Malombe","3"
"073","KITUI EAST","15073036312101","NDOONI PRIMARY SCHOOL",109,1,22,1,133,0,133,0.75187969924812,81.9548872180451,16.5413533834586,0.75187969924812,0,-108,-21,"Malombe","3"
"073","KITUI EAST","15073036312201","MALUINI PRIMARY SCHOOL",16,0,40,0,56,0,56,0,28.5714285714286,71.4285714285714,0,0,-16,-40,"Musila","3"
"073","KITUI EAST","15073036312301","MITAANI PRIMARY SCHOOL",85,6,107,3,203,2,201,2.98507462686567,42.2885572139304,53.2338308457711,1.49253731343284,0.985221674876847,-79,-101,"Musila","3"
"073","KITUI EAST","15073036312401","MAKUTANO PRIMARY SCHOOL",144,1,25,0,170,0,170,0.588235294117647,84.7058823529412,14.7058823529412,0,0,-143,-24,"Malombe","3"
"073","KITUI EAST","15073036312501","KAMUSA PRIMARY SCHOOL",144,1,83,2,230,0,230,0.434782608695652,62.6086956521739,36.0869565217391,0.869565217391304,0,-143,-82,"Malombe","2"
"073","KITUI EAST","15073036312601","MAKAYAUNI PRIMARY SCHOOL",118,3,56,2,179,0,179,1.67597765363128,65.9217877094972,31.2849162011173,1.11731843575419,0,-115,-53,"Malombe","3"
"073","KITUI EAST","15073036312701","KATOONI NURSERY SCHOOL",36,1,30,0,67,0,67,1.49253731343284,53.7313432835821,44.7761194029851,0,0,-35,-29,"Malombe","3"
"073","KITUI EAST","15073036312801","NZOUNI NURSERY SCHOOL",51,1,30,0,86,4,82,1.21951219512195,62.1951219512195,36.5853658536585,0,4.65116279069767,-50,-29,"Malombe","3"
"073","KITUI EAST","15073036312901","MUYUNI NURSERY SCHOOL",18,0,84,0,105,3,102,0,17.6470588235294,82.3529411764706,0,2.85714285714286,-18,-84,"Musila","3"
"073","KITUI EAST","15073036317101","KALWA NURSERY",77,2,19,1,99,0,99,2.02020202020202,77.7777777777778,19.1919191919192,1.01010101010101,0,-75,-17,"Malombe","3"
"073","KITUI EAST","15073036413001","ITIKO PRIMARY SCHOOL",78,8,313,1,405,5,400,2,19.5,78.25,0.25,1.23456790123457,-70,-305,"Musila","2"
"073","KITUI EAST","15073036413101","KIVAKI PRIMARY SCHOOL",53,3,103,2,163,2,161,1.86335403726708,32.9192546583851,63.9751552795031,1.24223602484472,1.22699386503067,-50,-100,"Musila","3"
"073","KITUI EAST","15073036413201","MUKUNGO PRIMARY SCHOOL",7,0,50,0,57,0,57,0,12.280701754386,87.719298245614,0,0,-7,-50,"Musila","3"
"073","KITUI EAST","15073036413301","MUTITO PRIMARY SCHOOL",85,14,172,15,271,0,271,5.16605166051661,31.3653136531365,63.4686346863469,5.53505535055351,0,-71,-158,"Musila","2"
"073","KITUI EAST","15073036413302","MUTITO PRIMARY SCHOOL",75,8,166,1,254,4,250,3.2,30,66.4,0.4,1.5748031496063,-67,-158,"Musila","2"
"073","KITUI EAST","15073036413303","MUTITO PRIMARY SCHOOL",82,16,269,2,273,4,269,5.94795539033457,30.4832713754647,100,0.743494423791822,1.46520146520147,-66,-253,"Musila","2"
"073","KITUI EAST","15073036413401","SYOMBANDU PRIMARY SCHOOL",68,12,131,1,213,1,212,5.66037735849057,32.0754716981132,61.7924528301887,0.471698113207547,0.469483568075117,-56,-119,"Musila","3"
"073","KITUI EAST","15073036413501","KILANGA PRIMARY SCHOOL",66,4,107,0,178,1,177,2.25988700564972,37.2881355932203,60.4519774011299,0,0.561797752808989,-62,-103,"Musila","3"
"073","KITUI EAST","15073036413601","YOONYE PRIMARY SCHOOL",41,11,290,1,345,2,343,3.2069970845481,11.9533527696793,84.5481049562682,0.291545189504373,0.579710144927536,-30,-279,"Musila","2"
"073","KITUI EAST","15073036413701","MUSUKINI PRIMARY SCHOOL",56,12,251,1,322,2,320,3.75,17.5,78.4375,0.3125,0.62111801242236,-44,-239,"Musila","2"
"073","KITUI EAST","15073036413801","UW'U PRIMARY SCHOOL",81,7,237,2,327,0,327,2.14067278287462,24.7706422018349,72.4770642201835,0.611620795107034,0,-74,-230,"Musila","2"
"073","KITUI EAST","15073036413901","KWA-TUNDU PRIMARY SCHOOL",40,4,98,1,143,0,143,2.7972027972028,27.972027972028,68.5314685314685,0.699300699300699,0,-36,-94,"Musila","3"
"073","KITUI EAST","15073036414001","KITAKANI PRIMARY SCHOOL",52,13,74,0,140,1,139,9.35251798561151,37.410071942446,53.2374100719424,0,0.714285714285714,-39,-61,"Musila","3"
"073","KITUI EAST","15073036414101","MASASINI PRIMARY SCHOOL",46,5,126,2,179,0,179,2.79329608938547,25.6983240223464,70.391061452514,1.11731843575419,0,-41,-121,"Musila","3"
"073","KITUI EAST","15073036414201","MANYOENI PRIMARY SCHOOL",126,9,216,0,356,5,351,2.56410256410256,35.8974358974359,61.5384615384615,0,1.40449438202247,-117,-207,"Musila","2"
"073","KITUI EAST","15073036414301","KAAYO PRIMARY SCHOOL",104,5,94,1,206,2,204,2.45098039215686,50.9803921568627,46.078431372549,0.490196078431373,0.970873786407767,-99,-89,"Malombe","3"
"073","KITUI EAST","15073036414401","KAKAME PRIMARY SCHOOL",54,3,98,1,157,1,156,1.92307692307692,34.6153846153846,62.8205128205128,0.641025641025641,0.636942675159236,-51,-95,"Musila","3"
"073","KITUI EAST","15073036414501","ITANGANI PRIMARY SCHOOL",93,6,107,0,207,1,206,2.9126213592233,45.1456310679612,51.9417475728155,0,0.483091787439614,-87,-101,"Musila","3"
"073","KITUI EAST","15073036414601","KAWALA PRIMARY SCHOOL",242,4,138,1,395,10,385,1.03896103896104,62.8571428571429,35.8441558441558,0.25974025974026,2.53164556962025,-238,-134,"Malombe","2"
"073","KITUI EAST","15073036414701","IMUATINE PRIMARY SCHOOL",128,5,63,2,199,1,198,2.52525252525253,64.6464646464647,31.8181818181818,1.01010101010101,0.50251256281407,-123,-58,"Malombe","3"
"073","KITUI EAST","15073036414801","KILIKU PRIMARY SCHOOL",83,17,167,1,271,3,268,6.34328358208955,30.9701492537313,62.3134328358209,0.373134328358209,1.1070110701107,-66,-150,"Musila","2"
"073","KITUI EAST","15073036414802","KILIKU PRIMARY SCHOOL",64,4,198,2,265,0,265,1.50943396226415,24.1509433962264,74.7169811320755,0.754716981132076,0,-60,-194,"Musila","2"
"073","KITUI EAST","15073036414901","KITIVO PRIMARY SCHOOL",39,3,76,1,119,0,119,2.52100840336134,32.7731092436975,63.8655462184874,0.840336134453782,0,-36,-73,"Musila","3"
"073","KITUI EAST","15073036415001","MATIA PRIMARY SCHOOL",74,19,124,2,220,1,219,8.67579908675799,33.7899543378995,56.62100456621,0.91324200913242,0.454545454545455,-55,-105,"Musila","2"
"073","KITUI EAST","15073036415101","YULAMBU PRIMARY SCHOOL",49,5,157,2,213,0,213,2.34741784037559,23.0046948356808,73.7089201877934,0.938967136150235,0,-44,-152,"Musila","3"
"073","KITUI EAST","15073036415201","KAVUTEI PRIMARY SCHOOL",41,6,77,1,127,2,125,4.8,32.8,61.6,0.8,1.5748031496063,-35,-71,"Musila","3"
"073","KITUI EAST","15073036415301","NDUUNI PRIMARY SCHOOL",24,0,50,0,74,0,74,0,32.4324324324324,67.5675675675676,0,0,-24,-50,"Musila","3"
"073","KITUI EAST","15073036415401","KYAIMU PRIMARY SCHOOL",47,0,47,0,94,0,94,0,50,50,0,0,-47,-47,"Malombe","3"
"073","KITUI EAST","15073036415501","MUTITO YOUTH POLYTECHNIC",72,5,93,0,171,1,170,2.94117647058824,42.3529411764706,54.7058823529412,0,0.584795321637427,-67,-88,"Musila","3"
"073","KITUI EAST","15073036415601","KWA MAILU PRIMARY SCHOOL",14,1,67,1,84,1,83,1.20481927710843,16.8674698795181,80.7228915662651,1.20481927710843,1.19047619047619,-13,-66,"Musila","3"
"073","KITUI EAST","15073036417201","KAMUNYU PRIMARY SCHOOL",37,1,73,0,111,0,111,0.900900900900901,33.3333333333333,65.7657657657658,0,0,-36,-72,"Musila","3"
"74","KITUI SOUTH","15074036500101","KONGO PRIMARY SCHOOL",143,2,27,3,177,0,177,1.12994350282486,80.7909604519774,15.2542372881356,1.69491525423729,0,-141,-25,"Malombe","3"
"74","KITUI SOUTH","15074036500201","NDATANI PRIMARY SCHOOL",251,2,47,0,301,1,300,0.666666666666667,83.6666666666667,15.6666666666667,0,0.332225913621262,-249,-45,"Malombe","2"
"74","KITUI SOUTH","15074036500301","MAKUUNI NURSERY SCHOOL",51,1,6,1,59,0,59,1.69491525423729,86.4406779661017,10.1694915254237,1.69491525423729,0,-50,-5,"Malombe","3"
"74","KITUI SOUTH","15074036500401","KASOYANI PRIMARY SCHOOL",96,0,17,0,114,1,113,0,84.9557522123894,15.0442477876106,0,0.87719298245614,-96,-17,"Malombe","3"
"74","KITUI SOUTH","15074036500501","MUTYAWA PRIMARY SCHOOL",125,4,28,2,159,0,159,2.51572327044025,78.6163522012579,17.6100628930818,1.25786163522013,0,-121,-24,"Malombe","3"
"74","KITUI SOUTH","15074036500601","VOTE PRIMARY SCHOOL",207,6,33,3,249,0,249,2.40963855421687,83.1325301204819,13.2530120481928,1.20481927710843,0,-201,-27,"Malombe","2"
"74","KITUI SOUTH","15074036500701","MUNATHI PRIMARY SCHOOL",60,1,12,0,74,1,73,1.36986301369863,82.1917808219178,16.4383561643836,0,1.35135135135135,-59,-11,"Malombe","3"
"74","KITUI SOUTH","15074036500801","MALANA NURSERY SCHOOL",28,3,5,0,37,1,36,8.33333333333333,77.7777777777778,13.8888888888889,0,2.7027027027027,-25,-2,"Malombe","3"
"74","KITUI SOUTH","15074036500901","MATUA PRIMARY SCHOOL",111,3,56,1,171,0,171,1.75438596491228,64.9122807017544,32.7485380116959,0.584795321637427,0,-108,-53,"Malombe","3"
"74","KITUI SOUTH","15074036501001","MAWENI PRIMARY SCHOOL",34,1,24,1,60,0,60,1.66666666666667,56.6666666666667,40,1.66666666666667,0,-33,-23,"Malombe","3"
"74","KITUI SOUTH","15074036501101","NDITHINI PRIMARY SCHOOL",46,2,21,0,69,0,69,2.89855072463768,66.6666666666667,30.4347826086957,0,0,-44,-19,"Malombe","3"
"74","KITUI SOUTH","15074036501201","KWA SONG'E PRIMARY SCHOOL",238,5,32,2,278,1,277,1.80505415162455,85.9205776173285,11.5523465703971,0.72202166064982,0.359712230215827,-233,-27,"Malombe","2"
"74","KITUI SOUTH","15074036501301","NZALANI PRIMARY SCHOOL",168,6,86,0,261,1,260,2.30769230769231,64.6153846153846,33.0769230769231,0,0.383141762452107,-162,-80,"Malombe","2"
"74","KITUI SOUTH","15074036501401","ST. PETERS PRIMARY SCHOOL",155,3,52,0,211,1,210,1.42857142857143,73.8095238095238,24.7619047619048,0,0.4739336492891,-152,-49,"Malombe","3"
"74","KITUI SOUTH","15074036501501","NDUUNDUNE PRIMARY SCHOOL",160,4,70,1,236,1,235,1.70212765957447,68.0851063829787,29.7872340425532,0.425531914893617,0.423728813559322,-156,-66,"Malombe","2"
"74","KITUI SOUTH","15074036501601","WINGOLOLI PRIMARY SCHOOL",293,8,98,1,408,8,400,2,73.25,24.5,0.25,1.96078431372549,-285,-90,"Malombe","2"
"74","KITUI SOUTH","15074036501701","KYAWANGU PRIMARY SCHOOL",60,3,14,1,80,2,78,3.84615384615385,76.9230769230769,17.9487179487179,1.28205128205128,2.5,-57,-11,"Malombe","3"
"74","KITUI SOUTH","15074036501801","MWIKIIO NURSERY SCHOOL",65,2,19,2,90,2,88,2.27272727272727,73.8636363636364,21.5909090909091,2.27272727272727,2.22222222222222,-63,-17,"Malombe","3"
"74","KITUI SOUTH","15074036501901","KATHUMULA NURSERY SCHOOL",69,2,24,1,97,1,96,2.08333333333333,71.875,25,1.04166666666667,1.03092783505155,-67,-22,"Malombe","3"
"74","KITUI SOUTH","15074036502001","CHULUNI PRIMARY SCHOOL",64,2,6,0,72,0,72,2.77777777777778,88.8888888888889,8.33333333333333,0,0,-62,-4,"Malombe","3"
"74","KITUI SOUTH","15074036502101","WINDUNDU PRIMARY SCHOOL",154,2,24,2,182,0,182,1.0989010989011,84.6153846153846,13.1868131868132,1.0989010989011,0,-152,-22,"Malombe","3"
"74","KITUI SOUTH","15074036502201","IKANGA PRIMARY SCHOOL",188,5,41,1,236,1,235,2.12765957446809,80,17.4468085106383,0.425531914893617,0.423728813559322,-183,-36,"Malombe","2"
"74","KITUI SOUTH","15074036502202","IKANGA PRIMARY SCHOOL",180,4,47,1,234,2,232,1.72413793103448,77.5862068965517,20.2586206896552,0.431034482758621,0.854700854700855,-176,-43,"Malombe","2"
"74","KITUI SOUTH","15074036502301","ILAANI PRIMARY SCHOOL",101,4,36,2,144,1,143,2.7972027972028,70.6293706293706,25.1748251748252,1.3986013986014,0.694444444444444,-97,-32,"Malombe","3"
"74","KITUI SOUTH","15074036502401","SEMEA PRIMARY SCHOOL",297,6,48,6,362,5,357,1.68067226890756,83.1932773109244,13.4453781512605,1.68067226890756,1.38121546961326,-291,-42,"Malombe","2"
"74","KITUI SOUTH","15074036502501","TUTU PRIMARY SCHOOL",166,7,77,3,253,0,253,2.76679841897233,65.6126482213439,30.4347826086957,1.18577075098814,0,-159,-70,"Malombe","2"
"74","KITUI SOUTH","15074036502601","IKANGA TAC HALL",173,12,31,2,218,0,218,5.5045871559633,79.3577981651376,14.2201834862385,0.917431192660551,0,-161,-19,"Malombe","2"
"74","KITUI SOUTH","15074036502602","IKANGA TAC HALL",113,6,43,0,164,2,162,3.7037037037037,69.7530864197531,26.5432098765432,0,1.21951219512195,-107,-37,"Malombe","3"
"74","KITUI SOUTH","15074036502701","ILUSYA PRIMARY SCHOOL",189,7,57,1,257,3,254,2.75590551181102,74.4094488188976,22.4409448818898,0.393700787401575,1.16731517509728,-182,-50,"Malombe","2"
"74","KITUI SOUTH","15074036502801","KAVUTHUKA NURSERY SCHOOL",57,2,26,2,87,0,87,2.29885057471264,65.5172413793103,29.8850574712644,2.29885057471264,0,-55,-24,"Malombe","3"
"74","KITUI SOUTH","15074036502901","MAKELE PRIMARY SCHOOL",283,14,29,2,331,3,328,4.26829268292683,86.280487804878,8.84146341463415,0.609756097560976,0.906344410876133,-269,-15,"Malombe","2"
"74","KITUI SOUTH","15074036503001","NGANGANI PRIMARY SCHOOL",52,1,6,0,59,0,59,1.69491525423729,88.135593220339,10.1694915254237,0,0,-51,-5,"Malombe","3"
"74","KITUI SOUTH","15074036503101","TUVILA PRIMARY SCHOOL",125,5,21,0,152,1,151,3.3112582781457,82.7814569536424,13.9072847682119,0,0.657894736842105,-120,-16,"Malombe","3"
"74","KITUI SOUTH","15074036503201","KIKWA PRIMARY SCHOOL",90,6,21,2,120,1,119,5.04201680672269,75.6302521008403,17.6470588235294,1.68067226890756,0.833333333333333,-84,-15,"Malombe","3"
"74","KITUI SOUTH","15074036503301","KIANGWA PRIMARY SCHOOL",160,7,95,3,266,1,265,2.64150943396226,60.377358490566,35.8490566037736,1.13207547169811,0.37593984962406,-153,-88,"Malombe","2"
"74","KITUI SOUTH","15074036503401","MANZEE NURSERY SCHOOL",67,3,22,1,94,1,93,3.2258064516129,72.0430107526882,23.6559139784946,1.0752688172043,1.06382978723404,-64,-19,"Malombe","3"
"74","KITUI SOUTH","15074036503501","VENGELENI PRIMARY SCHOOL",181,13,47,2,246,3,243,5.34979423868313,74.4855967078189,19.3415637860082,0.823045267489712,1.21951219512195,-168,-34,"Malombe","2"
"74","KITUI SOUTH","15074036503601","MESILYA PRIMARY SCHOOL",162,6,32,2,202,0,202,2.97029702970297,80.1980198019802,15.8415841584158,0.99009900990099,0,-156,-26,"Malombe","3"
"74","KITUI SOUTH","15074036503701","ENZOU PRIMARY SCHOOL",280,3,47,3,335,2,333,0.900900900900901,84.0840840840841,14.1141141141141,0.900900900900901,0.597014925373134,-277,-44,"Malombe","2"
"74","KITUI SOUTH","15074036503801","YAATHI PRIMARY SCHOOL",197,4,55,1,259,2,257,1.55642023346304,76.6536964980545,21.4007782101167,0.389105058365759,0.772200772200772,-193,-51,"Malombe","2"
"74","KITUI SOUTH","15074036503901","NGUNGA PRIMARY SCHOOL",55,1,12,1,69,0,69,1.44927536231884,79.7101449275362,17.3913043478261,1.44927536231884,0,-54,-11,"Malombe","3"
"74","KITUI SOUTH","15074036504001","KYAMUTHWA PRIMARY SCHOOL",251,5,66,8,333,3,330,1.51515151515152,76.0606060606061,20,2.42424242424242,0.900900900900901,-246,-61,"Malombe","2"
"74","KITUI SOUTH","15074036504101","MUSIKIO PRIMARY SCHOOL",101,5,13,3,124,2,122,4.0983606557377,82.7868852459016,10.655737704918,2.45901639344262,1.61290322580645,-96,-8,"Malombe","3"
"74","KITUI SOUTH","15074036504201","KALILUNI PRIMARY SCHOOL",64,0,7,1,73,1,72,0,88.8888888888889,9.72222222222222,1.38888888888889,1.36986301369863,-64,-7,"Malombe","3"
"74","KITUI SOUTH","15074036504301","KYATUNE TAC HALL",304,10,91,1,408,2,406,2.46305418719212,74.8768472906404,22.4137931034483,0.246305418719212,0.490196078431373,-294,-81,"Malombe","2"
"74","KITUI SOUTH","15074036504401","KYATUNE PRIMARY SCHOOL",227,10,50,2,291,2,289,3.46020761245675,78.5467128027682,17.3010380622837,0.69204152249135,0.687285223367698,-217,-40,"Malombe","2"
"74","KITUI SOUTH","15074036504501","KATHITHU PRIMARY SCHOOL",224,4,20,1,251,2,249,1.60642570281124,89.9598393574297,8.03212851405623,0.401606425702811,0.796812749003984,-220,-16,"Malombe","2"
"74","KITUI SOUTH","15074036504601","KANGULI PRIMARY SCHOOL",211,6,106,2,325,0,325,1.84615384615385,64.9230769230769,32.6153846153846,0.615384615384615,0,-205,-100,"Malombe","2"
"74","KITUI SOUTH","15074036504701","NGUNINI PRIMARY SCHOOL",76,3,16,0,95,0,95,3.15789473684211,80,16.8421052631579,0,0,-73,-13,"Malombe","3"
"74","KITUI SOUTH","15074036504801","WINDIU PRIMARY SCHOOL",118,1,25,2,147,1,146,0.684931506849315,80.8219178082192,17.1232876712329,1.36986301369863,0.680272108843537,-117,-24,"Malombe","3"
"74","KITUI SOUTH","15074036504901","EMALE NURSERY SCHOOL",62,1,12,2,77,0,77,1.2987012987013,80.5194805194805,15.5844155844156,2.5974025974026,0,-61,-11,"Malombe","3"
"74","KITUI SOUTH","15074036605001","MUTOMO SOCIAL HALL",213,16,37,0,267,1,266,6.01503759398496,80.0751879699248,13.9097744360902,0,0.374531835205993,-197,-21,"Malombe","2"
"74","KITUI SOUTH","15074036605002","MUTOMO SOCIAL HALL",180,12,50,3,249,4,245,4.89795918367347,73.469387755102,20.4081632653061,1.22448979591837,1.60642570281124,-168,-38,"Malombe","2"
"74","KITUI SOUTH","15074036605003","MUTOMO SOCIAL HALL",203,13,45,3,265,1,264,4.92424242424242,76.8939393939394,17.0454545454545,1.13636363636364,0.377358490566038,-190,-32,"Malombe","2"
"74","KITUI SOUTH","15074036605101","KAVYUVAA PRIMARY SCHOOL",80,1,37,0,118,0,118,0.847457627118644,67.7966101694915,31.3559322033898,0,0,-79,-36,"Malombe","3"
"74","KITUI SOUTH","15074036605201","MALILI PRIMARY SCHOOL",101,5,89,6,201,0,201,2.48756218905473,50.2487562189055,44.2786069651741,2.98507462686567,0,-96,-84,"Malombe","3"
"74","KITUI SOUTH","15074036605301","UAE PRIMARY SCHOOL",188,3,90,0,283,2,281,1.06761565836299,66.9039145907473,32.0284697508897,0,0.706713780918728,-185,-87,"Malombe","2"
"74","KITUI SOUTH","15074036605401","SYOMITHUMO PRIMARY SCHOOL",53,4,96,0,153,0,153,2.61437908496732,34.640522875817,62.7450980392157,0,0,-49,-92,"Musila","3"
"74","KITUI SOUTH","15074036605501","KISAYANI PRIMARY SCHOOL",212,2,20,0,234,0,234,0.854700854700855,90.5982905982906,8.54700854700855,0,0,-210,-18,"Malombe","2"
"74","KITUI SOUTH","15074036605601","KITOO PRIMARY SCHOOL",196,21,72,2,292,1,291,7.21649484536082,67.3539518900344,24.7422680412371,0.687285223367698,0.342465753424658,-175,-51,"Malombe","2"
"74","KITUI SOUTH","15074036605602","KITOO PRIMARY SCHOOL",212,28,81,0,323,2,321,8.72274143302181,66.0436137071651,25.2336448598131,0,0.619195046439629,-184,-53,"Malombe","2"
"74","KITUI SOUTH","15074036605701","KIANGE PRIMARY SCHOOL",178,20,133,5,337,1,336,5.95238095238095,52.9761904761905,39.5833333333333,1.48809523809524,0.29673590504451,-158,-113,"Malombe","2"
"74","KITUI SOUTH","15074036605801","MUTI PRIMARY SCHOOL",72,6,64,0,143,1,142,4.22535211267606,50.7042253521127,45.0704225352113,0,0.699300699300699,-66,-58,"Malombe","3"
"74","KITUI SOUTH","15074036605901","KENZE PRIMARY SCHOOL",218,3,22,3,246,0,246,1.21951219512195,88.6178861788618,8.94308943089431,1.21951219512195,0,-215,-19,"Malombe","2"
"74","KITUI SOUTH","15074036605902","KENZE PRIMARY SCHOOL",225,6,24,1,257,1,256,2.34375,87.890625,9.375,0.390625,0.389105058365759,-219,-18,"Malombe","2"
"74","KITUI SOUTH","15074036606001","KIVIU PRIMARY SCHOOL",147,8,79,3,238,1,237,3.37552742616034,62.0253164556962,33.3333333333333,1.26582278481013,0.420168067226891,-139,-71,"Malombe","2"
"74","KITUI SOUTH","15074036606101","KASUNDU PRIMARY SCHOOL",50,1,38,0,89,0,89,1.12359550561798,56.1797752808989,42.6966292134831,0,0,-49,-37,"Malombe","3"
"74","KITUI SOUTH","15074036606201","NZOUNI PRIMARY SCHOOL",70,1,35,1,109,2,107,0.934579439252336,65.4205607476635,32.7102803738318,0.934579439252336,1.8348623853211,-69,-34,"Malombe","3"
"74","KITUI SOUTH","15074036606301","MUAMBA PRIMARY SCHOOL",181,5,85,1,272,0,272,1.83823529411765,66.5441176470588,31.25,0.367647058823529,0,-176,-80,"Malombe","2"
"74","KITUI SOUTH","15074036606401","KIBWEA PRIMARY SCHOOL",138,9,73,2,243,1,242,3.71900826446281,57.0247933884297,30.1652892561983,0.826446280991736,0.411522633744856,-129,-64,"Malombe","2"
"74","KITUI SOUTH","15074036606501","KAANGIMA PRIMARY SCHOOL",115,2,33,2,152,0,152,1.31578947368421,75.6578947368421,21.7105263157895,1.31578947368421,0,-113,-31,"Malombe","3"
"74","KITUI SOUTH","15074036606601","IMWANGE PRIMARY SCHOOL",120,2,12,1,136,1,135,1.48148148148148,88.8888888888889,8.88888888888889,0.740740740740741,0.735294117647059,-118,-10,"Malombe","3"
"74","KITUI SOUTH","15074036606701","KAANGWA PRIMARY SCHOOL",138,3,16,1,158,0,158,1.89873417721519,87.3417721518987,10.126582278481,0.632911392405063,0,-135,-13,"Malombe","3"
"74","KITUI SOUTH","15074036606801","MENZAI PRIMARY SCHOOL",55,2,5,0,67,5,62,3.2258064516129,88.7096774193548,8.06451612903226,0,7.46268656716418,-53,-3,"Malombe","1"
"74","KITUI SOUTH","15074036606901","WINGETHI PRIMARY SCHOOL",37,2,27,0,68,2,66,3.03030303030303,56.0606060606061,40.9090909090909,0,2.94117647058824,-35,-25,"Malombe","3"
"74","KITUI SOUTH","15074036607001","THOME PRIMARY SCHOOL",42,2,16,0,60,0,60,3.33333333333333,70,26.6666666666667,0,0,-40,-14,"Malombe","3"
"74","KITUI SOUTH","15074036607101","KANDAE PRIMARY SCHOOL",133,7,64,0,204,0,204,3.43137254901961,65.1960784313726,31.3725490196078,0,0,-126,-57,"Malombe","3"
"74","KITUI SOUTH","15074036607201","SYUNGUNI PRIMARY SCHOOL",148,2,88,2,242,2,240,0.833333333333333,61.6666666666667,36.6666666666667,0.833333333333333,0.826446280991736,-146,-86,"Malombe","2"
"74","KITUI SOUTH","15074036607301","NDIINI PRIMARY SCHOOL",128,3,77,1,209,0,209,1.43540669856459,61.244019138756,36.8421052631579,0.478468899521531,0,-125,-74,"Malombe","3"
"74","KITUI SOUTH","15074036607401","MUVUKO PRIMARY SCHOOL",124,7,89,2,222,0,222,3.15315315315315,55.8558558558559,40.0900900900901,0.900900900900901,0,-117,-82,"Malombe","2"
"74","KITUI SOUTH","15074036607501","MUTOMO PRIMARY SCHOOL",113,5,26,2,146,0,146,3.42465753424658,77.3972602739726,17.8082191780822,1.36986301369863,0,-108,-21,"Malombe","3"
"74","KITUI SOUTH","15074036607601","KASYELIA PRIMARY SCHOOL",119,4,33,3,159,0,159,2.51572327044025,74.8427672955975,20.7547169811321,1.88679245283019,0,-115,-29,"Malombe","3"
"74","KITUI SOUTH","15074036607701","MWALA PRIMARY SCHOOL",277,6,31,4,318,0,318,1.88679245283019,87.1069182389937,9.74842767295597,1.25786163522013,0,-271,-25,"Malombe","2"
"74","KITUI SOUTH","15074036607801","KILISA PRIMARY SCHOOL",65,4,55,1,125,0,125,3.2,52,44,0.8,0,-61,-51,"Malombe","3"
"74","KITUI SOUTH","15074036607901","MAKONGONI PRIMARY SCHOOL",50,2,50,0,102,0,102,1.96078431372549,49.0196078431373,49.0196078431373,0,0,-48,-48,"Malombe","3"
"74","KITUI SOUTH","15074036608001","MUTOMO YOUTH POLYTECHNIC",63,3,13,0,81,2,79,3.79746835443038,79.746835443038,16.4556962025316,0,2.46913580246914,-60,-10,"Malombe","3"
"74","KITUI SOUTH","15074036608101","MUTOMO DISTRICT HOSPITAL",160,12,33,1,206,0,206,5.8252427184466,77.6699029126214,16.0194174757282,0.485436893203883,0,-148,-21,"Malombe","3"
"74","KITUI SOUTH","15074036608201","MUTOMO GENERAL MARKET",153,9,25,0,189,2,187,4.81283422459893,81.8181818181818,13.3689839572193,0,1.05820105820106,-144,-16,"Malombe","3"
"74","KITUI SOUTH","15074036608202","MUTOMO GENERAL MARKET",147,7,37,2,195,2,193,3.62694300518135,76.1658031088083,19.1709844559585,1.03626943005181,1.02564102564103,-140,-30,"Malombe","3"
"74","KITUI SOUTH","15074036608301","KITHAE PRIMARY SCHOOL",93,0,25,0,118,0,118,0,78.8135593220339,21.1864406779661,0,0,-93,-25,"Malombe","3"
"74","KITUI SOUTH","15074036622701","MWENGEA SOCIAL HALL",119,40,224,0,385,2,383,10.443864229765,31.0704960835509,58.4856396866841,0,0.519480519480519,-79,-184,"Musila","2"
"74","KITUI SOUTH","15074036708401","MAKOSI PRIMARY SCHOOL",117,7,69,3,197,1,196,3.57142857142857,59.6938775510204,35.2040816326531,1.53061224489796,0.50761421319797,-110,-62,"Malombe","3"
"74","KITUI SOUTH","15074036708501","KATHINGU PRIMARY SCHOOL",114,2,16,0,132,0,132,1.51515151515152,86.3636363636364,12.1212121212121,0,0,-112,-14,"Malombe","3"
"74","KITUI SOUTH","15074036708601","KIVYUNI PRIMARY SCHOOL",169,2,56,3,232,2,230,0.869565217391304,73.4782608695652,24.3478260869565,1.30434782608696,0.862068965517241,-167,-54,"Malombe","2"
"74","KITUI SOUTH","15074036708701","TUVILA NURSERY SCHOOL",51,1,15,0,67,0,67,1.49253731343284,76.1194029850746,22.3880597014925,0,0,-50,-14,"Malombe","3"
"74","KITUI SOUTH","15074036708801","KYAMAKO PRIMARY SCHOOL",58,4,59,1,122,0,122,3.27868852459016,47.5409836065574,48.3606557377049,0.819672131147541,0,-54,-55,"Musila","3"
"74","KITUI SOUTH","15074036708901","KAANGUNGI PRIMARY SCHOOL",162,4,36,5,210,3,207,1.93236714975845,78.2608695652174,17.3913043478261,2.41545893719807,1.42857142857143,-158,-32,"Malombe","3"
"74","KITUI SOUTH","15074036709001","KENGO PRIMARY SCHOOL",220,5,44,1,271,1,270,1.85185185185185,81.4814814814815,16.2962962962963,0.37037037037037,0.3690036900369,-215,-39,"Malombe","2"
"74","KITUI SOUTH","15074036709101","KIATI DISPENSARY",35,2,14,2,54,1,53,3.77358490566038,66.0377358490566,26.4150943396226,3.77358490566038,1.85185185185185,-33,-12,"Malombe","3"
"74","KITUI SOUTH","15074036709201","KIMUU PRIMARY SCHOOL",116,6,32,2,157,1,156,3.84615384615385,74.3589743589744,20.5128205128205,1.28205128205128,0.636942675159236,-110,-26,"Malombe","3"
"74","KITUI SOUTH","15074036709301","KIATI PRIMARY SCHOOL",89,1,66,1,157,0,157,0.636942675159236,56.687898089172,42.0382165605096,0.636942675159236,0,-88,-65,"Malombe","3"
"74","KITUI SOUTH","15074036709401","MWAANI NURSERY SCHOOL",24,3,51,1,80,1,79,3.79746835443038,30.379746835443,64.5569620253165,1.26582278481013,1.25,-21,-48,"Musila","3"
"74","KITUI SOUTH","15074036709501","ITUMBA PRIMARY SCHOOL",12,0,11,1,24,0,24,0,50,45.8333333333333,4.16666666666667,0,-12,-11,"Malombe","3"
"74","KITUI SOUTH","15074036709601","NGUSWINI PRIMARY SCHOOL",105,6,47,0,159,1,158,3.79746835443038,66.4556962025316,29.746835443038,0,0.628930817610063,-99,-41,"Malombe","3"
"74","KITUI SOUTH","15074036709701","ST. JOSEPHS KAINDU PRIMARY SCHOOL",95,2,5,0,103,1,102,1.96078431372549,93.1372549019608,4.90196078431373,0,0.970873786407767,-93,-3,"Malombe","3"
"74","KITUI SOUTH","15074036709801","MAKUTANO NURSERY SCHOOL",56,1,11,0,70,2,68,1.47058823529412,82.3529411764706,16.1764705882353,0,2.85714285714286,-55,-10,"Malombe","3"
"74","KITUI SOUTH","15074036709901","KIIMANI PRIMARY SCHOOL",94,3,15,2,115,1,114,2.63157894736842,82.4561403508772,13.1578947368421,1.75438596491228,0.869565217391304,-91,-12,"Malombe","3"
"74","KITUI SOUTH","15074036710001","KILONGONI PRIMARY SCHOOL",105,2,11,6,126,2,124,1.61290322580645,84.6774193548387,8.87096774193548,4.83870967741935,1.58730158730159,-103,-9,"Malombe","3"
"74","KITUI SOUTH","15074036710101","NYAYO NURSERY SCHOOL",137,1,14,0,152,0,152,0.657894736842105,90.1315789473684,9.21052631578947,0,0,-136,-13,"Malombe","3"
"74","KITUI SOUTH","15074036710201","KIVILI PRIMARY SCHOOL",93,1,26,0,120,0,120,0.833333333333333,77.5,21.6666666666667,0,0,-92,-25,"Malombe","3"
"74","KITUI SOUTH","15074036710301","KOI PRIMARY SCHOOL",161,2,46,1,210,0,210,0.952380952380952,76.6666666666667,21.9047619047619,0.476190476190476,0,-159,-44,"Malombe","3"
"74","KITUI SOUTH","15074036710401","KAATENE PRIMARY SCHOOL",270,3,64,0,340,3,337,0.890207715133531,80.1186943620178,18.9910979228487,0,0.882352941176471,-267,-61,"Malombe","2"
"74","KITUI SOUTH","15074036710501","KYANGOTO PRIMARY SCHOOL",89,2,79,1,171,0,171,1.16959064327485,52.046783625731,46.1988304093567,0.584795321637427,0,-87,-77,"Malombe","3"
"74","KITUI SOUTH","15074036710601","KALAMBANI PRIMARY SCHOOL",251,6,33,1,295,4,291,2.06185567010309,86.2542955326461,11.340206185567,0.343642611683849,1.35593220338983,-245,-27,"Malombe","2"
"74","KITUI SOUTH","15074036710701","IKANDANI PRIMARY SCHOOL",40,1,41,1,83,0,83,1.20481927710843,48.1927710843374,49.3975903614458,1.20481927710843,0,-39,-40,"Musila","3"
"74","KITUI SOUTH","15074036710901","MUSENGE PRIMARY SCHOOL",68,2,65,0,135,0,135,1.48148148148148,50.3703703703704,48.1481481481481,0,0,-66,-63,"Malombe","3"
"74","KITUI SOUTH","15074036711001","INGO PRIMARY SCHOOL",41,0,57,1,100,1,99,0,41.4141414141414,57.5757575757576,1.01010101010101,1,-41,-57,"Musila","3"
"74","KITUI SOUTH","15074036711101","MAKEKEE PRIMARY SCHOOL",61,1,43,1,107,1,106,0.943396226415094,57.5471698113208,40.5660377358491,0.943396226415094,0.934579439252336,-60,-42,"Malombe","3"
"74","KITUI SOUTH","15074036711201","NGAANI PRIMARY SCHOOL",106,3,148,2,263,4,259,1.15830115830116,40.9266409266409,57.1428571428571,0.772200772200772,1.52091254752852,-103,-145,"Musila","2"
"74","KITUI SOUTH","15074036711301","MUTHA PRIMARY SCHOOL",170,0,37,2,211,2,209,0,81.3397129186603,17.7033492822967,0.956937799043062,0.947867298578199,-170,-37,"Malombe","3"
"74","KITUI SOUTH","15074036711302","MUTHA PRIMARY SCHOOL",144,4,38,1,211,24,187,2.13903743315508,77.0053475935829,20.3208556149733,0.53475935828877,11.3744075829384,-140,-34,"Malombe","1"
"74","KITUI SOUTH","15074036711401","KAVETE PRIMARY SCHOOL",61,1,34,0,96,0,96,1.04166666666667,63.5416666666667,35.4166666666667,0,0,-60,-33,"Malombe","3"
"74","KITUI SOUTH","15074036711501","ISAA PRIMARY SCHOOL",297,1,69,3,382,5,377,0.26525198938992,78.7798408488064,18.3023872679045,0.795755968169761,1.30890052356021,-296,-68,"Malombe","2"
"74","KITUI SOUTH","15074036711601","ILAMBA PRIMARY SCHOOL",155,1,41,0,197,0,197,0.50761421319797,78.6802030456853,20.8121827411168,0,0,-154,-40,"Malombe","3"
"74","KITUI SOUTH","15074036711701","KYUASINI PRIMARY SCHOOL",293,5,62,1,361,0,361,1.38504155124654,81.1634349030471,17.1745152354571,0.277008310249307,0,-288,-57,"Malombe","2"
"74","KITUI SOUTH","15074036711801","SYAMATANI PRIMARY SCHOOL",200,3,56,2,261,0,261,1.14942528735632,76.6283524904215,21.455938697318,0.766283524904214,0,-197,-53,"Malombe","2"
"74","KITUI SOUTH","15074036711901","KIVANDENI PRIMARY SCHOOL",103,4,13,0,120,0,120,3.33333333333333,85.8333333333333,10.8333333333333,0,0,-99,-9,"Malombe","3"
"74","KITUI SOUTH","15074036712001","NZOANI PRIMARY SCHOOL",146,9,22,1,178,0,178,5.0561797752809,82.0224719101124,12.3595505617978,0.561797752808989,0,-137,-13,"Malombe","3"
"74","KITUI SOUTH","15074036712101","KANZALE MARKET",101,2,28,0,132,1,131,1.52671755725191,77.0992366412214,21.3740458015267,0,0.757575757575758,-99,-26,"Malombe","3"
"74","KITUI SOUTH","15074036712201","MITAANI PRIMARY SCHOOL",219,1,47,1,269,1,268,0.373134328358209,81.7164179104478,17.5373134328358,0.373134328358209,0.371747211895911,-218,-46,"Malombe","2"
"74","KITUI SOUTH","15074036712301","KALULUINI PRIMARY SCHOOL",234,5,45,4,290,2,288,1.73611111111111,81.25,15.625,1.38888888888889,0.689655172413793,-229,-40,"Malombe","2"
"74","KITUI SOUTH","15074036812401","KIANGU PRIMARY SCHOOL",207,6,122,0,337,2,335,1.7910447761194,61.7910447761194,36.4179104477612,0,0.593471810089021,-201,-116,"Malombe","2"
"74","KITUI SOUTH","15074036812501","KYOANI PRIMARY SCHOOL",283,4,37,1,325,0,325,1.23076923076923,87.0769230769231,11.3846153846154,0.307692307692308,0,-279,-33,"Malombe","2"
"74","KITUI SOUTH","15074036812502","KYOANI PRIMARY SCHOOL",264,5,30,1,302,2,300,1.66666666666667,88,10,0.333333333333333,0.662251655629139,-259,-25,"Malombe","2"
"74","KITUI SOUTH","15074036812601","MATIKONI PRIMARY SCHOOL",106,0,20,0,127,1,126,0,84.1269841269841,15.8730158730159,0,0.78740157480315,-106,-20,"Malombe","3"
"74","KITUI SOUTH","15074036812701","NDILI PRIMARY SCHOOL",199,4,32,0,237,2,235,1.70212765957447,84.6808510638298,13.6170212765957,0,0.843881856540084,-195,-28,"Malombe","2"
"74","KITUI SOUTH","15074036812801","IMIW'A PRIMARY SCHOOL",202,4,17,1,233,1,232,1.72413793103448,87.0689655172414,7.32758620689655,0.431034482758621,0.429184549356223,-198,-13,"Malombe","2"
"74","KITUI SOUTH","15074036812901","MAVIA PRIMARY SCHOOL",169,3,53,2,229,2,227,1.3215859030837,74.4493392070485,23.3480176211454,0.881057268722467,0.873362445414847,-166,-50,"Malombe","2"
"74","KITUI SOUTH","15074036813001","MUTULU PRIMARY SCHOOL",224,1,27,2,255,1,254,0.393700787401575,88.1889763779528,10.6299212598425,0.78740157480315,0.392156862745098,-223,-26,"Malombe","2"
"74","KITUI SOUTH","15074036813101","KIVUTI PRIMARY SCHOOL",240,10,19,3,274,2,272,3.67647058823529,88.2352941176471,6.98529411764706,1.10294117647059,0.72992700729927,-230,-9,"Malombe","2"
"74","KITUI SOUTH","15074036813102","KIVUTI PRIMARY SCHOOL",217,6,23,2,249,2,247,2.42914979757085,87.8542510121457,9.31174089068826,0.809716599190283,0.803212851405622,-211,-17,"Malombe","2"
"74","KITUI SOUTH","15074036813201","MEMBOO PRIMARY SCHOOL",141,0,9,1,151,0,151,0,93.3774834437086,5.96026490066225,0.662251655629139,0,-141,-9,"Malombe","3"
"74","KITUI SOUTH","15074036813301","TSAVO PRIMARY SCHOOL",223,7,18,4,254,2,252,2.77777777777778,88.4920634920635,7.14285714285714,1.58730158730159,0.78740157480315,-216,-11,"Malombe","2"
"74","KITUI SOUTH","15074036813401","KASAALA PRIMARY SCHOOL",292,5,20,3,320,0,320,1.5625,91.25,6.25,0.9375,0,-287,-15,"Malombe","2"
"74","KITUI SOUTH","15074036813402","KASAALA PRIMARY SCHOOL",292,6,17,2,318,1,317,1.89274447949527,92.1135646687697,5.36277602523659,0.630914826498423,0.314465408805031,-286,-11,"Malombe","2"
"74","KITUI SOUTH","15074036813501","KAVETE PRIMARY SCHOOL",191,5,5,1,202,0,202,2.47524752475248,94.5544554455445,2.47524752475248,0.495049504950495,0,-186,0,"Malombe","3"
"74","KITUI SOUTH","15074036813601","KWA KIMWELI PRIMARY SCHOOL",275,0,19,2,296,0,296,0,92.9054054054054,6.41891891891892,0.675675675675676,0,-275,-19,"Malombe","2"
"74","KITUI SOUTH","15074036813701","KALULUINI PRIMARY SCHOOL",290,2,18,6,319,3,316,0.632911392405063,91.7721518987342,5.69620253164557,1.89873417721519,0.940438871473354,-288,-16,"Malombe","2"
"74","KITUI SOUTH","15074036813801","KISOU PRIMARY SCHOOL",188,2,17,0,208,1,207,0.966183574879227,90.8212560386473,8.21256038647343,0,0.480769230769231,-186,-15,"Malombe","3"
"74","KITUI SOUTH","15074036813901","NGWATE PRIMARY SCHOOL",333,7,48,0,392,4,388,1.80412371134021,85.8247422680412,12.3711340206186,0,1.02040816326531,-326,-41,"Malombe","2"
"74","KITUI SOUTH","15074036814001","NGAWUNI PRIMARY SCHOOL",329,12,26,5,374,2,372,3.2258064516129,88.4408602150538,6.98924731182796,1.34408602150538,0.53475935828877,-317,-14,"Malombe","2"
"74","KITUI SOUTH","15074036814101","NZEVENI PRIMARY SCHOOL",98,5,6,0,101,2,99,5.05050505050505,98.989898989899,6.06060606060606,0,1.98019801980198,-93,-1,"Malombe","3"
"74","KITUI SOUTH","15074036814201","YUMBU PRIMARY SCHOOL",285,12,43,3,343,0,343,3.49854227405248,83.0903790087464,12.536443148688,0.87463556851312,0,-273,-31,"Malombe","2"
"74","KITUI SOUTH","15074036814301","YANZATI PRIMARY SCHOOL",94,5,14,1,114,0,114,4.3859649122807,82.4561403508772,12.280701754386,0.87719298245614,0,-89,-9,"Malombe","3"
"74","KITUI SOUTH","15074036814401","YAUA PRIMARY SCHOOL",132,0,14,3,150,1,149,0,88.5906040268456,9.39597315436242,2.01342281879195,0.666666666666667,-132,-14,"Malombe","3"
"74","KITUI SOUTH","15074036814501","YAANA PRIMARY SCHOOL",137,3,58,0,198,0,198,1.51515151515152,69.1919191919192,29.2929292929293,0,0,-134,-55,"Malombe","3"
"74","KITUI SOUTH","15074036814601","KAASULA PRIMARY SCHOOL",64,1,3,0,68,0,68,1.47058823529412,94.1176470588235,4.41176470588235,0,0,-63,-2,"Malombe","3"
"74","KITUI SOUTH","15074036814701","IKUTHA PRIMARY SCHOOL",216,4,29,0,250,1,249,1.60642570281124,86.7469879518072,11.6465863453815,0,0.4,-212,-25,"Malombe","2"
"74","KITUI SOUTH","15074036814702","IKUTHA PRIMARY SCHOOL",225,5,26,0,258,2,256,1.953125,87.890625,10.15625,0,0.775193798449612,-220,-21,"Malombe","2"
"74","KITUI SOUTH","15074036814801","IKUTHA YOUTH POLYTECHNIC",172,0,19,1,194,2,192,0,89.5833333333333,9.89583333333333,0.520833333333333,1.03092783505155,-172,-19,"Malombe","3"
"74","KITUI SOUTH","15074036814802","IKUTHA YOUTH POLYTECHNIC",182,5,30,0,219,2,217,2.30414746543779,83.8709677419355,13.8248847926267,0,0.91324200913242,-177,-25,"Malombe","2"
"74","KITUI SOUTH","15074036914901","MIKONGOONI PRIMARY SCHOOL",164,4,32,1,203,2,201,1.99004975124378,81.592039800995,15.9203980099502,0.497512437810945,0.985221674876847,-160,-28,"Malombe","3"
"74","KITUI SOUTH","15074036915001","KAKINDU PRIMARY SCHOOL",188,3,12,5,209,1,208,1.44230769230769,90.3846153846154,5.76923076923077,2.40384615384615,0.478468899521531,-185,-9,"Malombe","3"
"74","KITUI SOUTH","15074036915101","SIMISI PRIMARY SCHOOL",155,5,51,2,215,2,213,2.34741784037559,72.7699530516432,23.943661971831,0.938967136150235,0.930232558139535,-150,-46,"Malombe","2"
"74","KITUI SOUTH","15074036915201","SIMISI SECONDARY SCHOOL",54,1,11,0,66,0,66,1.51515151515152,81.8181818181818,16.6666666666667,0,0,-53,-10,"Malombe","3"
"74","KITUI SOUTH","15074036915301","KASASI PRIMARY SCHOOL",26,0,9,0,35,0,35,0,74.2857142857143,25.7142857142857,0,0,-26,-9,"Malombe","3"
"74","KITUI SOUTH","15074036915401","MWANIANGA PRIMARY SCHOOL",182,3,68,1,255,1,254,1.18110236220472,71.6535433070866,26.7716535433071,0.393700787401575,0.392156862745098,-179,-65,"Malombe","2"
"74","KITUI SOUTH","15074036915501","MAUNGU PRIMARY SCHOOL",77,1,36,0,115,1,114,0.87719298245614,67.5438596491228,31.5789473684211,0,0.869565217391304,-76,-35,"Malombe","3"
"74","KITUI SOUTH","15074036915601","KAALU NURSERY SCHOOL",56,0,17,0,74,1,73,0,76.7123287671233,23.2876712328767,0,1.35135135135135,-56,-17,"Malombe","3"
"74","KITUI SOUTH","15074036915701","MUTHUE PRIMARY SCHOOL",277,4,37,2,322,2,320,1.25,86.5625,11.5625,0.625,0.62111801242236,-273,-33,"Malombe","2"
"74","KITUI SOUTH","15074036915801","MWANGALA PRIMARY SCHOOL",194,2,40,0,237,1,236,0.847457627118644,82.2033898305085,16.9491525423729,0,0.421940928270042,-192,-38,"Malombe","2"
"74","KITUI SOUTH","15074036915901","VUTU PRIMARY SCHOOL",217,2,42,0,261,0,261,0.766283524904214,83.1417624521073,16.0919540229885,0,0,-215,-40,"Malombe","2"
"74","KITUI SOUTH","15074036916001","EKANI PRIMARY SCHOOL",286,4,56,2,351,3,348,1.14942528735632,82.183908045977,16.0919540229885,0.574712643678161,0.854700854700855,-282,-52,"Malombe","2"
"74","KITUI SOUTH","15074036916101","NGALI PRIMARY SCHOOL",70,2,5,0,78,1,77,2.5974025974026,90.9090909090909,6.49350649350649,0,1.28205128205128,-68,-3,"Malombe","3"
"74","KITUI SOUTH","15074036916201","KAKITHYA PRIMARY SCHOOL",170,5,26,1,202,0,202,2.47524752475248,84.1584158415842,12.8712871287129,0.495049504950495,0,-165,-21,"Malombe","3"
"74","KITUI SOUTH","15074036916301","LINGITHYA PRIMARY SCHOOL",79,3,14,5,102,1,101,2.97029702970297,78.2178217821782,13.8613861386139,4.95049504950495,0.980392156862745,-76,-11,"Malombe","3"
"74","KITUI SOUTH","15074036916401","KANZIKO COTTON STORES",317,6,43,1,373,6,367,1.63487738419619,86.3760217983651,11.716621253406,0.272479564032698,1.60857908847185,-311,-37,"Malombe","2"
"74","KITUI SOUTH","15074036916501","KITUVWI PRIMARY SCHOOL",178,2,21,1,204,2,202,0.99009900990099,88.1188118811881,10.3960396039604,0.495049504950495,0.980392156862745,-176,-19,"Malombe","3"
"74","KITUI SOUTH","15074036916601","KATHUNGU NURSERY SCHOOL",121,3,27,0,153,2,151,1.98675496688742,80.1324503311258,17.8807947019868,0,1.30718954248366,-118,-24,"Malombe","3"
"74","KITUI SOUTH","15074036916701","IKILUNGULU PSRIMARY SCHOOL",95,1,31,5,132,0,132,0.757575757575758,71.969696969697,23.4848484848485,3.78787878787879,0,-94,-30,"Malombe","3"
"74","KITUI SOUTH","15074036916801","VYULU NURSERY SCHOOL",126,0,16,0,143,1,142,0,88.7323943661972,11.2676056338028,0,0.699300699300699,-126,-16,"Malombe","3"
"74","KITUI SOUTH","15074036916901","KASIVUNI PRIMARY SCHOOL",165,3,25,1,195,1,194,1.54639175257732,85.0515463917526,12.8865979381443,0.515463917525773,0.512820512820513,-162,-22,"Malombe","3"
"74","KITUI SOUTH","15074036917001","KYANGANGA PRIMARY SCHOOL",120,4,23,1,148,0,148,2.7027027027027,81.0810810810811,15.5405405405405,0.675675675675676,0,-116,-19,"Malombe","3"
"74","KITUI SOUTH","15074036917101","EMALE NURSERY SCHOOL",22,1,24,0,48,1,47,2.12765957446809,46.8085106382979,51.063829787234,0,2.08333333333333,-21,-23,"Musila","3"
"74","KITUI SOUTH","15074036917201","KYANYAA PRIMARY SCHOOL",127,8,53,3,191,0,191,4.18848167539267,66.4921465968586,27.7486910994764,1.57068062827225,0,-119,-45,"Malombe","3"
"74","KITUI SOUTH","15074036917301","KYATULU PRIMARY SCHOOL",108,1,11,0,120,0,120,0.833333333333333,90,9.16666666666667,0,0,-107,-10,"Malombe","3"
"74","KITUI SOUTH","15074036917401","KWA MUKUKU PRIMARY SCHOOL",116,2,7,3,128,0,128,1.5625,90.625,5.46875,2.34375,0,-114,-5,"Malombe","3"
"74","KITUI SOUTH","15074036917501","NDILILI PRIMARY SCHOOL",239,4,22,2,272,5,267,1.49812734082397,89.5131086142322,8.23970037453183,0.749063670411985,1.83823529411765,-235,-18,"Malombe","2"
"74","KITUI SOUTH","15074036917601","MANG'ETHENI PRIMARY SCHOOL",122,3,33,0,158,1,158,1.89873417721519,77.2151898734177,20.8860759493671,0,0.632911392405063,-119,-30,"Malombe","3"
"74","KITUI SOUTH","15074036917701","KALIANI PRIMARY SCHOOL",311,9,33,2,355,0,355,2.53521126760563,87.6056338028169,9.29577464788732,0.563380281690141,0,-302,-24,"Malombe","2"
"74","KITUI SOUTH","15074037017801","ATHI PRIMARY SCHOOL",332,11,46,5,394,0,394,2.79187817258883,84.2639593908629,11.6751269035533,1.26903553299492,0,-321,-35,"Malombe","2"
"74","KITUI SOUTH","15074037017901","KANDENGYA PRIMARY SCHOOL",218,0,10,5,235,2,233,0,93.5622317596567,4.29184549356223,2.14592274678112,0.851063829787234,-218,-10,"Malombe","2"
"74","KITUI SOUTH","15074037018001","KILAWA PRIMARY SCHOOL",236,6,20,3,266,1,265,2.26415094339623,89.0566037735849,7.54716981132075,1.13207547169811,0.37593984962406,-230,-14,"Malombe","2"
"74","KITUI SOUTH","15074037018101","MUTONYA ITHO PRIMARY SCHOOL",180,8,61,5,258,4,254,3.1496062992126,70.8661417322835,24.0157480314961,1.96850393700787,1.55038759689922,-172,-53,"Malombe","2"
"74","KITUI SOUTH","15074037018201","MBUSYANI PRIMARY SCHOOL",139,1,13,1,155,1,154,0.649350649350649,90.2597402597403,8.44155844155844,0.649350649350649,0.645161290322581,-138,-12,"Malombe","3"
"74","KITUI SOUTH","15074037018301","MUKUANIMA PRIMARY SCHOOL",136,1,4,2,143,0,143,0.699300699300699,95.1048951048951,2.7972027972028,1.3986013986014,0,-135,-3,"Malombe","3"
"74","KITUI SOUTH","15074037018401","KYANGIU PRIMARY SCHOOL",159,1,14,1,175,0,175,0.571428571428571,90.8571428571429,8,0.571428571428571,0,-158,-13,"Malombe","3"
"74","KITUI SOUTH","15074037018501","UIINI NURSERY SCHOOL",57,2,6,0,67,2,65,3.07692307692308,87.6923076923077,9.23076923076923,0,2.98507462686567,-55,-4,"Malombe","3"
"74","KITUI SOUTH","15074037018601","KITUTI SECONDARY SCHOOL",269,4,43,2,321,3,318,1.25786163522013,84.5911949685535,13.5220125786164,0.628930817610063,0.934579439252336,-265,-39,"Malombe","2"
"74","KITUI SOUTH","15074037018701","MAKUENI PRIMARY SCHOOL",114,1,23,1,142,3,139,0.719424460431655,82.0143884892086,16.5467625899281,0.719424460431655,2.11267605633803,-113,-22,"Malombe","3"
"74","KITUI SOUTH","15074037018801","KITUTI PRIMARY SCHOOL",215,1,29,1,250,4,246,0.40650406504065,87.3983739837398,11.7886178861789,0.40650406504065,1.6,-214,-28,"Malombe","2"
"74","KITUI SOUTH","15074037018901","NDANDINI PRIMARY SCHOOL",136,4,5,2,147,0,147,2.72108843537415,92.5170068027211,3.40136054421769,1.36054421768707,0,-132,-1,"Malombe","3"
"74","KITUI SOUTH","15074037019001","KAMINA PRIMARY SCHOOL",270,5,39,3,318,1,317,1.57728706624606,85.1735015772871,12.3028391167192,0.946372239747634,0.314465408805031,-265,-34,"Malombe","2"
"74","KITUI SOUTH","15074037019101","MWATHE PRIMARY SCHOOL",225,3,1,0,229,0,229,1.31004366812227,98.2532751091703,0.436681222707424,0,0,-222,2,"Malombe","2"
"74","KITUI SOUTH","15074037019201","MUKUNDAA PRIMARY SCHOOL",86,1,18,1,106,0,106,0.943396226415094,81.1320754716981,16.9811320754717,0.943396226415094,0,-85,-17,"Malombe","3"
"74","KITUI SOUTH","15074037019301","NTHWAIANI PRIMARY SCHOOL",126,1,11,0,140,2,138,0.72463768115942,91.304347826087,7.97101449275362,0,1.42857142857143,-125,-10,"Malombe","3"
"74","KITUI SOUTH","15074037019401","IMATHOKA PRIMARY SCHOOL",136,2,4,2,148,2,146,1.36986301369863,93.1506849315068,2.73972602739726,1.36986301369863,1.35135135135135,-134,-2,"Malombe","3"
"74","KITUI SOUTH","15074037019501","TIMBONI  PRIMARY SCHOOL",126,4,47,2,179,0,179,2.23463687150838,70.391061452514,26.2569832402235,1.11731843575419,0,-122,-43,"Malombe","3"
"74","KITUI SOUTH","15074037019601","MUKWAKWANI PRIMARY SCHOOL",63,0,12,1,76,0,76,0,82.8947368421053,15.7894736842105,1.31578947368421,0,-63,-12,"Malombe","3"
"74","KITUI SOUTH","15074037019701","MUAMBUA PRIMARY SCHOOL",121,3,26,1,151,0,151,1.98675496688742,80.1324503311258,17.2185430463576,0.662251655629139,0,-118,-23,"Malombe","3"
"74","KITUI SOUTH","15074037019801","KATULU PRIMARY SCHOOL",190,7,79,1,286,9,277,2.52707581227437,68.5920577617328,28.5198555956679,0.36101083032491,3.14685314685315,-183,-72,"Malombe","2"
"74","KITUI SOUTH","15074037019901","MAKUTANO PRIMARY SCHOOL",71,0,25,2,98,0,98,0,72.4489795918367,25.5102040816327,2.04081632653061,0,-71,-25,"Malombe","3"
"74","KITUI SOUTH","15074037020001","IVUKUVUKU PRIMARY SCHOOL",236,5,51,6,298,0,298,1.67785234899329,79.1946308724832,17.1140939597315,2.01342281879195,0,-231,-46,"Malombe","2"
"74","KITUI SOUTH","15074037020101","SENDA PRIMARY SCHOOL",32,2,42,0,77,1,76,2.63157894736842,42.1052631578947,55.2631578947368,0,1.2987012987013,-30,-40,"Musila","3"
"74","KITUI SOUTH","15074037020201","MBAKONI PRIMARY SCHOOL",86,6,61,1,154,0,154,3.8961038961039,55.8441558441558,39.6103896103896,0.649350649350649,0,-80,-55,"Malombe","3"
"74","KITUI SOUTH","15074037020301","MONGUNI PRIMARY SCHOOL",185,13,57,2,257,0,257,5.05836575875486,71.9844357976654,22.1789883268482,0.778210116731518,0,-172,-44,"Malombe","2"
"74","KITUI SOUTH","15074037020401","ILENGI PRIMARY SCHOOL",242,10,46,2,301,1,300,3.33333333333333,80.6666666666667,15.3333333333333,0.666666666666667,0.332225913621262,-232,-36,"Malombe","2"
"74","KITUI SOUTH","15074037020501","MUAANI PRIMARY SCHOOL",82,10,50,6,148,0,148,6.75675675675676,55.4054054054054,33.7837837837838,4.05405405405405,0,-72,-40,"Malombe","3"
"74","KITUI SOUTH","15074037020601","YOLOMUNI PRIMARY SCHOOL",128,7,39,4,178,0,178,3.93258426966292,71.9101123595506,21.9101123595506,2.24719101123596,0,-121,-32,"Malombe","3"
"74","KITUI SOUTH","15074037020701","KATILINI PRIMARY SCHOOL",58,8,147,2,215,0,215,3.72093023255814,26.9767441860465,68.3720930232558,0.930232558139535,0,-50,-139,"Musila","3"
"74","KITUI SOUTH","15074037020801","SEMBENI PRIMARY SCHOOL",98,3,28,0,130,1,129,2.32558139534884,75.968992248062,21.7054263565891,0,0.769230769230769,-95,-25,"Malombe","3"
"74","KITUI SOUTH","15074037020901","NZAINI PRIMARY SCHOOL",178,87,27,1,294,1,293,29.6928327645051,60.7508532423208,9.21501706484642,0.341296928327645,0.340136054421769,-91,60,"Malombe","2"
"74","KITUI SOUTH","15074037021001","KAIVISI PRIMARY SCHOOL",57,7,58,2,124,0,124,5.64516129032258,45.9677419354839,46.7741935483871,1.61290322580645,0,-50,-51,"Musila","3"
"74","KITUI SOUTH","15074037021101","MWAMBA-ISYUKO PRIMARY SCHOOL",91,0,47,2,140,0,140,0,65,33.5714285714286,1.42857142857143,0,-91,-47,"Malombe","3"
"74","KITUI SOUTH","15074037021201","NDIVUNI PRIMARY SCHOOL",122,8,108,7,246,1,245,3.26530612244898,49.7959183673469,44.0816326530612,2.85714285714286,0.40650406504065,-114,-100,"Malombe","2"
"74","KITUI SOUTH","15074037021301","MBUI NDUNE PRIMARY SCHOOL",73,3,73,5,155,1,154,1.94805194805195,47.4025974025974,47.4025974025974,3.24675324675325,0.645161290322581,-70,-70,"Malombe","3"
"74","KITUI SOUTH","15074037021401","MITALANI PRIMARY SCHOOL",52,5,114,1,172,0,172,2.90697674418605,30.2325581395349,66.2790697674419,0.581395348837209,0,-47,-109,"Musila","3"
"74","KITUI SOUTH","15074037021501","MEMBAU PRIMARY SCHOOL",33,5,57,2,97,0,97,5.15463917525773,34.020618556701,58.7628865979381,2.06185567010309,0,-28,-52,"Musila","3"
"74","KITUI SOUTH","15074037021601","YONGO PRIMARY SCHOOL",128,7,94,2,233,2,231,3.03030303030303,55.4112554112554,40.6926406926407,0.865800865800866,0.858369098712446,-121,-87,"Malombe","2"
"74","KITUI SOUTH","15074037021602","YONGO PRIMARY SCHOOL",106,15,129,1,254,3,251,5.97609561752988,42.2310756972112,51.394422310757,0.398406374501992,1.18110236220472,-91,-114,"Musila","2"
"74","KITUI SOUTH","15074037021701","IMELU PRIMARY SCHOOL",31,6,40,3,80,0,80,7.5,38.75,50,3.75,0,-25,-34,"Musila","3"
"74","KITUI SOUTH","15074037021801","MBOONI PRIMARY SCHOOL",95,2,79,1,178,1,177,1.12994350282486,53.6723163841808,44.6327683615819,0.564971751412429,0.561797752808989,-93,-77,"Malombe","3"
"74","KITUI SOUTH","15074037021901","MALUMA PRIMARY SCHOOL",283,4,31,1,319,0,319,1.25391849529781,88.7147335423197,9.71786833855799,0.313479623824451,0,-279,-27,"Malombe","2"
"74","KITUI SOUTH","15074037022001","KAKUNGULA PRIMARY SCHOOL",149,1,9,0,159,0,159,0.628930817610063,93.7106918238994,5.66037735849057,0,0,-148,-8,"Malombe","3"
"74","KITUI SOUTH","15074037022101","KALIVU PRIMARY SCHOOL",229,3,50,1,284,1,283,1.06007067137809,80.9187279151943,17.6678445229682,0.353356890459364,0.352112676056338,-226,-47,"Malombe","2"
"74","KITUI SOUTH","15074037022201","MUTEETU PRIMARY SCHOOL",97,2,3,0,102,0,102,1.96078431372549,95.0980392156863,2.94117647058824,0,0,-95,-1,"Malombe","3"
"74","KITUI SOUTH","15074037022301","KYANDULA PRIMARY SCHOOL",319,6,75,2,406,4,402,1.49253731343284,79.3532338308458,18.6567164179104,0.497512437810945,0.985221674876847,-313,-69,"Malombe","2"
"74","KITUI SOUTH","15074037022401","KISIIO PRIMARY SCHOOL",146,5,20,2,175,2,173,2.89017341040462,84.393063583815,11.5606936416185,1.15606936416185,1.14285714285714,-141,-15,"Malombe","3"
"74","KITUI SOUTH","15074037022501","MUAMBANI PRIMARY SCHOOL",215,12,66,5,298,0,298,4.02684563758389,72.1476510067114,22.1476510067114,1.67785234899329,0,-203,-54,"Malombe","2"
"74","KITUI SOUTH","15074037022601","MAKONGO PRIMARY SCHOOL",109,2,11,0,122,0,122,1.63934426229508,89.344262295082,9.01639344262295,0,0,-107,-9,"Malombe","3"
