"constituency_name","polling_station_code","polling_station_name","votes_cast","julius_makau_malombe","jonathan_mwangangi_mueke","david_musila","charity_kaluki_ngilu","winner"
"MWINGI NORTH","15067033100101","IKIME PRI SCH",225,81,3,138,2,"Musila"
"MWINGI NORTH","15067033100201","MANGOMBO PRI SCH",162,84,1,76,1,"Malombe"
"MWINGI NORTH","15067033100301","KAANGO NUR SCH",100,73,1,23,1,"Malombe"
"MWINGI NORTH","15067033100401","KALW'A PRI SCH",187,119,4,62,0,"Malombe"
"MWINGI NORTH","15067033100501","KWA IKULI NUR SCH",74,19,1,54,0,"Musila"
"MWINGI NORTH","15067033100601","MWANGENI PRIMARY SCHOOL",51,15,1,35,0,"Musila"
"MWINGI NORTH","15067033100701","NDUNGUNI PRI SCH",123,40,1,79,2,"Musila"
"MWINGI NORTH","15067033100901","KAMUSILIU PRI SCH",303,185,13,104,0,"Malombe"
"MWINGI NORTH","15067033101001","MUTALA SPG CENTER",171,61,5,103,1,"Musila"
"MWINGI NORTH","15067033101101","NGENGI NURSERY SCHOOL",67,43,2,21,1,"Malombe"
"MWINGI NORTH","15067033101201","KASILUNI NUR SCH",249,95,1,151,0,"Musila"
"MWINGI NORTH","15067033101301","KAVAANI PRI SCH",253,108,2,138,1,"Musila"
"MWINGI NORTH","15067033101401","MURINGANI NUR SCH",129,69,0,59,1,"Malombe"
"MWINGI NORTH","15067033101501","MUTAIRU PRI SCH",169,51,1,115,2,"Musila"
"MWINGI NORTH","15067033101601","MANGUU PRI SCH",197,58,3,135,1,"Musila"
"MWINGI NORTH","15067033101701","NGOMENI PRI SCH",207,77,5,124,1,"Musila"
"MWINGI NORTH","15067033101702","NGOMENI PRI SCH",196,69,2,120,3,"Musila"
"MWINGI NORTH","15067033101801","KAMAVUI PRI SCH",138,47,4,85,2,"Musila"
"MWINGI NORTH","15067033101901","KATUMBINI NUR SCH",119,35,1,81,1,"Musila"
"MWINGI NORTH","15067033102001","KIMELA PRI SCH",362,103,7,252,0,"Musila"
"MWINGI NORTH","15067033102101","NZAINI PRI SCH",238,87,6,141,1,"Musila"
"MWINGI NORTH","15067033102201","KAKUNGUU TRADING CTR",69,21,1,46,1,"Musila"
"MWINGI NORTH","15067033102301","MALAWA PRI SCH",152,56,6,90,0,"Musila"
"MWINGI NORTH","15067033102401","MANDONGOI NUR SCH",242,44,5,189,1,"Musila"
"MWINGI NORTH","15067033102501","MITAMISYI NUR SCH",301,157,7,136,0,"Malombe"
"MWINGI NORTH","15067033102601","ILALU PRI SCH",328,72,11,241,1,"Musila"
"MWINGI NORTH","15067033102701","KATHAALANI PRI SCH",247,55,18,173,1,"Musila"
"MWINGI NORTH","15067033102801","MATURUMBE NUR SCH",62,9,0,52,0,"Musila"
"MWINGI NORTH","15067033121801","INYANZAE PRI SCHOOL",69,22,0,47,0,"Musila"
"MWINGI NORTH","15067033121901","IKAAYUNI PRI SCHOOL",135,40,1,86,4,"Musila"
"MWINGI NORTH","15067033122001","MALATANI PRI SCHOOL",67,15,2,48,1,"Musila"
"MWINGI NORTH","15067033122101","MUTULYA SHOPPING CENTRE",77,31,3,42,1,"Musila"
"MWINGI NORTH","15067033200801","KAIRUNGU NUR SCH",103,34,7,58,1,"Musila"
"MWINGI NORTH","15067033202901","GAI PRI SCH",225,112,6,104,1,"Malombe"
"MWINGI NORTH","15067033202902","GAI PRI SCH",223,96,3,119,4,"Musila"
"MWINGI NORTH","15067033203001","KATAKANI PRI SCH",182,69,6,102,2,"Musila"
"MWINGI NORTH","15067033203101","KYUSO GIRLS",68,49,0,18,1,"Malombe"
"MWINGI NORTH","15067033203201","KYUSO MARKET",296,141,17,136,1,"Malombe"
"MWINGI NORTH","15067033203202","KYUSO MARKET",308,148,10,144,0,"Malombe"
"MWINGI NORTH","15067033203301","KYUSO PRI SCH",360,129,9,214,4,"Musila"
"MWINGI NORTH","15067033203401","MARISI PRI SCH",171,69,2,100,0,"Musila"
"MWINGI NORTH","15067033203501","MATOONI PRI SCH",151,77,4,67,2,"Malombe"
"MWINGI NORTH","15067033203601","NGENGI PRI SCHOOL",82,35,2,43,2,"Musila"
"MWINGI NORTH","15067033203701","NGOMOLA PRI SCHOOL",62,29,2,29,2,"Malombe"
"MWINGI NORTH","15067033203801","NZAALANI PRI SCH",158,74,3,81,0,"Musila"
"MWINGI NORTH","15067033203901","ITIVA-NZOU PRI SCH",259,120,0,136,0,"Musila"
"MWINGI NORTH","15067033203902","ITIVA-NZOU PRI SCH",248,118,3,125,1,"Musila"
"MWINGI NORTH","15067033204001","KASARANI (KISEUNI PRI SCH)",61,24,0,37,0,"Musila"
"MWINGI NORTH","15067033204101","KWANGURU PRI SCH",169,49,2,116,0,"Musila"
"MWINGI NORTH","15067033204201","TII PRI SCH",127,42,0,83,1,"Musila"
"MWINGI NORTH","15067033204301","TULANDULI PRI SCH",204,109,6,84,3,"Malombe"
"MWINGI NORTH","15067033204401","IVONYA-NGYA PRI SCH",284,136,1,144,2,"Musila"
"MWINGI NORTH","15067033204501","KALAMBANI PRI SCH",244,112,5,123,2,"Musila"
"MWINGI NORTH","15067033204601","KILANGA NUR SCH",60,21,1,37,1,"Musila"
"MWINGI NORTH","15067033204701","MUGUUSI PRI SCH",108,44,2,62,0,"Musila"
"MWINGI NORTH","15067033204801","KAMUWONGO MARKET.",261,148,8,101,3,"Malombe"
"MWINGI NORTH","15067033204802","KAMUWONGO MARKET.",240,145,2,92,1,"Malombe"
"MWINGI NORTH","15067033204901","KATHUMBINI MARKET",127,70,3,54,0,"Malombe"
"MWINGI NORTH","15067033205001","KYANDOO PRIMARY SCHOOL.",190,120,4,66,0,"Malombe"
"MWINGI NORTH","15067033205101","NGAANI NUR SCH",139,78,2,58,0,"Malombe"
"MWINGI NORTH","15067033205201","KAKUNIKE PRI SCH",233,95,2,136,0,"Musila"
"MWINGI NORTH","15067033205301","KAMUW'ONGO PRI SCH",144,73,4,65,2,"Malombe"
"MWINGI NORTH","15067033205401","MBAUNI PRI SCH",121,42,4,72,3,"Musila"
"MWINGI NORTH","15067033205501","KORA NURSERY",216,58,2,154,2,"Musila"
"MWINGI NORTH","15067033205601","KWA VERE PRI SCH",91,35,1,53,3,"Musila"
"MWINGI NORTH","15067033205701","MANZUVA PRI SCH",154,97,2,50,1,"Malombe"
"MWINGI NORTH","15067033205801","MIVUKONI PRI SCH",286,87,4,191,0,"Musila"
"MWINGI NORTH","15067033205901","NGOMANO PRI SCH",72,18,3,49,0,"Musila"
"MWINGI NORTH","15067033206001","KALAA PRI SCH",112,50,2,58,0,"Musila"
"MWINGI NORTH","15067033206101","KALOLE PRI SCH",174,43,3,124,0,"Musila"
"MWINGI NORTH","15067033206201","KAVURUKO NUR SCH",140,49,2,85,1,"Musila"
"MWINGI NORTH","15067033206301","MALATANI NUR SCH",117,31,1,84,1,"Musila"
"MWINGI NORTH","15067033206401","MIKWA PRI SCH",273,108,6,155,1,"Musila"
"MWINGI NORTH","15067033206501","NGUNGANI PRI SCHOOL",91,36,1,52,1,"Musila"
"MWINGI NORTH","15067033206601","KANDWIA PRI SCH",366,132,5,227,2,"Musila"
"MWINGI NORTH","15067033206701","KIMANGAO PRI SCH",398,168,8,220,0,"Musila"
"MWINGI NORTH","15067033206801","KIMU PRI SCH",347,154,13,176,3,"Musila"
"MWINGI NORTH","15067033206901","MBANGWANI PRI SCH",163,72,5,86,0,"Musila"
"MWINGI NORTH","15067033207001","NDATHANI PRI SCH",193,113,4,74,2,"Malombe"
"MWINGI NORTH","15067033207101","KISEUNI PRI SCH",91,53,0,38,0,"Malombe"
"MWINGI NORTH","15067033207201","KIVANGWA PRI SCH",160,80,3,70,4,"Malombe"
"MWINGI NORTH","15067033207301","MANDALA PRI SCH",173,87,4,77,2,"Malombe"
"MWINGI NORTH","15067033207401","KALIANI PRI SCH",179,80,4,93,2,"Musila"
"MWINGI NORTH","15067033207501","KWA KATILE PRI(MASEKI)",398,278,4,114,1,"Malombe"
"MWINGI NORTH","15067033207601","KAMWENGI NUR SCH",92,18,4,69,1,"Musila"
"MWINGI NORTH","15067033207701","KATUKA NUR SCH",97,47,0,48,1,"Musila"
"MWINGI NORTH","15067033207801","MATAKA PRI SCH",211,59,4,143,4,"Musila"
"MWINGI NORTH","15067033207901","ITULU PRI SCH",173,88,3,81,1,"Malombe"
"MWINGI NORTH","15067033208001","KAGHUI PRI SCH",242,127,4,110,1,"Malombe"
"MWINGI NORTH","15067033208101","KAITHANGO  PRI SCHOOL",101,55,0,44,1,"Malombe"
"MWINGI NORTH","15067033208201","KASYATHYU PRI SCH",157,88,3,57,6,"Malombe"
"MWINGI NORTH","15067033208301","KWAMUTISYA PRI SCH",43,13,0,28,1,"Musila"
"MWINGI NORTH","15067033208401","KYANGWITHYA PRI SCHOOL",99,70,1,28,0,"Malombe"
"MWINGI NORTH","15067033208501","MBUI PRI SCH",157,89,0,68,0,"Malombe"
"MWINGI NORTH","15067033208601","NGAAIE PRI SCH",303,144,4,152,1,"Musila"
"MWINGI NORTH","15067033208701","KAKOONGO PRI SCH",269,80,4,183,0,"Musila"
"MWINGI NORTH","15067033208801","KANDONGU PRI SCH",99,53,0,46,0,"Malombe"
"MWINGI NORTH","15067033208901","KILULU NUR SCH",84,26,1,57,0,"Musila"
"MWINGI NORTH","15067033209001","MANZOLO PRI SCH",154,37,0,117,0,"Musila"
"MWINGI NORTH","15067033209101","TWIMYUA PRI SCH",259,88,3,165,0,"Musila"
"MWINGI NORTH","15067033209201","WIKIMUU NUR SCH",100,20,1,77,1,"Musila"
"MWINGI NORTH","15067033309301","IKOONGO PRI SCH",167,64,5,93,2,"Musila"
"MWINGI NORTH","15067033309401","NGAANI PRI SCH",201,34,0,167,0,"Musila"
"MWINGI NORTH","15067033309501","THUA PRI SCH",203,69,1,133,0,"Musila"
"MWINGI NORTH","15067033309601","KALATINE PRI SCH",334,88,2,238,3,"Musila"
"MWINGI NORTH","15067033309701","KAUNDU PRI SCH",309,187,2,119,1,"Malombe"
"MWINGI NORTH","15067033309801","NGAKONE PRI SCH",107,33,2,72,0,"Musila"
"MWINGI NORTH","15067033309901","ITINDA PRI SCH",170,46,3,118,1,"Musila"
"MWINGI NORTH","15067033310001","KALIWA PRI SCH",268,123,0,141,0,"Musila"
"MWINGI NORTH","15067033310101","KAMATHITU PRI SCH",297,198,6,93,0,"Malombe"
"MWINGI NORTH","15067033310201","KANYOENI FEEDER SCHOOL.",82,47,1,33,0,"Malombe"
"MWINGI NORTH","15067033310301","SYOMUKII PRI SCH",100,75,1,24,0,"Malombe"
"MWINGI NORTH","15067033310401","KANDEKE NUR SCH",100,59,0,39,1,"Malombe"
"MWINGI NORTH","15067033310501","KATHIANI PRI SCH",241,127,1,112,0,"Malombe"
"MWINGI NORTH","15067033310601","KATHUMULANI PRI SCH",323,116,6,201,0,"Musila"
"MWINGI NORTH","15067033310701","NG'OMBENI PRI SCH",217,80,1,136,0,"Musila"
"MWINGI NORTH","15067033310801","NGUUKU PRI SCH",265,83,3,177,0,"Musila"
"MWINGI NORTH","15067033310901","KANYUNGU PRI SCH",78,20,3,53,1,"Musila"
"MWINGI NORTH","15067033311001","MPUKU PRI SCH",54,12,2,40,0,"Musila"
"MWINGI NORTH","15067033311101","MUVINGE PRI SCH",312,115,3,190,2,"Musila"
"MWINGI NORTH","15067033311201","SYUMBETI FEEDER SCHOOL.",99,57,2,38,1,"Malombe"
"MWINGI NORTH","15067033311301","KASYALANI PRI SCH",390,92,4,293,1,"Musila"
"MWINGI NORTH","15067033311401","NYAMA -NZEI PRI SCH",198,63,8,124,1,"Musila"
"MWINGI NORTH","15067033311501","KANZINWA PRI SCH",330,259,5,64,2,"Malombe"
"MWINGI NORTH","15067033311601","KATSE PRI SCH",387,288,3,91,0,"Malombe"
"MWINGI NORTH","15067033311701","KATSE SEC SCHOOL.",96,70,3,23,0,"Malombe"
"MWINGI NORTH","15067033311801","KATUKA PRI SCH",160,131,0,28,1,"Malombe"
"MWINGI NORTH","15067033311901","KIISI FEEDER",78,41,1,33,0,"Malombe"
"MWINGI NORTH","15067033312001","MBARANI PRI SCH",145,96,0,47,1,"Malombe"
"MWINGI NORTH","15067033312101","IRIRA MARKET",43,12,6,25,0,"Musila"
"MWINGI NORTH","15067033312201","KATAMA PRI SCH",110,23,1,85,0,"Musila"
"MWINGI NORTH","15067033312301","KITHIOKO MKT",93,14,1,78,0,"Musila"
"MWINGI NORTH","15067033312401","MUKINDU NUR SCH",196,60,3,132,1,"Musila"
"MWINGI NORTH","15067033312501","KASIONI PRI SCH",175,73,5,94,3,"Musila"
"MWINGI NORTH","15067033312601","MUSOSYA PRI SCH",177,137,1,34,2,"Malombe"
"MWINGI NORTH","15067033312701","MUTIUNI PRI SCH",139,39,0,100,0,"Musila"
"MWINGI NORTH","15067033312801","KAISINGA PRI SCH",153,44,0,106,3,"Musila"
"MWINGI NORTH","15067033312901","KWA KATHUKYA T.C",107,48,2,56,1,"Musila"
"MWINGI NORTH","15067033313001","KWA MUSILA PRI SCH",124,49,6,69,0,"Musila"
"MWINGI NORTH","15067033313101","MBANGWANI  TRC",92,48,2,41,0,"Malombe"
"MWINGI NORTH","15067033313201","ITHUNZI PRI.",154,46,6,98,1,"Musila"
"MWINGI NORTH","15067033313301","KAMBUSU PRI SCH",267,148,6,105,6,"Malombe"
"MWINGI NORTH","15067033313401","NGUNGANI NUR SCH",392,123,7,258,0,"Musila"
"MWINGI NORTH","15067033313501","TONDORA PRI SCH",148,39,0,108,1,"Musila"
"MWINGI NORTH","15067033313601","KALIANI FEEDER SCH",138,43,1,94,0,"Musila"
"MWINGI NORTH","15067033313701","KATUUNI PRI SCH",325,198,1,123,3,"Malombe"
"MWINGI NORTH","15067033313801","MASUKANIONI PRI SCH",256,107,5,142,2,"Musila"
"MWINGI NORTH","15067033313901","MUTHWANI PRI SCH",316,160,4,149,3,"Malombe"
"MWINGI NORTH","15067033314001","NDOO PRI SCH",170,96,2,67,3,"Malombe"
"MWINGI NORTH","15067033314101","TYAA/KAMUTHALE SEC SCH",192,58,2,130,1,"Musila"
"MWINGI NORTH","15067033314201","KAMULYO FEEDER SCHOOL.",171,82,4,78,2,"Malombe"
"MWINGI NORTH","15067033314301","NDATHA PRI SCH",128,29,2,95,1,"Musila"
"MWINGI NORTH","15067033322301","MWANGU PRI SCHOOL",74,44,1,28,1,"Malombe"
"MWINGI NORTH","15067033322401","KYUMBE PRI SCHOOL",70,19,4,45,1,"Musila"
"MWINGI NORTH","15067033322501","KATANGINI PRI SCHOOL",127,42,3,75,3,"Musila"
"MWINGI NORTH","15067033322601","KASYONGO PRI SCHOOL",143,41,2,96,3,"Musila"
"MWINGI NORTH","15067033322701","ABC KASEVI PRI SCHOOL",17,11,0,6,0,"Malombe"
"MWINGI NORTH","15067033322801","KANGOMO PRI SCHOOL",35,10,1,24,0,"Musila"
"MWINGI NORTH","15067033322901","KITUNGI PRI SCHOOL",42,12,3,26,1,"Musila"
"MWINGI NORTH","15067033323001","MUTHIMI FEEDER SCHOOL",35,5,1,29,0,"Musila"
"MWINGI NORTH","15067033323101","KIKUMINI PRI SCHOOL",36,12,0,24,0,"Musila"
"MWINGI NORTH","15067033414401","KAIVIRYA PRI SCH",164,125,3,32,0,"Malombe"
"MWINGI NORTH","15067033414501","KANGARAI PRE SCHOOL",102,79,5,11,1,"Malombe"
"MWINGI NORTH","15067033414601","KAVUTONI PRIMARY SCHOOL",100,85,0,15,0,"Malombe"
"MWINGI NORTH","15067033414701","MWANGEA PRI SCH",323,235,1,85,1,"Malombe"
"MWINGI NORTH","15067033414801","KISIUNI NUR SCH",137,33,2,98,3,"Musila"
"MWINGI NORTH","15067033414901","KITHAIYONI PRI SCH",166,94,0,70,0,"Malombe"
"MWINGI NORTH","15067033415001","MANANDU PRI SCH",339,168,4,158,4,"Malombe"
"MWINGI NORTH","15067033415101","MUANGENI PRE SCHOOL",174,155,2,15,1,"Malombe"
"MWINGI NORTH","15067033415201","MUKAMENI PRIMARY SCHOOL",65,35,2,27,0,"Malombe"
"MWINGI NORTH","15067033415301","NZANZENI PRI SCH",217,175,0,38,3,"Malombe"
"MWINGI NORTH","15067033415401","KWA NGONDI NUR SCH",181,85,1,90,3,"Musila"
"MWINGI NORTH","15067033415501","KWA NZULA PRI SCH",174,56,3,114,0,"Musila"
"MWINGI NORTH","15067033415601","MATHUNYANI FEEDER SCHOOL",100,27,0,70,0,"Musila"
"MWINGI NORTH","15067033415701","MULANGONI PRI SCH",294,123,1,169,1,"Musila"
"MWINGI NORTH","15067033415801","NDOONI PRI SCH",285,215,4,64,1,"Malombe"
"MWINGI NORTH","15067033415901","IKATHIMA PRI SCH",66,23,2,37,3,"Musila"
"MWINGI NORTH","15067033416001","ITHOKA PRI SCH",148,43,1,102,2,"Musila"
"MWINGI NORTH","15067033416101","KASAINI PRI SCH",77,31,0,42,0,"Musila"
"MWINGI NORTH","15067033416201","KASELUNI NURSERY SCHOOL",165,58,2,100,3,"Musila"
"MWINGI NORTH","15067033416301","KINOLU PRI SCH",208,117,0,87,0,"Malombe"
"MWINGI NORTH","15067033416401","MANG ULU FEEDER SCHOOL",161,37,2,117,3,"Musila"
"MWINGI NORTH","15067033416501","MASYUNGWA PRI SCH",310,143,3,160,2,"Musila"
"MWINGI NORTH","15067033416601","KAIMEA FEEDER SCHOOL",94,26,2,65,1,"Musila"
"MWINGI NORTH","15067033416701","KAKAUNI PRI SCH",172,91,4,74,2,"Malombe"
"MWINGI NORTH","15067033416801","KATILINGE PRI SCH",319,114,7,190,2,"Musila"
"MWINGI NORTH","15067033416901","KATUMBI PRI SCH",210,127,2,77,2,"Malombe"
"MWINGI NORTH","15067033417001","SYOMAVUO NUR SCH",60,32,0,27,0,"Malombe"
"MWINGI NORTH","15067033417101","KAIKULI PRIMARY SCHOOL",81,28,1,50,2,"Musila"
"MWINGI NORTH","15067033417201","KAMALI PRI SCH",215,95,7,111,1,"Musila"
"MWINGI NORTH","15067033417301","KYENINI PRI SCH",216,59,3,150,3,"Musila"
"MWINGI NORTH","15067033417401","MUSAVANI PRI SCH",330,145,3,175,6,"Musila"
"MWINGI NORTH","15067033417501","WIKITHUKI NUR SCH",241,48,3,185,3,"Musila"
"MWINGI NORTH","15067033417601","ILIONI PRIMARY",69,49,3,16,1,"Malombe"
"MWINGI NORTH","15067033417701","KAKUNGUU PRI SCH",222,105,2,111,2,"Musila"
"MWINGI NORTH","15067033417801","KATHUNGU PRI SCH",201,95,2,100,4,"Musila"
"MWINGI NORTH","15067033417901","NGALANGE PRI SCH",375,191,4,168,1,"Malombe"
"MWINGI NORTH","15067033418001","KALUMU PRI SCH",193,99,2,92,0,"Malombe"
"MWINGI NORTH","15067033418101","SIVETA PRI SCH",241,129,1,109,1,"Malombe"
"MWINGI NORTH","15067033418201","CIOKEREKE PRI SCH",175,139,5,27,1,"Malombe"
"MWINGI NORTH","15067033418301","NGONGONI PRI SCH",301,231,11,55,3,"Malombe"
"MWINGI NORTH","15067033418401","KALIMBUI PRI SCH",280,176,6,95,1,"Malombe"
"MWINGI NORTH","15067033418501","TSEIKURU PRI SCH",247,159,6,75,2,"Malombe"
"MWINGI NORTH","15067033418502","TSEIKURU PRI SCH",277,178,6,87,3,"Malombe"
"MWINGI NORTH","15067033418601","TSEIKURU SEC SCH",242,157,8,68,1,"Malombe"
"MWINGI NORTH","15067033418701","ITUNG'UNI PRI SCH",111,60,1,50,0,"Malombe"
"MWINGI NORTH","15067033418801","KYAMALUTU PRI SCH",328,103,3,218,2,"Musila"
"MWINGI NORTH","15067033418901","USUENI PRI SCH",246,94,3,146,1,"Musila"
"MWINGI NORTH","15067033423301","KATUE PRI SCHOOL",99,59,0,37,3,"Malombe"
"MWINGI NORTH","15067033423401","MARU PRI SCHOOL",37,7,0,28,1,"Musila"
"MWINGI NORTH","15067033423501","MANZINGA PRI SCHOOL",48,17,0,30,0,"Musila"
"MWINGI NORTH","15067033423601","NGUUNI PRI SCHOOL",74,34,4,36,0,"Musila"
"MWINGI NORTH","15067033423701","KARURI PRI SCHOOL",15,8,0,7,0,"Malombe"
"MWINGI NORTH","15067033423801","KASYATHYUNI PRI SCHOOL",58,35,3,20,0,"Malombe"
"MWINGI NORTH","15067033423901","MASEVESEVENI PRI SCHOOL",74,13,2,53,0,"Musila"
"MWINGI NORTH","15067033424101","SUMONI PRI SCHOOL",118,60,3,53,2,"Malombe"
"MWINGI NORTH","15067033424301","NYAMBONI PRI SCHOOL",96,26,1,66,1,"Musila"
"MWINGI NORTH","15067033424401","NDITIMI PRI SCHOOL",73,60,2,9,0,"Malombe"
"MWINGI NORTH","15067033519001","GACIGONGO PRI SCH",271,200,14,52,3,"Malombe"
"MWINGI NORTH","15067033519101","KAMANGARA FEEDER SCH",89,79,4,5,0,"Malombe"
"MWINGI NORTH","15067033519201","KAMAYANGI PRI SCH",282,255,8,17,0,"Malombe"
"MWINGI NORTH","15067033519301","MIRAMBA- IKAMBA PRI SCH",228,172,6,48,1,"Malombe"
"MWINGI NORTH","15067033519401","MWARANGENI NUR SCH",178,166,5,6,0,"Malombe"
"MWINGI NORTH","15067033519501","NKARAKU NUR SCH",186,150,7,27,1,"Malombe"
"MWINGI NORTH","15067033519601","GAKOMBE PRI SCH",239,125,20,89,2,"Malombe"
"MWINGI NORTH","15067033519701","GANKANGA SEC SCH",166,109,21,33,1,"Malombe"
"MWINGI NORTH","15067033519801","KAMIKAU FEEDER SCHOOL",74,53,8,13,0,"Malombe"
"MWINGI NORTH","15067033519901","KARIINI PRI SCH",194,113,22,55,1,"Malombe"
"MWINGI NORTH","15067033520001","NKORU NUR SCH",200,129,17,50,1,"Malombe"
"MWINGI NORTH","15067033520101","THARAKA PRI SCH",405,266,50,76,3,"Malombe"
"MWINGI NORTH","15067033520201","GATORONI PRI SCH",359,204,13,134,4,"Malombe"
"MWINGI NORTH","15067033520301","ITURA-MURA FEEDER SCH",212,140,4,64,0,"Malombe"
"MWINGI NORTH","15067033520401","KANTHOROKO FEEDER SCHOOL",98,72,9,16,0,"Malombe"
"MWINGI NORTH","15067033520501","GATUNDU PRI SCH",151,103,6,38,2,"Malombe"
"MWINGI NORTH","15067033520601","IRIA ITUNE PRIMARY SCHOOL.",196,100,16,77,3,"Malombe"
"MWINGI NORTH","15067033520701","KAMATUMO PRI SCH",202,119,12,67,2,"Malombe"
"MWINGI NORTH","15067033520801","KANJIA FEEDER SCH",137,94,9,31,1,"Malombe"
"MWINGI NORTH","15067033520901","KONYU PRI SCH",141,101,4,30,5,"Malombe"
"MWINGI NORTH","15067033521001","KAMWERINI F. SCHOOL",238,68,10,152,4,"Musila"
"MWINGI NORTH","15067033521101","KANTHUNGU NURSERY SCHOOL",82,18,1,61,2,"Musila"
"MWINGI NORTH","15067033521201","KYUGA PRI SCH",180,95,12,64,3,"Malombe"
"MWINGI NORTH","15067033521301","MUKURUNI FEEDER SCH",169,99,8,61,0,"Malombe"
"MWINGI NORTH","15067033521401","NTHANGANI PRI SCH",296,60,9,224,0,"Musila"
"MWINGI NORTH","15067033521501","CIATUNGU PRI SCH",242,203,8,27,3,"Malombe"
"MWINGI NORTH","15067033521601","KANYENGYA PRI SCH",299,243,9,41,4,"Malombe"
"MWINGI NORTH","15067033521701","KARUNDU NURSERY SCHOOL",185,126,12,47,0,"Malombe"
"MWINGI WEST","15068033600101","MBAU PRIMARY SCHOOL",159,26,4,128,0,"Musila"
"MWINGI WEST","15068033600201","KYOME PRIMARY SCHOOL",253,32,8,206,1,"Musila"
"MWINGI WEST","15068033600202","KYOME PRIMARY SCHOOL",258,24,4,226,0,"Musila"
"MWINGI WEST","15068033600301","NDALUNI PRIMARY SCHOOL",286,67,6,208,1,"Musila"
"MWINGI WEST","15068033600401","KATHITA PRIMARY SCHOOL",40,13,0,27,0,"Musila"
"MWINGI WEST","15068033600501","SYOMUNG'ELE PRIMARY SCHOOL",381,48,3,324,0,"Musila"
"MWINGI WEST","15068033600601","KITUMBI PRIMARY SCHOOL",328,63,2,259,1,"Musila"
"MWINGI WEST","15068033600701","KANYEKINI PRIMARY SCHOOL",180,43,3,133,1,"Musila"
"MWINGI WEST","15068033600801","MUUKUNI PRIMARY SCHOOL",219,17,1,195,0,"Musila"
"MWINGI WEST","15068033600901","THOKOA PRIMARY SCHOOL",412,40,6,362,1,"Musila"
"MWINGI WEST","15068033600902","THOKOA PRIMARY SCHOOL",403,41,5,349,0,"Musila"
"MWINGI WEST","15068033601001","TUMILA PRIMARY SCHOOL",171,27,0,142,0,"Musila"
"MWINGI WEST","15068033601101","MUSUANI PRIMARY SCHOOL",368,47,4,311,2,"Musila"
"MWINGI WEST","15068033601102","MUSUANI PRIMARY SCHOOL",348,46,4,295,0,"Musila"
"MWINGI WEST","15068033601201","WIKITOO PRIMARY SCHOOL",118,23,7,88,0,"Musila"
"MWINGI WEST","15068033601301","KITHAMBA NGII NURSARY SCHOOL",116,33,5,75,1,"Musila"
"MWINGI WEST","15068033601401","YENZUVA PRIMARY SCHOOL",330,76,8,244,0,"Musila"
"MWINGI WEST","15068033601501","MAVUI PRIMARY SCHOOL",235,43,12,179,1,"Musila"
"MWINGI WEST","15068033601601","KASAVINI PRIMARY SCHOOL",119,25,4,89,0,"Musila"
"MWINGI WEST","15068033601701","THAANA NZAU PRIMARY SCHOOL",207,107,3,96,0,"Malombe"
"MWINGI WEST","15068033601801","NZULI SECONDARY SCHOOL",47,7,2,38,0,"Musila"
"MWINGI WEST","15068033601901","KYUSYANI PRIMARY SCHOOL",316,46,1,265,0,"Musila"
"MWINGI WEST","15068033602001","KYANGUNGI PRIMARY SCHOOL",132,17,3,112,0,"Musila"
"MWINGI WEST","15068033602101","MULULINI PRIMARY SCHOOL",97,29,2,66,0,"Musila"
"MWINGI WEST","15068033602201","WINZYEEI PRIMARY SCHOOL",344,128,10,204,2,"Musila"
"MWINGI WEST","15068033602301","WALALAWA NURSARY SCHOOL",85,19,1,50,1,"Musila"
"MWINGI WEST","15068033602401","WIKIVUVWA PRIMARY SCHOOL",184,41,1,141,1,"Musila"
"MWINGI WEST","15068033602501","MASAANI PRIMARY SCHOOL",72,23,2,47,0,"Musila"
"MWINGI WEST","15068033602601","ITHENZE PRIMARY SCHOOL",108,53,3,51,1,"Malombe"
"MWINGI WEST","15068033602701","KAMUTEKEO PRIMARY SCHOOL",114,42,3,68,0,"Musila"
"MWINGI WEST","15068033602801","KIUNDUANI NURSARY SCHOOL",159,60,2,94,0,"Musila"
"MWINGI WEST","15068033602901","MBAUNZO NURSARY SCHOOL",62,15,3,44,0,"Musila"
"MWINGI WEST","15068033603001","KAVAINI PRIMARY SCHOOL",163,51,6,105,1,"Musila"
"MWINGI WEST","15068033603101","KILELA PRIMARY SCHOOL",58,4,1,52,0,"Musila"
"MWINGI WEST","15068033603201","SYIMUU PRIMARY SCHOOL",122,59,2,59,0,"Malombe"
"MWINGI WEST","15068033603301","KANYAA PRIMARY SCHOOL",209,42,6,160,0,"Musila"
"MWINGI WEST","15068033603302","KANYAA PRIMARY SCHOOL",218,34,3,174,2,"Musila"
"MWINGI WEST","15068033603401","KWA MBUTA MARKET",208,31,8,165,0,"Musila"
"MWINGI WEST","15068033603501","DAVID MUSILA (NDELEKENI) 
PRIMARY SCHOOL",73,13,2,58,0,"Musila"
"MWINGI WEST","15068033603601","UINI PRIMARY SCHOOL",177,28,1,148,0,"Musila"
"MWINGI WEST","15068033603701","THITANI PRIMARY SCHOOL",327,119,10,196,1,"Musila"
"MWINGI WEST","15068033603801","KASANGA PRIMARY SCHOOL",256,52,7,194,1,"Musila"
"MWINGI WEST","15068033603802","KASANGA PRIMARY SCHOOL",253,52,3,197,1,"Musila"
"MWINGI WEST","15068033603901","MUMBONI PRIMARY SCHOOL",166,54,3,107,0,"Musila"
"MWINGI WEST","15068033604001","KITULANI SECONDARY SCHOOL",159,41,5,113,0,"Musila"
"MWINGI WEST","15068033604101","KITULANI PRIMARY SCHOOL",281,111,6,162,0,"Musila"
"MWINGI WEST","15068033613901","KIVANI PRIMARY SCHOOL",53,24,0,28,1,"Musila"
"MWINGI WEST","15068033704201","MUTHITHINI PRIMARY SCHOOL",201,93,3,105,0,"Musila"
"MWINGI WEST","15068033704301","KEA PRIMARY SCHOOL",270,60,11,198,0,"Musila"
"MWINGI WEST","15068033704302","KEA PRIMARY SCHOOL",273,72,3,198,0,"Musila"
"MWINGI WEST","15068033704401","KASAVANI PRIMARY SCHOOL",158,37,2,119,0,"Musila"
"MWINGI WEST","15068033704501","KIVULU PRIMARY SCHOOL",140,21,1,116,0,"Musila"
"MWINGI WEST","15068033704601","KITHALANI PRIMARY SCHOOL",245,26,3,216,1,"Musila"
"MWINGI WEST","15068033704701","KIKIINI PRIMARY SCHOOL",361,75,2,283,0,"Musila"
"MWINGI WEST","15068033704801","KITHUNI PRIMARY SCHOOL",193,48,0,145,0,"Musila"
"MWINGI WEST","15068033704901","NZAUNI PRIMARY SCHOOL",308,87,5,214,0,"Musila"
"MWINGI WEST","15068033705001","KAIKUNGU PRIMARY SCHOOL",276,77,1,196,1,"Musila"
"MWINGI WEST","15068033705101","KAVILILO PRIMARY SCHOOL",244,139,2,101,1,"Malombe"
"MWINGI WEST","15068033705201","MAKENGEKANI PRIMARY SCHOOL",290,78,4,207,1,"Musila"
"MWINGI WEST","15068033705301","NGUUTANI PRIMARY SCHOOL",359,148,8,197,3,"Musila"
"MWINGI WEST","15068033705302","NGUUTANI PRIMARY SCHOOL",367,126,11,223,2,"Musila"
"MWINGI WEST","15068033705401","KAKULULO PRIMARY SCHOOL",346,57,8,279,0,"Musila"
"MWINGI WEST","15068033705402","KAKULULO PRIMARY SCHOOL",350,76,10,261,2,"Musila"
"MWINGI WEST","15068033705501","KATUYU PRIMARY SCHOOL",199,42,1,155,1,"Musila"
"MWINGI WEST","15068033705601","NZAWA PRIMARY SCHOOL",361,192,10,158,0,"Malombe"
"MWINGI WEST","15068033705602","NZAWA PRIMARY SCHOOL",330,161,5,164,0,"Musila"
"MWINGI WEST","15068033705701","MUTHIONI PRIMARY SCHOOL",312,63,4,244,1,"Musila"
"MWINGI WEST","15068033705801","THIMU PRIMARY SCHOOL",267,42,2,221,0,"Musila"
"MWINGI WEST","15068033705901","KATOTENI PRIMARY SCHOOL",286,44,3,234,1,"Musila"
"MWINGI WEST","15068033705902","KATOTENI PRIMARY SCHOOL",287,41,2,240,0,"Musila"
"MWINGI WEST","15068033706001","MAVUNI PRIMARY SCHOOL",224,45,4,175,0,"Musila"
"MWINGI WEST","15068033706101","SYONGONI PRIMARY SCHOOL",168,43,4,121,0,"Musila"
"MWINGI WEST","15068033706201","YITWA MBEMBA SHOPPING CENTRE",155,34,5,116,0,"Musila"
"MWINGI WEST","15068033706301","MUIMI PRIMARY SCHOOL",309,169,1,136,1,"Malombe"
"MWINGI WEST","15068033706302","MUIMI PRIMARY SCHOOL",317,147,7,158,2,"Musila"
"MWINGI WEST","15068033706401","MATHEANI PRIMARY SCHOOL",225,120,4,92,8,"Malombe"
"MWINGI WEST","15068033706501","NGONGONI PRIMARY SCHOOL",237,26,6,204,0,"Musila"
"MWINGI WEST","15068033706502","NGONGONI PRIMARY SCHOOL",248,34,8,206,0,"Musila"
"MWINGI WEST","15068033706601","KWA KISENGA PRIMARY SCHOOL",144,30,4,110,0,"Musila"
"MWINGI WEST","15068033706701","KIUMONI PRIMARY SCHOOL",152,15,1,136,0,"Musila"
"MWINGI WEST","15068033706801","KAVOLOI PRIMARY SCHOOL",299,40,3,254,0,"Musila"
"MWINGI WEST","15068033706901","MATHUNZINI PRIMARY SCHOOL",216,34,3,176,0,"Musila"
"MWINGI WEST","15068033706902","MATHUNZINI PRIMARY SCHOOL",211,25,4,182,0,"Musila"
"MWINGI WEST","15068033707001","MASONINI PRIMARY SCHOOL",196,23,3,168,0,"Musila"
"MWINGI WEST","15068033714101","KATHITA NZAU PRIMARY SCHOOL",149,34,2,111,0,"Musila"
"MWINGI WEST","15068033807101","ITUMBI PRIMARY SCHOOL",234,20,7,206,0,"Musila"
"MWINGI WEST","15068033807201","KALILUNI PRIMARY SCHOOL",354,42,3,305,1,"Musila"
"MWINGI WEST","15068033807301","ITHAMBWA NGAU SECONDARY SCHOOL",160,21,3,135,0,"Musila"
"MWINGI WEST","15068033807401","KYAMBOO PRIMARY SCHOOL",317,35,6,267,1,"Musila"
"MWINGI WEST","15068033807402","KYAMBOO PRIMARY SCHOOL",314,35,8,267,0,"Musila"
"MWINGI WEST","15068033807501","KALEMBWA PRIMARY SCHOOL",192,50,3,137,0,"Musila"
"MWINGI WEST","15068033807601","MIGWANI A.I.C PRIMARY SCHOOL",364,64,9,290,0,"Musila"
"MWINGI WEST","15068033807602","MIGWANI A.I.C PRIMARY SCHOOL",353,70,5,276,2,"Musila"
"MWINGI WEST","15068033807603","MIGWANI A.I.C PRIMARY SCHOOL",347,52,4,288,0,"Musila"
"MWINGI WEST","15068033807701","MIGWANI D.E.B PRIMARY SCHOOL",210,120,1,87,0,"Malombe"
"MWINGI WEST","15068033807801","ITOLONI PRIMARY SCHOOL",334,33,7,288,0,"Musila"
"MWINGI WEST","15068033807901","KAVALYANI PRIMARY SCHOOL",403,54,4,340,1,"Musila"
"MWINGI WEST","15068033808001","KAMUTISYA PRIMARY SCHOOL",283,15,3,262,0,"Musila"
"MWINGI WEST","15068033808002","KAMUTISYA PRIMARY SCHOOL",267,14,3,248,0,"Musila"
"MWINGI WEST","15068033808101","KANG'UUTHENI PRIMARY SCHOOL",198,37,4,154,0,"Musila"
"MWINGI WEST","15068033808201","NZATANI PRIMARY SCHOOL",373,26,8,336,1,"Musila"
"MWINGI WEST","15068033808301","KANYUUNI PRIMARY SCHOOL",224,22,0,199,1,"Musila"
"MWINGI WEST","15068033808401","KALUU PRIMARY SCHOOL",167,20,1,146,0,"Musila"
"MWINGI WEST","15068033808501","NGONI PRIMARY SCHOOL",90,8,5,76,0,"Musila"
"MWINGI WEST","15068033808601","ILALAMBYU PRIMARY SCHOOL",244,11,6,226,0,"Musila"
"MWINGI WEST","15068033808701","MUNG'ALU PRIMARY SCHOOL",232,14,2,211,0,"Musila"
"MWINGI WEST","15068033808801","KAMUTUNGU PRIMARY SCHOOL",166,9,3,154,0,"Musila"
"MWINGI WEST","15068033808901","NZELUNI PRIMARY SCHOOL",335,48,6,278,0,"Musila"
"MWINGI WEST","15068033809001","MUTHUNZUU PRIMARY SCHOOL",56,6,2,48,0,"Musila"
"MWINGI WEST","15068033809101","KWA KYELU PRIMARY SCHOOL",142,10,2,129,1,"Musila"
"MWINGI WEST","15068033809201","KILUNGU PRIMARY SCHOOL",205,14,3,188,0,"Musila"
"MWINGI WEST","15068033809301","KATALWA PRIMARY SCHOOL",200,16,3,181,0,"Musila"
"MWINGI WEST","15068033809401","MUTWAATHI PRIMARY SCHOOL",220,32,3,179,1,"Musila"
"MWINGI WEST","15068033809501","MUNYANGE PRIMARY SCHOOL",116,9,3,104,0,"Musila"
"MWINGI WEST","15068033809601","NZALAE PRIMARY SCHOOL",104,12,0,92,0,"Musila"
"MWINGI WEST","15068033809701","NGULUMA PRIMARY SCHOOL",31,18,2,9,1,"Malombe"
"MWINGI WEST","15068033809801","MUMBUNI PRIMARY SCHOOL",336,58,17,258,1,"Musila"
"MWINGI WEST","15068033809802","MUMBUNI PRIMARY SCHOOL",351,61,10,277,2,"Musila"
"MWINGI WEST","15068033809901","KISUNGULA PRIMARY SCHOOL",162,23,1,137,0,"Musila"
"MWINGI WEST","15068033810001","KISOVO PRIMARY SCHOOL",321,66,5,246,2,"Musila"
"MWINGI WEST","15068033810101","KILULU PRIMARY SCHOOL",179,19,2,158,0,"Musila"
"MWINGI WEST","15068033810201","MATHUMA PRIMARY SCHOOL",163,25,2,134,1,"Musila"
"MWINGI WEST","15068033810301","ITHENG'ELI PRIMARY SCHOOL",195,13,2,180,0,"Musila"
"MWINGI WEST","15068033810401","MUSOLA PRIMARY SCHOOL",106,11,2,90,0,"Musila"
"MWINGI WEST","15068033810501","KING'OINI PRIMARY SCHOOL",7,2,0,5,0,"Musila"
"MWINGI WEST","15068033810601","IKENA MWAKI NURSARY SCHOOL",112,21,3,87,1,"Musila"
"MWINGI WEST","15068033814201","MWANZENGE PRIMARY SCHOOL",81,9,1,71,0,"Musila"
"MWINGI WEST","15068033910701","KAIRUNGU PRIMARY SCHOOL",359,74,38,246,0,"Musila"
"MWINGI WEST","15068033910801","KAKONGO PRIMARY SCHOOL",241,86,5,144,0,"Musila"
"MWINGI WEST","15068033910802","KAKONGO PRIMARY SCHOOL",230,65,6,153,1,"Musila"
"MWINGI WEST","15068033910901","ITILIKU PRIMARY SCHOOL",340,111,7,217,1,"Musila"
"MWINGI WEST","15068033911001","ITONG'OLANI PRIMARY SCHOOL",232,114,6,110,1,"Malombe"
"MWINGI WEST","15068033911101","MUSONOKE PRIMARY SCHOOL",119,14,2,103,0,"Musila"
"MWINGI WEST","15068033911201","MALATANI PRIMARY SCHOOL",95,21,1,71,0,"Musila"
"MWINGI WEST","15068033911301","NGEMINI PRIMARY SCHOOL",83,14,4,64,0,"Musila"
"MWINGI WEST","15068033911401","KIANZIANI PRIMARY SCHOOL",116,32,1,83,0,"Musila"
"MWINGI WEST","15068033911501","NEGYANI PRIMARY SCHOOL",89,8,0,81,0,"Musila"
"MWINGI WEST","15068033911601","MBONDONI PRIMARY SCHOOL",265,71,5,188,1,"Musila"
"MWINGI WEST","15068033911602","MBONDONI PRIMARY SCHOOL",256,69,7,174,2,"Musila"
"MWINGI WEST","15068033911603","MBONDONI PRIMARY SCHOOL",276,64,5,198,1,"Musila"
"MWINGI WEST","15068033911701","UVAITA PRIMARY SCHOOL",219,92,7,117,2,"Musila"
"MWINGI WEST","15068033911801","KIOMO PRIMARY SCHOOL",345,74,9,259,0,"Musila"
"MWINGI WEST","15068033911802","KIOMO PRIMARY SCHOOL",347,61,13,268,2,"Musila"
"MWINGI WEST","15068033911901","MULILUNI PRIMARY SCHOOL",208,46,3,154,3,"Musila"
"MWINGI WEST","15068033912001","MUKUTHU PRIMARY SCHOOL",186,90,3,91,1,"Musila"
"MWINGI WEST","15068033912101","KWA MUNYANZU PRIMARY SCHOOL",204,34,4,165,0,"Musila"
"MWINGI WEST","15068033912201","NZILANI PRIMARY SCHOOL",122,52,3,66,0,"Musila"
"MWINGI WEST","15068033912301","KYETHANI PRIMARY SCHOOL",255,113,3,129,0,"Musila"
"MWINGI WEST","15068033912302","KYETHANI PRIMARY SCHOOL",254,92,6,154,1,"Musila"
"MWINGI WEST","15068033912401","ITENDEU PRIMARY SCHOOL",272,58,3,209,1,"Musila"
"MWINGI WEST","15068033912501","KOLIANI PRIMARY SCHOOL",121,29,3,88,0,"Musila"
"MWINGI WEST","15068033912601","WIKITHUKI PRIMARY SCHOOL",303,49,4,246,2,"Musila"
"MWINGI WEST","15068033912701","NZAAIKU PRIMARY SCHOOL",187,54,0,131,0,"Musila"
"MWINGI WEST","15068033912801","WIMBONDO PRIMARY SCHOOL",206,49,3,151,1,"Musila"
"MWINGI WEST","15068033912901","KAMANDIKO PRIMARY SCHOOL",84,34,3,47,0,"Musila"
"MWINGI WEST","15068033913001","KARURA PRIMARY SCHOOL",194,100,4,89,1,"Malombe"
"MWINGI WEST","15068033913101","MULATA UTUNDA PRIMARY SCHOOL",200,69,3,126,0,"Musila"
"MWINGI WEST","15068033913201","MAKUTANO PRIMARY SCHOOL",115,78,2,34,0,"Malombe"
"MWINGI WEST","15068033913301","KAVUVWANI PRIMARY SCHOOL",289,40,6,238,3,"Musila"
"MWINGI WEST","15068033913401","TYAA PRIMARY SCHOOL",118,16,14,88,0,"Musila"
"MWINGI WEST","15068033913501","MISAI PRIMARY SCHOOL",124,5,1,118,0,"Musila"
"MWINGI WEST","15068033913601","KAVUONI PRIMARY SCHOOL",302,49,3,250,0,"Musila"
"MWINGI WEST","15068033913701","TULIMANI PRIMARY SCHOOL",114,29,5,75,0,"Musila"
"MWINGI WEST","15068033913801","KATANGA PRIMARY SCHOOL",87,22,1,60,1,"Musila"
"MWINGI WEST","15068033914301","MAVOLONI PRIMARY SCHOOL",74,6,2,66,0,"Musila"
"MWINGI WEST","15068033914401","KWA MUSYA PRIMARY SCHOOL",48,25,0,23,0,"Malombe"
"MWINGI CENTRAL","15069034000101","KAELA SECONDARY SCHOOL",337,109,1,226,0,"Musila"
"MWINGI CENTRAL","15069034000201","KALISASI PRIMARY SCHOOL",266,124,3,134,0,"Musila"
"MWINGI CENTRAL","15069034000202","KALISASI PRIMARY SCHOOL",296,145,4,128,0,"Malombe"
"MWINGI CENTRAL","15069034000301","KAMUNYU PRI. SCH.",426,234,6,134,2,"Malombe"
"MWINGI CENTRAL","15069034000401","KASINA PRIMARY  SCHOOL",298,117,12,166,2,"Musila"
"MWINGI CENTRAL","15069034000402","KASINA PRIMARY  SCHOOL",256,100,11,138,0,"Musila"
"MWINGI CENTRAL","15069034000403","KASINA PRIMARY  SCHOOL",259,82,9,165,1,"Musila"
"MWINGI CENTRAL","15069034000501","KATUMBA PRIMARY  SCHOOL",98,27,0,70,0,"Musila"
"MWINGI CENTRAL","15069034000601","KAUSWINI PRIMARY SCHOOL",222,54,1,166,1,"Musila"
"MWINGI CENTRAL","15069034000701","KITINGA PRIMARY SCHOOL",249,112,3,100,0,"Malombe"
"MWINGI CENTRAL","15069034000801","MBORU PRIMARY  SCHOOL",237,97,7,127,1,"Musila"
"MWINGI CENTRAL","15069034000802","MBORU PRIMARY  SCHOOL",226,98,1,125,1,"Musila"
"MWINGI CENTRAL","15069034000901","MULANG'A PRI. SCHOOL",200,68,1,127,0,"Musila"
"MWINGI CENTRAL","15069034001001","MUSILA GARDENS",321,153,9,156,1,"Musila"
"MWINGI CENTRAL","15069034001002","MUSILA GARDENS",314,146,9,156,1,"Musila"
"MWINGI CENTRAL","15069034001003","MUSILA GARDENS",325,135,11,177,0,"Musila"
"MWINGI CENTRAL","15069034001004","MUSILA GARDENS",312,140,14,153,5,"Musila"
"MWINGI CENTRAL","15069034001005","MUSILA GARDENS",284,120,6,157,0,"Musila"
"MWINGI CENTRAL","15069034001006","MUSILA GARDENS",331,141,6,177,3,"Musila"
"MWINGI CENTRAL","15069034001007","MUSILA GARDENS",333,148,5,174,3,"Musila"
"MWINGI CENTRAL","15069034001008","MUSILA GARDENS",328,153,7,165,1,"Musila"
"MWINGI CENTRAL","15069034001009","MUSILA GARDENS",312,149,15,144,2,"Malombe"
"MWINGI CENTRAL","15069034001101","MUSUKINI PRIMARY SCHOOL",227,93,2,131,1,"Musila"
"MWINGI CENTRAL","15069034001102","MUSUKINI PRIMARY SCHOOL",226,90,0,133,1,"Musila"
"MWINGI CENTRAL","15069034001201","MWINGI YOUTH POLYTECHNIC.",342,152,4,179,4,"Musila"
"MWINGI CENTRAL","15069034001301","SYONGII SECONDARY SCHOOL",255,102,5,144,1,"Musila"
"MWINGI CENTRAL","15069034001401","YANYONGE NURSERY SCHOOL",82,27,2,53,0,"Musila"
"MWINGI CENTRAL","15069034017001","MWINGI SLAUGHTER HOUSE",220,99,8,107,1,"Musila"
"MWINGI CENTRAL","15069034017101","ISEE PRIMARY SCHOOL",100,39,3,55,1,"Musila"
"MWINGI CENTRAL","15069034017201","MALEMBWANI ECDE CENTER",72,39,0,24,0,"Malombe"
"MWINGI CENTRAL","15069034017301","MWANYANI PRIMARY SCHOOL",132,34,1,96,1,"Musila"
"MWINGI CENTRAL","15069034017401","KISEVENI PRIMARY SCHOOL",98,61,2,34,1,"Malombe"
"MWINGI CENTRAL","15069034101501","ISEKELE PRE-SCHOOL",176,98,11,61,1,"Malombe"
"MWINGI CENTRAL","15069034101601","ITHUMBI PRIMARY SCHOOL",335,273,3,56,0,"Malombe"
"MWINGI CENTRAL","15069034101701","KALANGE PRIMARY SCHOOL.",165,120,1,43,0,"Malombe"
"MWINGI CENTRAL","15069034101801","KANYUNGA DISPENSARY",182,90,3,88,0,"Malombe"
"MWINGI CENTRAL","15069034101901","KANZANZU PRIMARY SCHOOL",186,113,4,68,1,"Malombe"
"MWINGI CENTRAL","15069034102001","KANZUI PRIMARY SCHOOL",345,241,7,94,1,"Malombe"
"MWINGI CENTRAL","15069034102101","KARUNG'A PRIMARY SCHOOL",281,143,8,127,1,"Malombe"
"MWINGI CENTRAL","15069034102201","KASARANI MARKET",290,223,5,61,0,"Malombe"
"MWINGI CENTRAL","15069034102301","KASEVI PRIMARY SCHOOL",303,211,4,0,84,"Malombe"
"MWINGI CENTRAL","15069034102401","KASOVONI PRIMARY SCHOOL",174,135,3,35,1,"Malombe"
"MWINGI CENTRAL","15069034102501","KATUVA PRIMARY SCHOOL",139,83,3,53,0,"Malombe"
"MWINGI CENTRAL","15069034102601","KISAMA PRIMARY SCHOOL",216,154,6,54,0,"Malombe"
"MWINGI CENTRAL","15069034102701","KIVOU PRIMARY SCHOOL",151,59,3,88,1,"Musila"
"MWINGI CENTRAL","15069034102801","KIVOU SECONDARY(NDALANI NURSERY)",209,106,7,91,0,"Malombe"
"MWINGI CENTRAL","15069034102901","KWA NZILI PRIMARY SCHOOL",198,90,15,81,2,"Malombe"
"MWINGI CENTRAL","15069034103001","KYANIKA PRIMARY SCHOOL",312,177,4,128,2,"Malombe"
"MWINGI CENTRAL","15069034103101","KYANUNDU ISCKONI PRIMARY",213,133,10,67,1,"Malombe"
"MWINGI CENTRAL","15069034103201","MWINGI DICECE",102,46,3,52,0,"Musila"
"MWINGI CENTRAL","15069034103301","MWINGI PRIMARY SCHOOL",298,168,12,114,2,"Malombe"
"MWINGI CENTRAL","15069034103302","MWINGI PRIMARY SCHOOL",303,153,10,137,0,"Malombe"
"MWINGI CENTRAL","15069034103401","MWINGI SECONDARY SCHOOL",184,104,4,72,1,"Malombe"
"MWINGI CENTRAL","15069034103402","MWINGI SECONDARY SCHOOL",206,107,4,88,0,"Malombe"
"MWINGI CENTRAL","15069034103501","MWINGI WHOLE SALE MARKET",284,129,13,137,2,"Musila"
"MWINGI CENTRAL","15069034103601","NDIUNI PRIMARY SCHOOL",106,64,7,28,0,"Malombe"
"MWINGI CENTRAL","15069034103701","NZULI PRIMARY SCHOOL",124,53,1,52,0,"Malombe"
"MWINGI CENTRAL","15069034103801","SYOMIKUKU PRIMARY SCHOOL",407,253,11,137,3,"Malombe"
"MWINGI CENTRAL","15069034103901","THITHA PRIMARY SCHOOL",247,183,3,60,1,"Malombe"
"MWINGI CENTRAL","15069034103902","THITHA PRIMARY SCHOOL",243,177,3,57,0,"Malombe"
"MWINGI CENTRAL","15069034104001","WAASYA PRIMARY SCHOOL",350,283,7,57,0,"Malombe"
"MWINGI CENTRAL","15069034104101","YAMBYU SECONDARY SCHOOL",191,152,2,36,1,"Malombe"
"MWINGI CENTRAL","15069034117501","KAVINGASI PRIMARY SCHOOL",112,102,0,8,2,"Malombe"
"MWINGI CENTRAL","15069034117601","KANZOKA PRIMARY SCHOOL",118,105,1,10,1,"Malombe"
"MWINGI CENTRAL","15069034117701","KWA KAKA SHOPPING CENTRE",59,31,0,20,0,"Malombe"
"MWINGI CENTRAL","15069034117801","KALILII ECDE CENTER",93,68,0,23,2,"Malombe"
"MWINGI CENTRAL","15069034117901","KATHANAWANI PRIMARY SCHOOL",77,20,11,45,0,"Musila"
"MWINGI CENTRAL","15069034204201","IVUUSYA PRIMARY SCHOOL",383,141,4,227,3,"Musila"
"MWINGI CENTRAL","15069034204301","KALANGA PRIMARY SCHOOL",314,52,2,256,2,"Musila"
"MWINGI CENTRAL","15069034204401","KALULU PRIMARY SCHOOL",133,103,3,24,2,"Malombe"
"MWINGI CENTRAL","15069034204501","KAMULALANI PRIMARY SCHOOL",116,36,3,66,0,"Musila"
"MWINGI CENTRAL","15069034204601","KAVISU PRIMARY SCHOOL",182,168,3,60,1,"Malombe"
"MWINGI CENTRAL","15069034204701","KIISU PRIMARY SCHOOL",137,91,6,39,0,"Malombe"
"MWINGI CENTRAL","15069034204801","KIWANZA PRIMARY SCHOOL",182,48,1,129,1,"Musila"
"MWINGI CENTRAL","15069034204901","KWA NGANGA PRIMARY SCHOOL",142,102,2,36,1,"Malombe"
"MWINGI CENTRAL","15069034205001","KYALAMOKO  PRIMARY SCHOOL",121,46,2,73,0,"Musila"
"MWINGI CENTRAL","15069034205101","KYANGU PRIMARY SCHOOL",253,144,8,99,0,"Malombe"
"MWINGI CENTRAL","15069034205201","LEVUNI PRIMARY SCHOOL",87,35,2,33,0,"Malombe"
"MWINGI CENTRAL","15069034205301","MAAI PRIMARY SCHOOL",296,215,0,53,1,"Malombe"
"MWINGI CENTRAL","15069034205401","MANDOVE PRIMARY SCHOOL",98,15,1,81,0,"Musila"
"MWINGI CENTRAL","15069034205501","MASAVI PRIMARY SCHOOL",266,228,3,30,3,"Malombe"
"MWINGI CENTRAL","15069034205502","MASAVI PRIMARY SCHOOL",257,230,1,23,2,"Malombe"
"MWINGI CENTRAL","15069034205601","MBOTI PRIMARY SCHOOL",146,24,1,115,2,"Musila"
"MWINGI CENTRAL","15069034205701","MULINDE PRIMARY SCHOOL",286,86,4,193,1,"Musila"
"MWINGI CENTRAL","15069034205801","MUSOVO PRIMARY SCHOOL",327,100,4,210,3,"Musila"
"MWINGI CENTRAL","15069034205901","MUTHUKA PRIMARY SCHOOL",405,159,8,235,1,"Musila"
"MWINGI CENTRAL","15069034206101","MWANIA PRIMARY SCHOOL",199,96,7,89,0,"Malombe"
"MWINGI CENTRAL","15069034206201","MWANZELE TRADING CENTER",23,7,0,16,0,"Musila"
"MWINGI CENTRAL","15069034206301","MWASUMA PRIMARY SCHOOL",197,144,6,39,5,"Malombe"
"MWINGI CENTRAL","15069034206401","MYUUNI PRIMARY SCHOOL",311,147,1,150,1,"Musila"
"MWINGI CENTRAL","15069034206501","NDIAMUMO PRIMARY SCHOOL",206,182,1,21,2,"Malombe"
"MWINGI CENTRAL","15069034206601","NGOONI PRIMARY SCHOOL",113,49,1,51,0,"Musila"
"MWINGI CENTRAL","15069034206701","NGUNI HEALTH CENTER",305,176,11,79,1,"Malombe"
"MWINGI CENTRAL","15069034206801","NGUNI PRIMARY SCHOOL",204,118,8,61,0,"Malombe"
"MWINGI CENTRAL","15069034206802","NGUNI PRIMARY SCHOOL",186,112,6,63,1,"Malombe"
"MWINGI CENTRAL","15069034206901","NZENGENI PRIMARY SCHOOL",184,80,2,100,2,"Musila"
"MWINGI CENTRAL","15069034207001","NZIKANI PRIMARY SCHOOL",79,14,0,64,1,"Musila"
"MWINGI CENTRAL","15069034207101","NZOUNI PRIMARY SCHOOL",254,72,4,154,0,"Musila"
"MWINGI CENTRAL","15069034207102","NZOUNI PRIMARY SCHOOL",258,70,0,168,1,"Musila"
"MWINGI CENTRAL","15069034207201","SOSOMA PRIMARY SCHOOL",110,59,1,46,1,"Malombe"
"MWINGI CENTRAL","15069034207301","SYUMIKU  PRIMARY SCHOOL",164,64,2,93,3,"Musila"
"MWINGI CENTRAL","15069034207401","SYUNOO PRIMARY SCHOOL",112,74,1,29,1,"Malombe"
"MWINGI CENTRAL","15069034207501","UKASI PRIMARY SCHOOL",283,71,2,199,4,"Musila"
"MWINGI CENTRAL","15069034207502","UKASI PRIMARY SCHOOL",329,82,5,236,1,"Musila"
"MWINGI CENTRAL","15069034218001","KATUNE PRIMARY SCHOOL",55,25,0,23,0,"Malombe"
"MWINGI CENTRAL","15069034218101","KWA NZILI DEB PRIMARY SCHOOL",43,23,1,18,0,"Malombe"
"MWINGI CENTRAL","15069034218201","ITUNGALI PRIMARY SCHOOL",43,21,4,12,2,"Malombe"
"MWINGI CENTRAL","15069034218301","KAMUMBU PRIMARY SCHOOL",109,80,2,25,1,"Malombe"
"MWINGI CENTRAL","15069034218401","KATHUNGU SHOPPING CENTRE",23,7,0,14,0,"Musila"
"MWINGI CENTRAL","15069034307601","IMWAA PRIMARY SCHOOL.",106,61,1,44,0,"Malombe"
"MWINGI CENTRAL","15069034307701","IMWAMBA PRIMARY  SCHOOL.",157,58,4,94,1,"Musila"
"MWINGI CENTRAL","15069034307801","IVIANI PRIMARY  SCHOOL.",226,95,3,126,0,"Musila"
"MWINGI CENTRAL","15069034307901","KAAI PRIMARY SCHOOL.",264,115,3,144,0,"Musila"
"MWINGI CENTRAL","15069034307902","KAAI PRIMARY SCHOOL.",268,103,7,135,0,"Musila"
"MWINGI CENTRAL","15069034308001","KALALANI PRIMARY SCHOOL.",38,10,2,25,1,"Musila"
"MWINGI CENTRAL","15069034308101","KALESI PRIMARY  SCHOOL.",239,114,1,100,0,"Malombe"
"MWINGI CENTRAL","15069034308201","KAOMBE PRIMARY  SCHOOL.",192,79,2,94,0,"Musila"
"MWINGI CENTRAL","15069034308301","KATHANZE PRIMARY  SCHOOL.",420,243,11,162,4,"Malombe"
"MWINGI CENTRAL","15069034308401","KAVINDU PRIMARY  SCHOOL.",246,137,1,108,0,"Malombe"
"MWINGI CENTRAL","15069034308501","KAVUTI PRIMARY  SCHOOL.",174,125,4,44,0,"Malombe"
"MWINGI CENTRAL","15069034308601","KAWELU PRIMARY SCHOOL",244,59,5,179,1,"Musila"
"MWINGI CENTRAL","15069034308701","KILIKU PRIMARY SCHOOL.",96,37,2,55,1,"Musila"
"MWINGI CENTRAL","15069034308801","KITHITUNI PRIMARY  SCHOOL.",164,47,4,113,0,"Musila"
"MWINGI CENTRAL","15069034308901","KIVUNDUI PRIMARY  SCHOOL",146,54,1,89,2,"Musila"
"MWINGI CENTRAL","15069034309001","KYANDII PRIMARY  SCHOOL.",63,15,0,47,0,"Musila"
"MWINGI CENTRAL","15069034309101","KYATUNE PRIMARY  SCHOOL.",77,18,0,59,0,"Musila"
"MWINGI CENTRAL","15069034309201","KYUMBE PRIMARY SCHOOL",319,203,14,98,2,"Malombe"
"MWINGI CENTRAL","15069034309301","MATULANI PRIMARY  SCHOOL.",119,39,5,75,0,"Musila"
"MWINGI CENTRAL","15069034309401","MBIA PRIMARY  SCHOOL",111,35,1,75,0,"Musila"
"MWINGI CENTRAL","15069034309501","MITAAVO PRIMARY SCHOOL.",91,42,2,45,1,"Musila"
"MWINGI CENTRAL","15069034309601","MUANGENI PRIMARY  SCHOOL.",410,112,5,288,1,"Musila"
"MWINGI CENTRAL","15069034309701","MUTULU PRIMARY  SCHOOL.",149,84,3,62,0,"Malombe"
"MWINGI CENTRAL","15069034309801","MUTUNGA PRIMARY  SCHOOL.",66,19,1,43,0,"Musila"
"MWINGI CENTRAL","15069034309901","MUTYANGOME PRIMARY  SCHOOL.",459,138,8,307,1,"Musila"
"MWINGI CENTRAL","15069034310001","MWALILI PRIMARY SCHOOL.",90,62,0,28,0,"Malombe"
"MWINGI CENTRAL","15069034310101","MWAMBIU PRIIMARY  SCHOOL",291,137,3,150,0,"Musila"
"MWINGI CENTRAL","15069034310201","NDANDINI PRIMARY SCHOOL",103,61,3,37,2,"Malombe"
"MWINGI CENTRAL","15069034310301","NDOLONGWE PRIMARY.",92,66,1,24,0,"Malombe"
"MWINGI CENTRAL","15069034310401","NGANGANI PRIMARY  SCHOOL.",239,128,4,103,1,"Malombe"
"MWINGI CENTRAL","15069034310501","NGIENI PRIMARY  SCHOOL",182,99,1,82,0,"Malombe"
"MWINGI CENTRAL","15069034310601","NGUUENI PRIMARY  SCHOOL",38,8,0,30,0,"Musila"
"MWINGI CENTRAL","15069034310701","NGUUNI PRIMARY SCHOOL.",184,67,2,114,0,"Musila"
"MWINGI CENTRAL","15069034310801","NUU PRIMARY SCHOOL.",420,227,6,177,2,"Malombe"
"MWINGI CENTRAL","15069034310802","NUU PRIMARY SCHOOL.",280,160,5,112,0,"Malombe"
"MWINGI CENTRAL","15069034310901","NYAANI PRIMARY  SCHOOL",353,198,7,141,0,"Malombe"
"MWINGI CENTRAL","15069034311001","NZANZU PRIMARY  SCHOOL.",127,61,1,51,0,"Malombe"
"MWINGI CENTRAL","15069034311101","SYOMAKETHE PRIMARY SCHOOL.",96,20,2,74,0,"Musila"
"MWINGI CENTRAL","15069034311201","TUVAANI PRIMARY SCHOOL.",188,115,4,60,1,"Malombe"
"MWINGI CENTRAL","15069034311301","WANGWIU PRIMARY SCHOOL",52,18,2,31,0,"Musila"
"MWINGI CENTRAL","15069034311401","WINGEMI PRIMARY  SCHOOL.",191,59,5,120,0,"Musila"
"MWINGI CENTRAL","15069034311501","YATW'A PRIMARY  SCHOOL.",360,102,5,244,5,"Musila"
"MWINGI CENTRAL","15069034318501","KAMULUYUNI PRIMARY SCHOOL",31,22,3,5,1,"Malombe"
"MWINGI CENTRAL","15069034318601","NGUKA IMWE PRIMARY SCHOOL",74,28,2,42,0,"Musila"
"MWINGI CENTRAL","15069034318701","KWA MUTILI PRIMARY SCHOOL",30,13,0,17,0,"Musila"
"MWINGI CENTRAL","15069034318801","KAWALA ECDE CENTER",65,21,1,40,3,"Musila"
"MWINGI CENTRAL","15069034411601","KALIKONI PRIMARY  SCHOOL.",165,46,5,112,0,"Musila"
"MWINGI CENTRAL","15069034411701","KALITINI PRIMARY  SCHOOL.",220,97,8,113,1,"Musila"
"MWINGI CENTRAL","15069034411702","KALITINI PRIMARY  SCHOOL.",197,59,1,112,0,"Musila"
"MWINGI CENTRAL","15069034411801","KAMULEWA PRIMARY  SCHOOL.",321,99,3,216,1,"Musila"
"MWINGI CENTRAL","15069034411901","KANGILWA PRIMARY  SCHOOL.",111,29,2,79,1,"Musila"
"MWINGI CENTRAL","15069034412001","KARIOKOR PRIMARY  SCHOOL.",199,86,4,109,0,"Musila"
"MWINGI CENTRAL","15069034412101","KATEIKO PRIMARY  SCHOOL.",224,77,10,109,0,"Musila"
"MWINGI CENTRAL","15069034412102","KATEIKO PRIMARY  SCHOOL.",232,88,17,122,3,"Musila"
"MWINGI CENTRAL","15069034412201","KATHUMO PRIMARY  SCHOOL.",227,82,11,132,0,"Musila"
"MWINGI CENTRAL","15069034412301","KAVALIKI PRIMARY SCHOOL.",185,40,7,135,2,"Musila"
"MWINGI CENTRAL","15069034412401","KAVOKO PRIMARY  SCHOOL.",108,30,0,78,0,"Musila"
"MWINGI CENTRAL","15069034412501","KIMONGO PRIMARY  SCHOOL.",252,100,8,143,1,"Musila"
"MWINGI CENTRAL","15069034412601","KIRUINI NURSERY SCHOOL.",78,55,4,18,0,"Malombe"
"MWINGI CENTRAL","15069034412701","KIVULA PRIMARY  SCHOOL.",140,56,6,74,3,"Musila"
"MWINGI CENTRAL","15069034412801","KIVYUNI PRIMARY  SCHOOL.",99,45,1,49,2,"Musila"
"MWINGI CENTRAL","15069034412901","KYAMWENZE SECONDARY SCHOOL",105,46,2,56,1,"Musila"
"MWINGI CENTRAL","15069034413001","KYUME PRIMARY  SCHOOL.",334,199,3,127,2,"Malombe"
"MWINGI CENTRAL","15069034413101","LUNDI PRIMARY  SCHOOL.",368,226,8,129,2,"Malombe"
"MWINGI CENTRAL","15069034413102","LUNDI PRIMARY  SCHOOL.",351,204,9,131,2,"Malombe"
"MWINGI CENTRAL","15069034413201","MAKUKA NURSERY SCHOOL",67,20,9,38,0,"Musila"
"MWINGI CENTRAL","15069034413301","MATHUKI PRIMARY  SCHOOL.",263,158,22,82,0,"Malombe"
"MWINGI CENTRAL","15069034413302","MATHUKI PRIMARY  SCHOOL.",251,149,21,78,0,"Malombe"
"MWINGI CENTRAL","15069034413401","MUI PRIMARY  SCHOOL.",249,149,2,98,0,"Malombe"
"MWINGI CENTRAL","15069034413402","MUI PRIMARY  SCHOOL.",252,154,4,94,0,"Malombe"
"MWINGI CENTRAL","15069034413501","MUNYUNI PRIMARY  SCHOOL.",246,143,2,100,0,"Malombe"
"MWINGI CENTRAL","15069034413502","MUNYUNI PRIMARY  SCHOOL.",259,139,0,117,1,"Malombe"
"MWINGI CENTRAL","15069034413601","MUSOKANI PRIMARY SCHOOL",67,22,4,40,1,"Musila"
"MWINGI CENTRAL","15069034413701","MWAMBUNI PRIMARY  SCHOOL.",130,32,1,96,1,"Musila"
"MWINGI CENTRAL","15069034413801","NDUVANI PRIMARY  SCHOOL.",251,46,4,196,2,"Musila"
"MWINGI CENTRAL","15069034413901","NGAA PRIMARY   SCHOOL.",153,77,5,71,0,"Malombe"
"MWINGI CENTRAL","15069034414001","NGILUNI PRIMARY  SCHOOL.",162,36,3,123,0,"Musila"
"MWINGI CENTRAL","15069034414101","NZAMANI PRIMARY  SCHOOL",105,48,3,42,0,"Malombe"
"MWINGI CENTRAL","15069034414201","NZIA PRIMARY  SCHOOL.",129,52,3,74,0,"Musila"
"MWINGI CENTRAL","15069034414301","YUMBU PRIMARY  SCHOOL.",351,114,7,225,2,"Musila"
"MWINGI CENTRAL","15069034418901","ULAA PRIMARY SCHOOL",72,37,0,27,0,"Malombe"
"MWINGI CENTRAL","15069034419001","KWA MWENGA PRIMARY SCHOOL",74,8,1,64,0,"Musila"
"MWINGI CENTRAL","15069034419101","MBALYU PRIMARY SCHOOL",102,25,1,74,0,"Musila"
"MWINGI CENTRAL","15069034514401","YUMBE PRIMARY SCHOOL",157,132,2,23,0,"Malombe"
"MWINGI CENTRAL","15069034514501","ENZIU PRIMARY SCHOOL",162,50,5,74,0,"Musila"
"MWINGI CENTRAL","15069034514601","ENZIU SECONDARY SCHOOL",215,91,5,110,3,"Musila"
"MWINGI CENTRAL","15069034514701","IKUUSYA PRIMARY SCHOOL",365,166,5,191,1,"Musila"
"MWINGI CENTRAL","15069034514801","KANGUTHA PRIMARY SCHOOL",151,65,11,68,3,"Musila"
"MWINGI CENTRAL","15069034514901","KATHOKA PRIMARY SCHOOL",147,80,2,60,3,"Malombe"
"MWINGI CENTRAL","15069034515001","KATULUNI PRIMARY SCHOOL",221,151,2,65,2,"Malombe"
"MWINGI CENTRAL","15069034515101","KAUNGUNI PRIMARY SCHOOL",262,74,5,179,4,"Musila"
"MWINGI CENTRAL","15069034515201","KISOLE PRIMARY SCHOOL",251,216,2,30,2,"Malombe"
"MWINGI CENTRAL","15069034515301","KIVUI PRIMARY SCHOOL",277,112,3,147,11,"Musila"
"MWINGI CENTRAL","15069034515401","KYAMBAA PRIMARY SCHOOL",101,62,3,36,0,"Malombe"
"MWINGI CENTRAL","15069034515501","KYANDOA PRIMARY SCHOOL",119,88,0,29,2,"Malombe"
"MWINGI CENTRAL","15069034515601","KYULUNGW'A PRIMARY SCHOOL",257,161,3,82,0,"Malombe"
"MWINGI CENTRAL","15069034515602","KYULUNGW'A PRIMARY SCHOOL",242,160,1,76,2,"Malombe"
"MWINGI CENTRAL","15069034515701","MALIONI PRIMARY SCHOOL",300,189,10,100,1,"Malombe"
"MWINGI CENTRAL","15069034515801","MAONGOA PRIMARY SCHOOL",186,138,0,46,1,"Malombe"
"MWINGI CENTRAL","15069034515901","MUNGUU PRIMARY SCHOOL",301,242,2,55,0,"Malombe"
"MWINGI CENTRAL","15069034516001","MUONO PRIMARY SCHOOL",333,62,2,66,3,"Musila"
"MWINGI CENTRAL","15069034516101","MURUANA PRIMARY SCHOOL",140,68,2,70,0,"Musila"
"MWINGI CENTRAL","15069034516201","MWAMBUI PRIMARY SCHOOL",261,230,5,25,0,"Malombe"
"MWINGI CENTRAL","15069034516301","NDAUNI PRIMARY SCHOOL",210,107,3,92,3,"Malombe"
"MWINGI CENTRAL","15069034516302","NDAUNI PRIMARY SCHOOL",205,119,7,77,0,"Malombe"
"MWINGI CENTRAL","15069034516401","NDIANI PRIMARY SCHOOL",79,52,1,24,2,"Malombe"
"MWINGI CENTRAL","15069034516501","NDITHI PRIMARY SCHOOL",262,203,3,54,2,"Malombe"
"MWINGI CENTRAL","15069034516601","NYANYAA PRIMARY SCHOOL",310,259,4,44,1,"Malombe"
"MWINGI CENTRAL","15069034516701","THONOA PRIMARY SCHOOL",110,92,0,17,0,"Malombe"
"MWINGI CENTRAL","15069034516801","UVATI PRIMARY SCHOOL",131,64,4,54,1,"Malombe"
"MWINGI CENTRAL","15069034516901","WAITA PRIMARY SCHOOL",314,244,5,61,1,"Malombe"
"MWINGI CENTRAL","15069034516902","WAITA PRIMARY SCHOOL",328,251,2,73,1,"Malombe"
"MWINGI CENTRAL","15069034519201","NENGYANI PRIMARY SCHOOL",78,50,2,24,0,"Malombe"
"MWINGI CENTRAL","15069034519301","MASOKANI ECDE CENTRE",63,27,0,31,0,"Musila"
"MWINGI CENTRAL","15069034519401","NDANGANI PRIMARY SCHOOL",65,27,1,35,0,"Musila"
"MWINGI CENTRAL","15069034519501","MUTWANGOMBE SECONDARY SCHOOL",72,36,1,34,0,"Malombe"
"KITUI WEST","15070034600101","KIATINE PRI SCHOOL",381,156,14,206,3,"Musila"
"KITUI WEST","15070034600201","UTOO PRI SCHOOL",461,219,5,233,1,"Musila"
"KITUI WEST","15070034600301","KITAMWIKI PRI SCHOOL",247,132,2,108,2,"Malombe"
"KITUI WEST","15070034600401","MUTONGUNI PRI SCHOOL",218,121,8,85,0,"Malombe"
"KITUI WEST","15070034600402","MUTONGUNI PRI SCHOOL",214,106,6,95,2,"Malombe"
"KITUI WEST","15070034600501","MWANGYA PRI SCHOOL",250,119,7,122,2,"Musila"
"KITUI WEST","15070034600601","NZINIA PRI SCHOOL",175,99,6,68,1,"Malombe"
"KITUI WEST","15070034600701","KYAMUTIMBA PRI SCHOOL",224,115,12,95,2,"Malombe"
"KITUI WEST","15070034600801","KAVONGE PRI SCHOOL",266,118,7,135,1,"Musila"
"KITUI WEST","15070034600901","KITUNDUMO PRI SCHOOL",265,149,10,99,1,"Malombe"
"KITUI WEST","15070034601001","IIANI PRI SCHOOL",256,78,4,174,0,"Musila"
"KITUI WEST","15070034601002","IIANI PRI SCHOOL",279,78,2,198,0,"Musila"
"KITUI WEST","15070034601101","KANGII PRI SCHOOL",227,107,6,113,0,"Musila"
"KITUI WEST","15070034601201","KIVULU PRI SCHOOL",147,77,3,64,1,"Malombe"
"KITUI WEST","15070034601301","KUTHA PRI SCHOOL",300,119,6,170,3,"Musila"
"KITUI WEST","15070034601401","MUSENGO PRI SCHOOL",312,165,5,138,2,"Malombe"
"KITUI WEST","15070034601501","KANGONDI PRI SCHOOL",311,141,10,154,2,"Musila"
"KITUI WEST","15070034601601","KIUKUNI PRI SCHOOL",186,68,7,109,1,"Musila"
"KITUI WEST","15070034601701","KAKUMUTI PRI SCHOOL",263,189,9,61,2,"Malombe"
"KITUI WEST","15070034601702","KAKUMUTI PRI SCHOOL",237,170,8,56,2,"Malombe"
"KITUI WEST","15070034601801","MUTHALE PRI SCHOOL",293,159,9,120,2,"Malombe"
"KITUI WEST","15070034601901","YALATANI PRI SCHOOL",186,104,3,75,1,"Malombe"
"KITUI WEST","15070034602001","MUTHALE GIRLS SEC SCHOOL",189,89,4,93,1,"Musila"
"KITUI WEST","15070034602101","MISYINI PRI SCHOOL",192,114,6,71,0,"Malombe"
"KITUI WEST","15070034602201","MUTONGUNI POLYTECHNIC",187,81,5,100,0,"Musila"
"KITUI WEST","15070034602301","KIAMANI PRI SCHOOL",300,122,10,166,1,"Musila"
"KITUI WEST","15070034602401","UKUNI PRI SCHOOL",225,113,6,104,0,"Malombe"
"KITUI WEST","15070034602501","KAKEANI PRI SCHOOL",227,115,4,104,2,"Malombe"
"KITUI WEST","15070034602601","NYUANI PRI SCHOOL",221,123,6,92,0,"Malombe"
"KITUI WEST","15070034602701","MBUINI PRI SCHOOL",260,124,10,126,0,"Musila"
"KITUI WEST","15070034602801","NGONG'U PRI SCHOOL",234,133,4,88,3,"Malombe"
"KITUI WEST","15070034602901","NGUUNI PRI SCHOOL",149,73,5,64,3,"Malombe"
"KITUI WEST","15070034603001","NGESU PRI SCHOOL",210,127,3,79,1,"Malombe"
"KITUI WEST","15070034603101","UVAANI PRI SCHOOL",223,84,3,134,0,"Musila"
"KITUI WEST","15070034603201","KYAMBIWA PRI SCHOOL",149,75,11,61,0,"Malombe"
"KITUI WEST","15070034603301","MUTULU PRI SCHOOL",234,133,2,96,1,"Malombe"
"KITUI WEST","15070034603401","KWA NDONDO PRI SCHOOL",191,91,3,94,2,"Musila"
"KITUI WEST","15070034603501","TULIA PRI SCHOOL",183,94,4,82,2,"Malombe"
"KITUI WEST","15070034603502","TULIA PRI SCHOOL",180,96,5,77,1,"Malombe"
"KITUI WEST","15070034603601","KASUE SEC SCHOOL",163,94,6,60,2,"Malombe"
"KITUI WEST","15070034603701","KAUMONI PRI SCHOOL",167,61,7,98,0,"Musila"
"KITUI WEST","15070034603801","MUSENGO SEC SCHOOL",197,90,7,98,1,"Musila"
"KITUI WEST","15070034603901","KWA MUKOO PRI SCHOOL",120,79,3,38,0,"Malombe"
"KITUI WEST","15070034604001","IIANI AIC",96,34,5,52,0,"Musila"
"KITUI WEST","15070034604101","KAMUNYU AIC",164,69,3,71,0,"Musila"
"KITUI WEST","15070034604201","KIWANZANI AIC",108,46,5,56,1,"Musila"
"KITUI WEST","15070034604301","KAKEANI SEC SCHOOL",202,109,13,74,3,"Malombe"
"KITUI WEST","15070034604401","MUMBUNI PRI SCHOOL",99,55,2,42,0,"Malombe"
"KITUI WEST","15070034604501","SYOMUTWA PRI SCHOOL",198,98,3,95,1,"Malombe"
"KITUI WEST","15070034604601","MAVALO PRI SCHOOL",150,54,2,94,0,"Musila"
"KITUI WEST","15070034604701","MATETA PRE-PRIMARY SCHOOL",121,79,1,39,2,"Malombe"
"KITUI WEST","15070034612601","MWATATE PRI SCHOOL",82,51,2,27,1,"Malombe"
"KITUI WEST","15070034612701","KAKUMUTI MIXED DAY SEC SCHOOL",76,39,9,27,0,"Malombe"
"KITUI WEST","15070034704801","KATUTU PRI SCHOOL",395,220,16,153,1,"Malombe"
"KITUI WEST","15070034704802","KATUTU PRI SCHOOL",320,190,14,109,1,"Malombe"
"KITUI WEST","15070034704901","EMIVIA PRI SCHOOL",205,74,5,118,5,"Musila"
"KITUI WEST","15070034705001","KATHIANI PRI SCHOOL",232,98,10,118,3,"Musila"
"KITUI WEST","15070034705002","KATHIANI PRI SCHOOL",213,101,5,102,3,"Musila"
"KITUI WEST","15070034705101","KATAA PRI SCHOOL",244,91,6,143,4,"Musila"
"KITUI WEST","15070034705201","MUTANDA PRI SCHOOL",259,169,7,81,0,"Malombe"
"KITUI WEST","15070034705202","MUTANDA PRI SCHOOL",232,139,7,80,3,"Malombe"
"KITUI WEST","15070034705301","NGUNGUU AIC",88,40,4,44,0,"Musila"
"KITUI WEST","15070034705401","KWAMWAMBI PRI SCHOOL",363,194,6,147,2,"Malombe"
"KITUI WEST","15070034705501","KIVANI PR SCH",207,96,5,104,1,"Musila"
"KITUI WEST","15070034705601","KANGUNGI PR SCH",325,127,5,189,3,"Musila"
"KITUI WEST","15070034705701","KAUWI PRI SCHOOL",334,170,15,140,0,"Malombe"
"KITUI WEST","15070034705702","KAUWI PRI SCHOOL",295,153,7,133,0,"Malombe"
"KITUI WEST","15070034705703","KAUWI PRI SCHOOL",328,167,15,141,2,"Malombe"
"KITUI WEST","15070034705704","KAUWI PRI SCHOOL",310,172,11,125,1,"Malombe"
"KITUI WEST","15070034705705","KAUWI PRI SCHOOL",329,176,14,134,2,"Malombe"
"KITUI WEST","15070034705801","KYONDONI PRI SCHOOL",401,136,10,155,0,"Musila"
"KITUI WEST","15070034705901","KALUNI PRI SCHOOL",288,144,6,138,0,"Malombe"
"KITUI WEST","15070034706001","KWA-NYINGI PRI SCHOOL",281,160,6,114,1,"Malombe"
"KITUI WEST","15070034706101","MUTINI PRI SCHOOL",267,176,2,85,2,"Malombe"
"KITUI WEST","15070034706201","KISEVENI PRI SCHOOL",398,274,6,112,1,"Malombe"
"KITUI WEST","15070034706301","SANGALA PRI SCHOOL",308,208,8,92,0,"Malombe"
"KITUI WEST","15070034706401","KAVOO PR SCH",101,41,4,53,3,"Musila"
"KITUI WEST","15070034706501","KASUE PR SCH",204,121,2,77,1,"Malombe"
"KITUI WEST","15070034706601","KALINDITI PRI SCHOOL",236,142,3,86,0,"Malombe"
"KITUI WEST","15070034706701","KATHEKA PRI SCHOOL",160,109,4,42,3,"Malombe"
"KITUI WEST","15070034706801","MANG'ELU PRI SCHOOL",287,252,5,27,1,"Malombe"
"KITUI WEST","15070034706901","KYENG'E PR SCHOOL",236,115,3,77,1,"Malombe"
"KITUI WEST","15070034707001","KATUTU GIRLS",111,68,2,39,1,"Malombe"
"KITUI WEST","15070034707101","KASAKINI PRI SCHOOL",170,87,6,76,1,"Malombe"
"KITUI WEST","15070034707201","KOMU PRI SCHOOL",139,93,4,41,0,"Malombe"
"KITUI WEST","15070034707301","ST MARKS PRI SCHOOL",309,209,2,95,0,"Malombe"
"KITUI WEST","15070034707401","KYENI PR SCH",241,130,6,102,2,"Malombe"
"KITUI WEST","15070034707501","KAUMONI PRI SCHOOL",76,33,2,41,0,"Musila"
"KITUI WEST","15070034707601","NGENGEKANI PRI SCHOOL",189,106,6,77,0,"Malombe"
"KITUI WEST","15070034707701","MUTHI PRI SCHOOL",91,71,2,17,1,"Malombe"
"KITUI WEST","15070034707801","MATINGA PRI SCHOOL",370,174,1,175,0,"Musila"
"KITUI WEST","15070034712801","NZEMELI PRI SCHOOL",84,31,0,52,0,"Musila"
"KITUI WEST","15070034807901","MASEKI  PRI. SCHOOL",345,249,28,63,2,"Malombe"
"KITUI WEST","15070034808001","MATINYANI POLYTECHNIC",322,236,22,60,2,"Malombe"
"KITUI WEST","15070034808101","KAUMA PRI. SCHOOL",251,146,40,60,3,"Malombe"
"KITUI WEST","15070034808201","KYENI PRI. SCHOOL",291,242,16,31,2,"Malombe"
"KITUI WEST","15070034808202","KYENI PRI. SCHOOL",267,215,19,29,1,"Malombe"
"KITUI WEST","15070034808301","KAVUMBU PRI. SCHOOL",253,187,34,29,1,"Malombe"
"KITUI WEST","15070034808302","KAVUMBU PRI. SCHOOL",241,182,20,35,1,"Malombe"
"KITUI WEST","15070034808401","KATHUMA PRI. SCHOOL",352,247,25,74,2,"Malombe"
"KITUI WEST","15070034808501","KIKANGA PRI. SCHOOL",262,188,20,48,1,"Malombe"
"KITUI WEST","15070034808601","MATINYANI D.E.B PRI. SCHOOL",316,260,20,33,2,"Malombe"
"KITUI WEST","15070034808602","MATINYANI D.E.B PRI. SCHOOL",285,231,13,35,2,"Malombe"
"KITUI WEST","15070034808701","MBAVAE PRI. SCHOOL",209,174,8,26,0,"Malombe"
"KITUI WEST","15070034808801","MATINYANI A.I.C PRI. SCHOOL",351,276,19,52,2,"Malombe"
"KITUI WEST","15070034808802","MATINYANI A.I.C PRI. SCHOOL",363,292,12,53,2,"Malombe"
"KITUI WEST","15070034808803","MATINYANI A.I.C PRI. SCHOOL",334,262,13,51,5,"Malombe"
"KITUI WEST","15070034808901","KUNIKILA PRI. SCHOOL",248,191,9,43,3,"Malombe"
"KITUI WEST","15070034809001","KITHUNZI PRI. SCHOOL",368,314,7,47,0,"Malombe"
"KITUI WEST","15070034809101","KYAMBUSYA PRIMARY SCHOOL",309,261,14,31,1,"Malombe"
"KITUI WEST","15070034809102","KYAMBUSYA PRIMARY SCHOOL",285,241,12,29,1,"Malombe"
"KITUI WEST","15070034809201","KWA NDONGA PRI SCHOOL",347,293,3,47,2,"Malombe"
"KITUI WEST","15070034809202","KWA NDONGA PRI SCHOOL",323,271,4,45,3,"Malombe"
"KITUI WEST","15070034809301","KYAMBEVO PRI. SCHOOL",160,112,19,28,1,"Malombe"
"KITUI WEST","15070034809401","KWA MUSYIMI PRI. SCHOOL",396,286,34,73,2,"Malombe"
"KITUI WEST","15070034809501","NDALANI PRIMARY SCHOOL",226,189,7,27,3,"Malombe"
"KITUI WEST","15070034809601","KALIA PRI. SCHOOL",386,309,16,56,3,"Malombe"
"KITUI WEST","15070034809701","KATHEUNI PRI. SCH",202,165,9,27,1,"Malombe"
"KITUI WEST","15070034809801","KAKUMI PRIMARY SCHOOL",283,228,11,40,4,"Malombe"
"KITUI WEST","15070034809901","KITUNDUNI PRI. SCHOOL",327,184,14,121,3,"Malombe"
"KITUI WEST","15070034810001","NZAKAME SEC. SCHOOL",156,138,2,15,1,"Malombe"
"KITUI WEST","15070034810101","KITUMBI PRI. SCHOOL",159,110,7,36,3,"Malombe"
"KITUI WEST","15070034812901","MAAINI PRI SCHOOL",243,135,2,105,1,"Malombe"
"KITUI WEST","15070034813001","MWAANI PRI SCHOOL",67,55,1,11,0,"Malombe"
"KITUI WEST","15070034910201","KWA -MUTONGA PRIMARY SCHOOL",192,128,4,56,0,"Malombe"
"KITUI WEST","15070034910301","KWA MUMO PRIMARY SCHOOL",311,131,11,165,2,"Musila"
"KITUI WEST","15070034910401","MITHIIKWANI PRI. SCHOOL",252,148,3,96,2,"Malombe"
"KITUI WEST","15070034910501","MIWONGONI PRIMARY SCHOOL",158,101,1,56,0,"Malombe"
"KITUI WEST","15070034910601","SYOKITHUMBI PRI. SCHOOL",248,165,4,75,1,"Malombe"
"KITUI WEST","15070034910701","MANZI ITUMO PRIMARY SCHOOL",235,166,3,61,2,"Malombe"
"KITUI WEST","15070034910801","MASELELE PRIMARY SCHOOL",240,206,2,28,1,"Malombe"
"KITUI WEST","15070034910901","MIKUYUMIKYA PRI SCHOOL",240,196,4,37,2,"Malombe"
"KITUI WEST","15070034911001","KATHIVO POLY",308,201,40,61,2,"Malombe"
"KITUI WEST","15070034911101","KWA MBOYA MARKET",376,300,12,60,0,"Malombe"
"KITUI WEST","15070034911201","KITHUYANI PRIMARY SCHOOL",179,138,1,37,3,"Malombe"
"KITUI WEST","15070034911301","SYOMUITU  PRIMARY SCHOOL",182,159,7,15,0,"Malombe"
"KITUI WEST","15070034911401","KWA-SILU PRI. SCHOOL",127,79,4,42,2,"Malombe"
"KITUI WEST","15070034911501","KALIMBEVO PRI SCHOOL",176,144,3,26,2,"Malombe"
"KITUI WEST","15070034911601","KYAANI PRI SCHOOL",285,205,14,65,1,"Malombe"
"KITUI WEST","15070034911602","KYAANI PRI SCHOOL",315,228,11,72,2,"Malombe"
"KITUI WEST","15070034911701","KITHUMULA PRI SCHOOL",266,172,6,84,1,"Malombe"
"KITUI WEST","15070034911702","KITHUMULA PRI SCHOOL",257,171,5,74,3,"Malombe"
"KITUI WEST","15070034911801","KOMBU PRI SCHOOL",375,200,12,156,3,"Malombe"
"KITUI WEST","15070034911901","NDIUNI PRI SCHOOL",378,278,6,92,2,"Malombe"
"KITUI WEST","15070034912001","MALATANI CTR",442,284,33,114,3,"Malombe"
"KITUI WEST","15070034912101","KWA-NDILA PRI SCHOOL",266,192,17,50,2,"Malombe"
"KITUI WEST","15070034912201","ACK NGOMANGO PRI SCHOOL",124,64,3,52,2,"Malombe"
"KITUI WEST","15070034912301","KILIMU PRI SCHOOL",237,156,1,79,0,"Malombe"
"KITUI WEST","15070034912401","KALINDILO PRIMARY SCHOOL",299,208,17,65,5,"Malombe"
"KITUI WEST","15070034912501","KWA MULUNGU PRI SCHOOL",371,318,13,36,3,"Malombe"
"KITUI WEST","15070034913101","KIUWANI PRI SCHOOL",98,70,2,23,2,"Malombe"
"KITUI WEST","15070034913201","MAKOLO PRI SCHOOL",147,101,8,36,0,"Malombe"
"KITUI RURAL","15071035000101","MOSA PRIMARY SCHOOL",296,177,64,6,2,"Malombe"
"KITUI RURAL","15071035000201","NGUUNI PRIMARY SCHOOL.",381,332,7,33,4,"Malombe"
"KITUI RURAL","15071035000301","MBUSYANI PRIMARY SCHOOL",291,254,11,23,1,"Malombe"
"KITUI RURAL","15071035000302","MBUSYANI PRIMARY SCHOOL",275,222,14,32,2,"Malombe"
"KITUI RURAL","15071035000401","NGILUNI PRIMARY SCHOOL",286,230,8,46,1,"Malombe"
"KITUI RURAL","15071035000501","KAVASYA PRIMARY SCHOOL",250,223,2,22,2,"Malombe"
"KITUI RURAL","15071035000601","KWA-KUTU PRIMARY SCHOOL",263,208,8,45,0,"Malombe"
"KITUI RURAL","15071035000701","MUKAMENI PRIMARY SCHOOL",335,261,10,62,0,"Malombe"
"KITUI RURAL","15071035000801","UNG'AATU PRIMARY SCHOOL",418,309,7,97,2,"Malombe"
"KITUI RURAL","15071035000901","KALALA PRIMARY SCHOOL",291,208,7,75,1,"Malombe"
"KITUI RURAL","15071035001001","MAVINDINI PRIMARY SCHOOL",200,93,17,86,4,"Malombe"
"KITUI RURAL","15071035001101","MALIKU PRIMARY SCHOOL",239,205,6,27,1,"Malombe"
"KITUI RURAL","15071035001201","KATUMBA PRIMARY SCHOOL",177,133,18,24,2,"Malombe"
"KITUI RURAL","15071035001501","KISASI PRIMARY SCHOOL",257,204,17,34,1,"Malombe"
"KITUI RURAL","15071035001502","KISASI PRIMARY SCHOOL",238,181,13,41,3,"Malombe"
"KITUI RURAL","15071035001601","UTAWALA PRIMARY SCHOOL",209,163,8,27,4,"Malombe"
"KITUI RURAL","15071035001701","ITUKI PRIMARY SCHOOL",358,299,6,50,1,"Malombe"
"KITUI RURAL","15071035001801","KALATINE PRIMARY SCHOOL",334,268,4,61,1,"Malombe"
"KITUI RURAL","15071035002201","KATWALA PRIMARY SCHOOL",107,92,0,13,1,"Malombe"
"KITUI RURAL","15071035002301","KILEVI PRIMARY SCHOOL",251,157,8,86,0,"Malombe"
"KITUI RURAL","15071035002401","MWIW'E PRIMARY SCHOOL",139,114,3,19,2,"Malombe"
"KITUI RURAL","15071035002601","KISIKINI PRIMARY SCHOOL.",162,125,2,33,0,"Malombe"
"KITUI RURAL","15071035002801","KISASI BOYS SECONDARY SCHOOL",358,296,21,29,4,"Malombe"
"KITUI RURAL","15071035003101","KIKUUNI PRIMARY SCHOOL",173,126,5,41,0,"Malombe"
"KITUI RURAL","15071035003201","IKAVE PRIMARY SCHOOL",213,162,6,43,1,"Malombe"
"KITUI RURAL","15071035003301","KITOONEO PRIMARY SCHOOL",203,129,10,62,0,"Malombe"
"KITUI RURAL","15071035003401","KAVISUNI PRIMARY SCHOOL",176,94,23,57,1,"Malombe"
"KITUI RURAL","15071035003402","KAVISUNI PRIMARY SCHOOL",182,98,21,60,3,"Malombe"
"KITUI RURAL","15071035003501","KWA-KYEE PRIMARY SCHOL",145,117,3,23,2,"Malombe"
"KITUI RURAL","15071035003901","MUAMBANI PRIMARY SCHOOL",355,274,13,61,1,"Malombe"
"KITUI RURAL","15071035004601","KILIVI PRIMARY SCHOOL",270,225,6,39,0,"Malombe"
"KITUI RURAL","15071035013801","KITAMAA PRIMARY SCHOOL",178,66,17,87,3,"Musila"
"KITUI RURAL","15071035013901","MASOKA PRIMARY SCHOOL",63,54,2,7,0,"Malombe"
"KITUI RURAL","15071035014001","KAVUMBU PRIMARY SCHOOL",59,45,3,9,1,"Malombe"
"KITUI RURAL","15071035014101","KAVISUNI DISPENSARY",136,74,22,38,1,"Malombe"
"KITUI RURAL","15071035101301","SYUASINI PRIMARY SCHOOL",228,172,14,36,3,"Malombe"
"KITUI RURAL","15071035101401","KISASI YOUTH POLYTECHNIC",208,173,5,29,1,"Malombe"
"KITUI RURAL","15071035101901","NGANGANI PRIMARY SCHOOL",366,286,18,55,3,"Malombe"
"KITUI RURAL","15071035101902","NGANGANI PRIMARY SCHOOL",397,330,8,58,1,"Malombe"
"KITUI RURAL","15071035102001","KITUNGATI PRIMARY SCHOOL",366,319,10,35,1,"Malombe"
"KITUI RURAL","15071035102101","WAYANI PRIMARY SCHOOL",201,160,4,33,1,"Malombe"
"KITUI RURAL","15071035102701","SEEKEA PRIMARY SCHOOL.",198,113,25,56,3,"Malombe"
"KITUI RURAL","15071035102901","MUKUNDI PRIMARY SCHOOL.",213,160,17,32,0,"Malombe"
"KITUI RURAL","15071035103001","MANZINI PRIMARY SCHOOL",225,200,3,17,0,"Malombe"
"KITUI RURAL","15071035103601","MISUUNI PRIMARY SCHOOL",237,195,4,33,0,"Malombe"
"KITUI RURAL","15071035103701","KATANGASUA PRIMARY SCHOOL",259,204,13,37,2,"Malombe"
"KITUI RURAL","15071035103702","KATANGASUA PRIMARY SCHOOL",266,216,11,34,2,"Malombe"
"KITUI RURAL","15071035103801","ISOVYA PRIMARY SCHOOL",207,166,4,30,6,"Malombe"
"KITUI RURAL","15071035104001","MAKOLONGO PRIMARY SCHOOL",300,268,5,27,0,"Malombe"
"KITUI RURAL","15071035104101","KIVUUNI PRIMARY SCHOOL",247,217,8,19,1,"Malombe"
"KITUI RURAL","15071035104201","MBITINI PRIMARY SCHOOL.",356,301,7,43,1,"Malombe"
"KITUI RURAL","15071035104202","MBITINI PRIMARY SCHOOL.",349,297,8,38,2,"Malombe"
"KITUI RURAL","15071035104301","MAANGANI PRIMARY SCHOOL",307,246,6,50,3,"Malombe"
"KITUI RURAL","15071035104401","KANZAU SECONDARY SCHOOL",122,98,3,21,0,"Malombe"
"KITUI RURAL","15071035104501","MULUTI PRIMARY SCHOOL",194,161,6,24,1,"Malombe"
"KITUI RURAL","15071035104701","KILAMBA PRIMARY SCHOOL",176,152,5,16,2,"Malombe"
"KITUI RURAL","15071035104801","IKOTAMWITHE PRIMARY SCHOOL",168,152,4,10,2,"Malombe"
"KITUI RURAL","15071035104901","KYAMUSIVI PRIMARY SCHOOL",226,202,2,15,1,"Malombe"
"KITUI RURAL","15071035105001","MBITINI GIRLS SECONDARY SCHOOL",221,196,7,14,2,"Malombe"
"KITUI RURAL","15071035105002","MBITINI GIRLS SECONDARY SCHOOL",221,195,3,19,1,"Malombe"
"KITUI RURAL","15071035105101","MWINZENGI PRIMARY SCHOOL",318,273,4,39,1,"Malombe"
"KITUI RURAL","15071035105201","KANZAU PRIMARY SCHOOL",319,233,17,64,2,"Malombe"
"KITUI RURAL","15071035105301","KAMULU PRIMARY SCHOOL",287,244,7,32,3,"Malombe"
"KITUI RURAL","15071035105401","USANG'A PRIMARY SCHOOL",157,121,9,23,3,"Malombe"
"KITUI RURAL","15071035114201","KWA KASAU PRIMARY SCHOOL",58,47,1,10,0,"Malombe"
"KITUI RURAL","15071035114301","ULUNGU PRIMARY SCHOOL",83,66,4,13,0,"Malombe"
"KITUI RURAL","015071035205601","KANYONYOO MKT",158,100,11,37,4,"Malombe"
"KITUI RURAL","015071035205701","KWA-VONZA PRI SCHOOL",301,176,13,108,3,"Malombe"
"KITUI RURAL","015071035205702","KWA-VONZA PRI SCHOOL",288,148,14,118,2,"Malombe"
"KITUI RURAL","015071035205703","KWA-VONZA PRI SCHOOL",268,154,11,97,4,"Malombe"
"KITUI RURAL","015071035205801","TANGANYIKA PRI SCHOOL",300,218,7,71,3,"Malombe"
"KITUI RURAL","015071035205901","MASAANI PRI SCHOOL",225,172,4,47,1,"Malombe"
"KITUI RURAL","015071035206001","KALIVINI PRI SCHOOL",205,169,7,25,3,"Malombe"
"KITUI RURAL","015071035206101","KILIKO PRI SCHOOL",284,202,10,65,0,"Malombe"
"KITUI RURAL","015071035206201","YATTA PRI SCHOOL",262,224,10,27,1,"Malombe"
"KITUI RURAL","015071035206202","YATTA PRI SCHOOL",265,219,6,37,2,"Malombe"
"KITUI RURAL","015071035206301","KWA KILUI PRI SCHOOL",410,288,28,34,0,"Malombe"
"KITUI RURAL","015071035206401","ILIKA PRI SCHOOL",291,271,3,17,0,"Malombe"
"KITUI RURAL","015071035206501","KATHEMBONI PRI SCHOOL",155,78,37,39,0,"Malombe"
"KITUI RURAL","015071035206601","MUVITHA PRI SCHOOL",266,248,11,5,1,"Malombe"
"KITUI RURAL","015071035206701","KAW'ONGO PRI SCHOOL",255,212,4,36,0,"Malombe"
"KITUI RURAL","015071035206801","KYAITHANI PRI SCHOOL",334,269,26,37,2,"Malombe"
"KITUI RURAL","015071035206901","NTHONGONI PRI SCHOOL",355,295,13,37,1,"Malombe"
"KITUI RURAL","015071035207001","MATULANI PRI SCHOOL",412,309,30,64,5,"Malombe"
"KITUI RURAL","015071035207101","IANI PRI SCHOOL",265,175,10,77,1,"Malombe"
"KITUI RURAL","015071035207201","MAMOLE PRIMARY SCHOOL",203,166,9,27,0,"Malombe"
"KITUI RURAL","015071035207301","NTHILANI PRI SCHOOL",201,186,2,10,1,"Malombe"
"KITUI RURAL","015071035207401","KATHOME ORI SCHOOL",325,273,3,49,0,"Malombe"
"KITUI RURAL","015071035207501","USENG'YO PRI SCHOOL",182,121,8,52,1,"Malombe"
"KITUI RURAL","015071035207601","MUKELENZUNI PRI SCHOOL",143,114,3,22,1,"Malombe"
"KITUI RURAL","015071035207701","MUSELELE TOWNSHIP PRI SCHOOL",342,226,17,98,1,"Malombe"
"KITUI RURAL","015071035207801","KYAINYA PRI SCHOOL",125,110,1,13,0,"Malombe"
"KITUI RURAL","015071035207901","NDUNGUNI PRI SCHOOL",169,139,9,20,1,"Malombe"
"KITUI RURAL","015071035208001","KAMANYI PRI SCHOOL",243,212,5,23,1,"Malombe"
"KITUI RURAL","015071035208101","KONZA PRI SCHOOL",106,82,3,19,0,"Malombe"
"KITUI RURAL","015071035208201","WAIVUMBU PRI SCHOOL",134,66,26,38,2,"Malombe"
"KITUI RURAL","015071035208301","KYOSINI PRI SCHOOL",195,159,2,33,1,"Malombe"
"KITUI RURAL","015071035208401","NGOVU PRI SCHOOL",101,96,1,3,0,"Malombe"
"KITUI RURAL","015071035208501","MUVYANI PRI SCHOOL",122,102,14,5,1,"Malombe"
"KITUI RURAL","015071035208601","NZEVE PRI SCHOOL",170,136,1,32,1,"Malombe"
"KITUI RURAL","015071035208701","KYAMUUNGI PRI SCHOOL",79,65,3,11,0,"Malombe"
"KITUI RURAL","015071035208801","KATOTHYA PRI SCHOOL",259,150,25,80,4,"Malombe"
"KITUI RURAL","015071035208901","MIKUYUNI PRI SCHOOL",105,60,3,42,0,"Malombe"
"KITUI RURAL","015071035209001","NGAKAANI PRI SCHOOL",149,127,1,20,1,"Malombe"
"KITUI RURAL","015071035209101","MAITO PRI SCHOOL",136,112,1,15,0,"Malombe"
"KITUI RURAL","015071035209201","KWAKILYA PRI SCHOOL",174,144,2,26,1,"Malombe"
"KITUI RURAL","015071035209301","MUSINI PRI SCHOOL",116,94,10,12,0,"Malombe"
"KITUI RURAL","015071035209401","ILOVI NURSERY",72,55,2,14,1,"Malombe"
"KITUI RURAL","015071035209501","KALIMA PRI SCHOOL",152,127,6,19,0,"Malombe"
"KITUI RURAL","015071035209601","KITUKUNI PRI SCHOOL",108,25,5,77,1,"Musila"
"KITUI RURAL","015071035209701","THOME PRI SCHOOL",111,88,3,17,3,"Malombe"
"KITUI RURAL","015071035209801","NGAMYONE PRI SCHOOL",176,132,9,31,4,"Malombe"
"KITUI RURAL","015071035209901","MANDU PRI SCHOOL",80,64,4,9,0,"Malombe"
"KITUI RURAL","015071035210001","KIVUNGA PRI SCHOOL",135,55,7,69,0,"Musila"
"KITUI RURAL","015071035210101","KAMOSI PRI SCHOOL",16,4,1,11,0,"Musila"
"KITUI RURAL","015071035210201","MUSINGI PRI SCHOOL",142,33,6,101,1,"Musila"
"KITUI RURAL","015071035210301","RURAL BORDER PATROL UNIT",83,16,8,57,2,"Musila"
"KITUI RURAL","015071035210401","KATOTENI CENRAL PRI SCHOOL",173,31,4,134,2,"Musila"
"KITUI RURAL","015071035210501","NYUMBANI VILLAGE",70,37,4,29,0,"Malombe"
"KITUI RURAL","015071035214401","NZEVENI PRIMARY SCHOOL",150,130,4,16,0,"Malombe"
"KITUI RURAL","015071035214501","KIIMANI PRIMARY SCHOOL",63,23,2,37,0,"Musila"
"KITUI RURAL","015071035310601","SYOMUNYU PRI SCHOOL",193,147,8,35,1,"Malombe"
"KITUI RURAL","015071035310701","KALULINI PRI SCHOOL",324,260,6,55,0,"Malombe"
"KITUI RURAL","015071035310801","MBEETWANI PRI SCHOOL",114,91,3,17,2,"Malombe"
"KITUI RURAL","015071035310901","SYOMAKANDA PRI SCHOOL",116,81,10,25,0,"Malombe"
"KITUI RURAL","015071035311001","NGOMONI PRI SCHOOL",365,301,14,45,2,"Malombe"
"KITUI RURAL","015071035311101","MANDONGOI PRI SCHOOL",225,179,11,32,1,"Malombe"
"KITUI RURAL","015071035311201","MASIMBA PRI SCHOOL",378,257,12,106,3,"Malombe"
"KITUI RURAL","015071035311301","KANYANGI PRI SCHOOL",281,232,8,39,0,"Malombe"
"KITUI RURAL","015071035311302","KANYANGI PRI SCHOOL",287,218,11,56,2,"Malombe"
"KITUI RURAL","015071035311303","KANYANGI PRI SCHOOL",308,256,8,40,0,"Malombe"
"KITUI RURAL","015071035311401","NZAMBIA PRI SCHOOL",262,220,7,35,0,"Malombe"
"KITUI RURAL","015071035311501","KANYONGONYO PRI SCHOOL",337,273,7,55,1,"Malombe"
"KITUI RURAL","015071035311601","KISAUNI PRI SCHOOL",203,174,9,19,1,"Malombe"
"KITUI RURAL","015071035311701","KILUMYA PRI SCHOOL",215,194,1,19,1,"Malombe"
"KITUI RURAL","015071035311801","YAMUNYU NURSERY SCHOOL",213,202,3,5,1,"Malombe"
"KITUI RURAL","015071035311901","KAVOO PRIMARY SCHOOL",208,176,6,22,2,"Malombe"
"KITUI RURAL","015071035312001","KITOONI PRI SCHOOL",248,202,6,37,2,"Malombe"
"KITUI RURAL","015071035312101","KILISA PRI SCHOOL",121,99,4,15,3,"Malombe"
"KITUI RURAL","015071035312201","MWAANI PRI SCHOOL",257,186,9,62,0,"Malombe"
"KITUI RURAL","015071035312301","ITULANI PRI SCHOOL",163,126,23,11,2,"Malombe"
"KITUI RURAL","015071035312401","KISAYANI PRI SCHOOL",323,217,17,79,3,"Malombe"
"KITUI RURAL","015071035312501","MATU PRI SCHOOL",154,128,8,17,0,"Malombe"
"KITUI RURAL","015071035312601","KANGALA PRI SCHOOL",100,56,7,36,0,"Malombe"
"KITUI RURAL","015071035312701","KAONDU PRI SCHOOL",102,88,3,11,0,"Malombe"
"KITUI RURAL","015071035312801","KINYAAU PRI SCHOOL",155,113,4,33,2,"Malombe"
"KITUI RURAL","015071035312901","KYOANI PRI SCHOOL",158,131,3,22,2,"Malombe"
"KITUI RURAL","015071035313001","KYUNDUANI PRI SCHOOL",102,74,0,28,0,"Malombe"
"KITUI RURAL","015071035313101","MWANGENI PRI SCHOOL",94,86,0,7,1,"Malombe"
"KITUI RURAL","015071035313201","KWA KITUNG'U PRI SCHOOL",75,58,3,14,0,"Malombe"
"KITUI RURAL","015071035313301","KITHIIANI PRI SCHOOL",151,134,4,11,1,"Malombe"
"KITUI RURAL","015071035313401","HON. MUTISYA PRI SCHOOL",94,55,4,34,0,"Malombe"
"KITUI RURAL","015071035313501","MUMBE PRI SCHOOL",74,59,0,14,0,"Malombe"
"KITUI RURAL","015071035313601","VONDENI MARKET",95,73,6,14,1,"Malombe"
"KITUI RURAL","015071035313701","KAVUMBUNI MARKET",182,141,4,34,1,"Malombe"
"KITUI RURAL","015071035314601","KAVONGE PRIMARY SCHOOL",21,20,0,1,0,"Malombe"
"KITUI RURAL","015071035314701","NDOKEANI PRIMARY SCHOOL",37,28,0,8,0,"Malombe"
"KITUI CENTRAL","15072035400101","MAKAANI PRIMARY SCHOOL",220,123,1,94,0,"Malombe"
"KITUI CENTRAL","15072035400201","MUTULU PRIMARY SCHOOL",405,331,6,65,3,"Malombe"
"KITUI CENTRAL","15072035400301","MIAMBANI PRIMARY SCHOOL",350,205,50,88,1,"Malombe"
"KITUI CENTRAL","15072035400401","MUKUKU PRIMARY SCHOOL",334,158,19,151,4,"Malombe"
"KITUI CENTRAL","15072035400501","MUTUKYA PRIMARY SCHOOL",266,218,13,30,3,"Malombe"
"KITUI CENTRAL","15072035400502","MUTUKYA PRIMARY SCHOOL",272,218,9,44,1,"Malombe"
"KITUI CENTRAL","15072035400601","MWANYANI PRIMARY SCHOOL",229,194,5,25,1,"Malombe"
"KITUI CENTRAL","15072035400701","KAMANDIO PRIMARY SCHOOL",313,129,1,182,0,"Musila"
"KITUI CENTRAL","15072035400801","MIKUYUNI PRIMARY SCHOOL",226,123,4,96,1,"Malombe"
"KITUI CENTRAL","15072035400901","KIVIU PRIMARY SCHOOL",381,157,4,212,5,"Musila"
"KITUI CENTRAL","15072035401001","VINDA PRIMARY SCHOOL",251,149,17,82,0,"Malombe"
"KITUI CENTRAL","15072035401101","KATISAA PRIMARY SCHOOL",216,61,4,148,0,"Musila"
"KITUI CENTRAL","15072035401201","NDITHINI PRIMARY SCHHOOL",147,108,17,20,1,"Malombe"
"KITUI CENTRAL","15072035401301","KILINGILE PRIMARY SCHOOL",147,108,2,37,0,"Malombe"
"KITUI CENTRAL","15072035401401","KAKULUNGA PRIMARY SCHOOL",262,225,4,33,0,"Malombe"
"KITUI CENTRAL","15072035401501","KAVALO PRIMARY SCH.",273,232,6,31,0,"Malombe"
"KITUI CENTRAL","15072035401601","KAVUTI PRIMARY SCH.",204,89,5,109,1,"Musila"
"KITUI CENTRAL","15072035401701","USIANI PRIMARY SCH.",224,149,7,68,0,"Malombe"
"KITUI CENTRAL","15072035401801","USIANI SECONDARY SCH.",172,82,1,86,2,"Musila"
"KITUI CENTRAL","15072035401901","MWATUNI PRIMARY SCH.",131,60,4,63,1,"Musila"
"KITUI CENTRAL","15072035402001","MUTULA PRIMARY SCH.",440,363,23,47,3,"Malombe"
"KITUI CENTRAL","15072035402101","KATHUMULA SECONDARY SCHOOL",165,76,3,84,1,"Musila"
"KITUI CENTRAL","15072035402201","ST.MARYS SECONDARY SCHOOL-MIAMBANI",259,138,66,54,1,"Malombe"
"KITUI CENTRAL","15072035402301","AIC NDITHINI PRIMARY SCHOOL",15,10,3,2,0,"Malombe"
"KITUI CENTRAL","15072035402401","KITULA PRIMARY SCHOOL",153,51,3,96,3,"Musila"
"KITUI CENTRAL","15072035402501","KING'OINI PRIMARY SCHOOL",253,107,0,145,1,"Musila"
"KITUI CENTRAL","15072035402601","KILUILU PRIMARY SCHOOL",87,37,4,43,3,"Musila"
"KITUI CENTRAL","15072035402701","NZAAYA PRIMARY SCHOOL",181,65,3,110,2,"Musila"
"KITUI CENTRAL","15072035402801","NDIANI PRIMARY SCHOOL",187,59,2,125,0,"Musila"
"KITUI CENTRAL","15072035402901","KANZAU PRIMARY SCHOOL",218,94,2,121,0,"Musila"
"KITUI CENTRAL","15072035403001","KAVUVUU PRIMARY SCHOOL",132,108,4,20,0,"Malombe"
"KITUI CENTRAL","15072035403101","NZUNE PRIMARY SCHOOL",127,43,0,84,0,"Musila"
"KITUI CENTRAL","15072035403201","ULONZO PRIMARY SCHOOL",146,47,4,95,0,"Musila"
"KITUI CENTRAL","15072035403301","KILUMA PRIMARY SCH.",98,20,0,77,0,"Musila"
"KITUI CENTRAL","15072035415401","NGEVENI PRIMARY",95,40,1,53,0,"Musila"
"KITUI CENTRAL","15072035503401","MUTENDEA PRIMARY SCHOOL",115,90,5,18,1,"Malombe"
"KITUI CENTRAL","15072035503501","KATYETHOKA PRIMARY SCHOOL",228,185,13,23,2,"Malombe"
"KITUI CENTRAL","15072035503502","KATYETHOKA PRIMARY SCHOOL",211,173,12,23,1,"Malombe"
"KITUI CENTRAL","15072035503601","KAVETA PRIMARY SCHOOL",291,219,32,37,2,"Malombe"
"KITUI CENTRAL","15072035503602","KAVETA PRIMARY SCHOOL",291,236,17,36,0,"Malombe"
"KITUI CENTRAL","15072035503701","SYONGILA YOUTH POLYTECHNIC",268,225,9,29,2,"Malombe"
"KITUI CENTRAL","15072035503702","SYONGILA YOUTH POLYTECHNIC",285,241,13,26,3,"Malombe"
"KITUI CENTRAL","15072035503801","GK PRISONS",150,106,13,28,2,"Malombe"
"KITUI CENTRAL","15072035503802","GK PRISONS",140,101,11,26,1,"Malombe"
"KITUI CENTRAL","15072035503901","NGIINI PRIMARY SCHOOL",257,224,11,21,0,"Malombe"
"KITUI CENTRAL","15072035503902","NGIINI PRIMARY SCHOOL",261,212,16,28,2,"Malombe"
"KITUI CENTRAL","15072035504001","KITUI SCHOOL FOR DEAF",273,190,20,57,2,"Malombe"
"KITUI CENTRAL","15072035504002","KITUI SCHOOL FOR DEAF",314,215,28,67,1,"Malombe"
"KITUI CENTRAL","15072035504101","MAJENGO NURSERY SCHOOL",269,205,26,30,3,"Malombe"
"KITUI CENTRAL","15072035504102","MAJENGO NURSERY SCHOOL",249,183,21,43,0,"Malombe"
"KITUI CENTRAL","15072035504201","KITUI BOYS SECONDARY SCHOOL",158,116,15,26,1,"Malombe"
"KITUI CENTRAL","15072035504301","MANYENYONI PRIMARY SCHOOL",199,177,6,15,1,"Malombe"
"KITUI CENTRAL","15072035504401","CENTRAL PRIMARY SCHOOL",304,231,25,48,0,"Malombe"
"KITUI CENTRAL","15072035504402","CENTRAL PRIMARY SCHOOL",293,233,23,35,2,"Malombe"
"KITUI CENTRAL","15072035504403","CENTRAL PRIMARY SCHOOL",299,232,20,46,1,"Malombe"
"KITUI CENTRAL","15072035504404","CENTRAL PRIMARY SCHOOL",316,233,27,51,1,"Malombe"
"KITUI CENTRAL","15072035504405","CENTRAL PRIMARY SCHOOL",284,199,24,58,0,"Malombe"
"KITUI CENTRAL","15072035504406","CENTRAL PRIMARY SCHOOL",302,228,26,45,1,"Malombe"
"KITUI CENTRAL","15072035504407","CENTRAL PRIMARY SCHOOL",288,206,25,51,2,"Malombe"
"KITUI CENTRAL","15072035504501","MUSLIM PRIMARY SCHOOL",316,228,27,54,2,"Malombe"
"KITUI CENTRAL","15072035504502","MUSLIM PRIMARY SCHOOL",314,236,20,57,0,"Malombe"
"KITUI CENTRAL","15072035504503","MUSLIM PRIMARY SCHOOL",311,217,27,63,3,"Malombe"
"KITUI CENTRAL","15072035504601","KATYETHOKA SECONDARY SCHOOL",139,110,8,17,2,"Malombe"
"KITUI CENTRAL","15072035504701","MUTENDEA MIXED SECONDARY SCHOOL",36,31,3,2,0,"Malombe"
"KITUI CENTRAL","15072035504801","KITUI REGIONAL RESEARCH CENTRE",136,101,12,21,2,"Malombe"
"KITUI CENTRAL","15072035504901","KITUI SCHOOL FOR MENTALLY HANDICAPPED",291,229,21,40,0,"Malombe"
"KITUI CENTRAL","15072035505001","ACK ST.LUKES CENTRAL",109,68,10,29,0,"Malombe"
"KITUI CENTRAL","15072035505101","JUAKALI SHEDS",314,233,26,49,4,"Malombe"
"KITUI CENTRAL","15072035505102","JUAKALI SHEDS",318,223,23,58,2,"Malombe"
"KITUI CENTRAL","15072035505201","IQRA NURSERY SCHOOL",242,168,28,40,2,"Malombe"
"KITUI CENTRAL","15072035505301","MAENDELEO YA WANAWAKE",335,258,26,48,3,"Malombe"
"KITUI CENTRAL","15072035505401","KITUI MEDICAL TRAINING COLLEGE",168,127,8,29,2,"Malombe"
"KITUI CENTRAL","15072035505402","KITUI MEDICAL TRAINING COLLEGE",161,120,10,28,0,"Malombe"
"KITUI CENTRAL","15072035505501","MUSLIM SECONDARY SCHOOL",286,198,28,56,2,"Malombe"
"KITUI CENTRAL","15072035505601","KITUI  TEACHERS TRAINING COLLEGE",108,83,9,16,0,"Malombe"
"KITUI CENTRAL","15072035505701","GK PRISONS WORKSHOP HALL",100,79,10,9,0,"Malombe"
"KITUI CENTRAL","15072035515501","KALUNDU MARKET",175,120,13,41,0,"Malombe"
"KITUI CENTRAL","15072035605801","KAKUUNI PRIMARY SCHOOL",310,284,7,10,5,"Malombe"
"KITUI CENTRAL","15072035605901","KAVUTA PRIMARY SCHOOL",323,298,17,6,0,"Malombe"
"KITUI CENTRAL","15072035606001","MBUSYANI PRIMARY SCHOOL",428,405,6,17,0,"Malombe"
"KITUI CENTRAL","15072035606101","KWA IKOLANYA PRIMARY SCHOOL",205,179,2,20,1,"Malombe"
"KITUI CENTRAL","15072035606201","ITHOOKWE PRIMARY SCHOOL",291,213,10,66,2,"Malombe"
"KITUI CENTRAL","15072035606202","ITHOOKWE PRIMARY SCHOOL",298,213,12,68,4,"Malombe"
"KITUI CENTRAL","15072035606203","ITHOOKWE PRIMARY SCHOOL",306,205,21,74,5,"Malombe"
"KITUI CENTRAL","15072035606301","KWA MAINGI PRIMARY SCHOOL",171,156,3,12,0,"Malombe"
"KITUI CENTRAL","15072035606401","ILOOI PRIMARY SCHOOL",255,187,12,50,3,"Malombe"
"KITUI CENTRAL","15072035606501","UNYAA PRIMARY SCHOOL",318,267,13,31,2,"Malombe"
"KITUI CENTRAL","15072035606502","UNYAA PRIMARY SCHOOL",299,253,11,31,2,"Malombe"
"KITUI CENTRAL","15072035606601","KWA KUNUVWA PRIMARY SCHOOL",394,285,47,10,1,"Malombe"
"KITUI CENTRAL","15072035606701","NDUMONI PRIMARY SCHOOL",231,160,11,27,1,"Malombe"
"KITUI CENTRAL","15072035606702","NDUMONI PRIMARY SCHOOL",228,174,17,31,4,"Malombe"
"KITUI CENTRAL","15072035606801","ITHIANI PRIMARY SCHOOL",472,435,16,19,1,"Malombe"
"KITUI CENTRAL","15072035606901","TIVA PRIMARY SCHOOL",239,196,23,15,2,"Malombe"
"KITUI CENTRAL","15072035607001","IMALE PRIMARY SCHOOL",120,102,13,4,0,"Malombe"
"KITUI CENTRAL","15072035607101","MANGINA PRIMARY SCHOOL",258,245,1,12,0,"Malombe"
"KITUI CENTRAL","15072035607201","ISEVINI PRIMARY SCHOOL",125,110,2,13,0,"Malombe"
"KITUI CENTRAL","15072035607301","KISYOKA PRIMARY SCHOOL",179,154,6,16,3,"Malombe"
"KITUI CENTRAL","15072035607401","KALIAKAKYA PRIMARY SCHOOL",414,399,2,9,0,"Malombe"
"KITUI CENTRAL","15072035607501","KWA-MUKASA PRIMARY SCHOOL",279,268,3,6,1,"Malombe"
"KITUI CENTRAL","15072035607601","ITOLEKA SECONDARY",375,343,7,23,1,"Malombe"
"KITUI CENTRAL","15072035607701","ITHIMANI PRIMARY SCHOOL",217,213,2,2,0,"Malombe"
"KITUI CENTRAL","15072035607801","MULUTU PRIMARY SCHOOL",376,338,10,25,1,"Malombe"
"KITUI CENTRAL","15072035607802","MULUTU PRIMARY SCHOOL",344,311,7,24,0,"Malombe"
"KITUI CENTRAL","15072035607803","MULUTU PRIMARY SCHOOL",339,312,2,21,0,"Malombe"
"KITUI CENTRAL","15072035607901","KALIKUVU PRIMARY SCHOOL",157,129,6,20,2,"Malombe"
"KITUI CENTRAL","15072035608001","MALUNGU PRIMARY SCHOOL",146,128,3,10,2,"Malombe"
"KITUI CENTRAL","15072035608101","ISAANGWA PRIMARY SCHOOL",250,195,21,29,4,"Malombe"
"KITUI CENTRAL","15072035608201","KANGOSE PRIMARY SCHOOL",86,81,2,3,0,"Malombe"
"KITUI CENTRAL","15072035608301","KALIMENZA PRIMARY SCHOOL",179,168,7,4,0,"Malombe"
"KITUI CENTRAL","15072035608401","ITOLEKA COMMUNITY RESOURCE CENTRE",228,206,1,20,0,"Malombe"
"KITUI CENTRAL","15072035608501","ITHIANI YOUTH POLYTECHNIC",249,237,3,9,0,"Malombe"
"KITUI CENTRAL","15072035608601","TIVA SECONDARY SCHOOL",190,174,6,8,2,"Malombe"
"KITUI CENTRAL","15072035608701","NG'OLENI PRIMARY SCHOOL",184,170,7,7,0,"Malombe"
"KITUI CENTRAL","15072035608801","KWODEP-COMMUNITY HALL",129,122,2,3,0,"Malombe"
"KITUI CENTRAL","15072035615501","MASOKA MARKET",135,109,7,14,2,"Malombe"
"KITUI CENTRAL","15072035616001","MAVIANI PRIMARY SCHOOL",85,66,8,8,1,"Malombe"
"KITUI CENTRAL","15072035616101","IVOVOA PRIMARY SCHOOL",133,116,3,11,3,"Malombe"
"KITUI CENTRAL","15072035616201","SOOMA PRIMARY SCHOOL",82,78,0,4,0,"Malombe"
"KITUI CENTRAL","15072035708901","NDETANI PRIMARY SCHOOL",199,173,6,19,0,"Malombe"
"KITUI CENTRAL","15072035709001","YAKALIA PRIMARY SCHOOL",220,185,5,24,5,"Malombe"
"KITUI CENTRAL","15072035709002","YAKALIA PRIMARY SCHOOL",220,186,6,19,5,"Malombe"
"KITUI CENTRAL","15072035709101","MITHONGO PRIMARY SCHOOL",168,144,4,20,0,"Malombe"
"KITUI CENTRAL","15072035709201","YUMBISYE SECONDARY SCHOOL",289,234,25,28,2,"Malombe"
"KITUI CENTRAL","15072035709202","YUMBISYE SECONDARY SCHOOL",253,210,9,33,0,"Malombe"
"KITUI CENTRAL","15072035709301","YUMBISYE PRIMARY SCHOOL",222,189,6,22,3,"Malombe"
"KITUI CENTRAL","15072035709401","KANGALU PRIMARY",358,289,9,54,2,"Malombe"
"KITUI CENTRAL","15072035709501","KYAMBITI PRIMARY SCHOOL",223,153,16,42,0,"Malombe"
"KITUI CENTRAL","15072035709502","KYAMBITI PRIMARY SCHOOL",233,169,16,44,3,"Malombe"
"KITUI CENTRAL","15072035709601","KAUMBA PRIMARY SCHOOL",373,272,34,64,1,"Malombe"
"KITUI CENTRAL","15072035709701","KAVISI PRIMARY SCHOOL",128,113,6,7,2,"Malombe"
"KITUI CENTRAL","15072035709801","KITUNDU PRIMARY SCHOOL",202,131,10,59,2,"Malombe"
"KITUI CENTRAL","15072035709901","MANOONI PRIMARY SCHOOL",95,72,2,20,1,"Malombe"
"KITUI CENTRAL","15072035710001","WII PRIMARY SCHOOL",224,197,7,20,0,"Malombe"
"KITUI CENTRAL","15072035710002","WII PRIMARY SCHOOL",219,194,9,15,0,"Malombe"
"KITUI CENTRAL","15072035710101","ACK KAVOKO PRIMARY SCHOOL",345,286,16,38,5,"Malombe"
"KITUI CENTRAL","15072035710201","KYANGUNGA PRIMARY SCHOOL",297,226,13,55,2,"Malombe"
"KITUI CENTRAL","15072035710202","KYANGUNGA PRIMARY SCHOOL",288,225,5,54,1,"Malombe"
"KITUI CENTRAL","15072035710301","MULANGO PRIMARY SCHOOL",276,198,15,32,1,"Malombe"
"KITUI CENTRAL","15072035710401","KATHUNGU PRIMARY SCHOOL",214,182,8,21,2,"Malombe"
"KITUI CENTRAL","15072035710501","KATULANI PRIMARY SCHOOL",205,169,9,24,2,"Malombe"
"KITUI CENTRAL","15072035710601","KIKUMINI PRIMARY SCHOOL",210,191,3,14,1,"Malombe"
"KITUI CENTRAL","15072035710701","NZUKINI PRIMARY SCHOOL",296,224,26,40,4,"Malombe"
"KITUI CENTRAL","15072035710801","KISEKINI PRIMARY",251,198,8,43,2,"Malombe"
"KITUI CENTRAL","15072035710901","KATHUNGI PRIMARY SCHOOL",236,206,6,22,1,"Malombe"
"KITUI CENTRAL","15072035710902","KATHUNGI PRIMARY SCHOOL",243,206,9,24,2,"Malombe"
"KITUI CENTRAL","15072035711001","KATULANI SOCIAL HALL",300,240,15,35,9,"Malombe"
"KITUI CENTRAL","15072035711101","KAMUTI PRIMARY SCHOOL",222,177,7,32,2,"Malombe"
"KITUI CENTRAL","15072035711201","NZUNGUNI PRIMARY SCHOOL",108,96,4,8,0,"Malombe"
"KITUI CENTRAL","15072035711301","KANYUMU PRIMARY SCHOOL",120,104,2,11,3,"Malombe"
"KITUI CENTRAL","15072035711401","KITHAMBA NGII PRIMARY SCHOOL",209,170,8,29,1,"Malombe"
"KITUI CENTRAL","15072035711501","KATHUKINI PRIMARY SCHOOL",398,332,6,52,6,"Malombe"
"KITUI CENTRAL","15072035711601","MAAMANI PRIMARY SCHOOL",108,62,5,38,2,"Malombe"
"KITUI CENTRAL","15072035711701","MAAINI PRIMARY SCHOOL",150,107,3,40,0,"Malombe"
"KITUI CENTRAL","15072035711801","MULANGO GIRLS SECONDARY SCHOOL",191,163,7,21,0,"Malombe"
"KITUI CENTRAL","15072035711901","KYANGULU NURSERY SCHOOL",68,56,3,8,0,"Malombe"
"KITUI CENTRAL","15072035712001","MUSYAU PRIMARY SCHOOL",165,106,13,43,1,"Malombe"
"KITUI CENTRAL","15072035712101","KILUKUYA PRIMARY SCHOOL",219,143,13,56,4,"Malombe"
"KITUI CENTRAL","15072035712201","SYILUMANI PRIMARY SCHOOL",84,74,0,7,0,"Malombe"
"KITUI CENTRAL","15072035712301","IVUKU PRIMARY SCHOOL",200,171,3,24,0,"Malombe"
"KITUI CENTRAL","15072035712401","KANGUNDO PRIMARY SCHOOL",78,48,2,28,0,"Malombe"
"KITUI CENTRAL","15072035715901","MWANIA PRIMARY",62,58,1,2,0,"Malombe"
"KITUI CENTRAL","15072035716301","KYANDUI PRIMARY SCHOOL",185,165,4,11,1,"Malombe"
"KITUI CENTRAL","15072035812501","MUTUNE GIRLS PRIMARY SCHOOL",181,139,27,14,1,"Malombe"
"KITUI CENTRAL","15072035812601","KILUNGU PRIMARY SCHOOL",251,182,26,42,1,"Malombe"
"KITUI CENTRAL","15072035812701","ST.PATRICKS SECONDARY SCHOOL-MUTUNE",239,173,40,26,0,"Malombe"
"KITUI CENTRAL","15072035812801","KAVUTINI PRIMARY SCHOOL",280,213,25,38,2,"Malombe"
"KITUI CENTRAL","15072035812901","WANZUA PRIMARY SCHOOL",264,141,11,112,0,"Malombe"
"KITUI CENTRAL","15072035813001","KITIMUI PRIMARY SCHOOL",219,167,7,41,2,"Malombe"
"KITUI CENTRAL","15072035813101","KWA MBOO PRIMARY SCHOOL",325,172,12,140,1,"Malombe"
"KITUI CENTRAL","15072035813201","NGUMBWA PRIMARY SCHOOL",184,155,3,25,0,"Malombe"
"KITUI CENTRAL","15072035813301","KWA-UKUNGU PRIMARY SCHOOL",380,290,21,62,4,"Malombe"
"KITUI CENTRAL","15072035813302","KWA-UKUNGU PRIMARY SCHOOL",365,290,19,55,1,"Malombe"
"KITUI CENTRAL","15072035813401","MULUNDI PRIMARY SCHOOL",422,368,25,24,4,"Malombe"
"KITUI CENTRAL","15072035813402","MULUNDI PRIMARY SCHOOL",423,372,21,24,3,"Malombe"
"KITUI CENTRAL","15072035813501","MAKUTANO MARKET",370,300,28,40,1,"Malombe"
"KITUI CENTRAL","15072035813601","MAKUTANO PRIMARY SCHOOL",307,248,35,21,3,"Malombe"
"KITUI CENTRAL","15072035813701","KALAWA PRIMARY SCHOOL",180,152,6,20,0,"Malombe"
"KITUI CENTRAL","15072035813801","KWA-NGINDU PRIMARY SCHOOL",339,271,30,31,3,"Malombe"
"KITUI CENTRAL","15072035813802","KWA-NGINDU PRIMARY SCHOOL",343,288,15,37,1,"Malombe"
"KITUI CENTRAL","15072035813803","KWA-NGINDU PRIMARY SCHOOL",349,290,25,31,1,"Malombe"
"KITUI CENTRAL","15072035813901","KWANZOU PRIMARY SCHOOL",130,109,6,14,1,"Malombe"
"KITUI CENTRAL","15072035814001","KYALILINI PRIMARY SCHOOL",289,188,8,87,4,"Malombe"
"KITUI CENTRAL","15072035814101","WALUKU PRIMARY SCHOOL",283,176,19,84,2,"Malombe"
"KITUI CENTRAL","15072035814201","MUSEVE PRIMARY SCHOOL",328,245,15,64,2,"Malombe"
"KITUI CENTRAL","15072035814202","MUSEVE PRIMARY SCHOOL",322,209,8,102,2,"Malombe"
"KITUI CENTRAL","15072035814301","NGWANI MARKET",227,187,17,19,2,"Malombe"
"KITUI CENTRAL","15072035814302","NGWANI MARKET",229,199,12,15,2,"Malombe"
"KITUI CENTRAL","15072035814401","KATIA PRIMARY SCHOOL.",228,194,4,29,1,"Malombe"
"KITUI CENTRAL","15072035814501","MUTULUKUNI SECONDARY SCHOOL",261,151,17,90,3,"Malombe"
"KITUI CENTRAL","15072035814601","KWA-NGINDU SECONDARY SCHOOL",102,76,14,8,0,"Malombe"
"KITUI CENTRAL","15072035814701","KABAA SECONDARY SCHOOL",377,334,2,34,1,"Malombe"
"KITUI CENTRAL","15072035814801","ST. THOMAS AQUINAS-KALAWA 
SECONDARY SCHOOL.",103,85,11,5,1,"Malombe"
"KITUI CENTRAL","15072035814901","KITUI PRIMARY SCHOOL",178,118,7,50,1,"Malombe"
"KITUI CENTRAL","15072035815001","IVAINI SECONDARY SCHOOL",215,119,9,85,1,"Malombe"
"KITUI CENTRAL","15072035815101","KASYALA PRIMARY SCHOOL",274,225,6,41,6,"Malombe"
"KITUI CENTRAL","15072035815201","KANG'AU PRIMARY SCHOOL",300,177,21,101,1,"Malombe"
"KITUI CENTRAL","15072035815301","ST. ANGELAS GIRLS SEC. SCH.",257,203,22,27,1,"Malombe"
"KITUI CENTRAL","15072035815401","KWA KAME",119,95,6,16,0,"Malombe"
"KITUI CENTRAL","15072035815801","NGUNGI PRIMARY",80,59,3,18,0,"Malombe"
"KITUI EAST","15073035900101","NGUNGI PRIMARY SCHOOL",386,236,9,136,0,"Malombe"
"KITUI EAST","15073035900201","THUA PRIMARY SCHOOL",216,181,3,29,0,"Malombe"
"KITUI EAST","15073035900301","KASUNGUNI PRIMARY SCHOOL",255,152,5,91,0,"Malombe"
"KITUI EAST","15073035900401","ZOMBE PRIMARY SCHOOL",319,213,27,74,1,"Malombe"
"KITUI EAST","15073035900402","ZOMBE PRIMARY SCHOOL",326,216,16,89,2,"Malombe"
"KITUI EAST","15073035900501","KAUMU PRIMARY SCHOOL",300,158,6,130,1,"Malombe"
"KITUI EAST","15073035900601","KATHANDE PRIMARY SCHOOL",205,135,17,50,0,"Malombe"
"KITUI EAST","15073035900701","KAVAANI PRIMARY SCHOOL",382,245,15,119,0,"Malombe"
"KITUI EAST","15073035900801","ITHANGATHI PRIMARY SCHOOL",244,195,5,43,0,"Malombe"
"KITUI EAST","15073035900901","MAKONGO PRIMARY SCHOOL",319,281,6,30,1,"Malombe"
"KITUI EAST","15073035901001","YAMANZA PRIMARY SCHOOL",87,71,0,16,0,"Malombe"
"KITUI EAST","15073035901101","IMBUVU PRIMARY SCHOOL",157,123,0,32,0,"Malombe"
"KITUI EAST","15073035901201","NGAAKA YAKWA PRIMARY SCHOOL",237,165,2,69,0,"Malombe"
"KITUI EAST","15073035901202","NGAAKA YAKWA PRIMARY SCHOOL",240,174,1,65,0,"Malombe"
"KITUI EAST","15073035901301","KATIKONI PRIMARY SCHOOL",219,113,8,97,0,"Malombe"
"KITUI EAST","15073035901401","MWITIKA PRIMARY SCHOOL",286,219,5,60,0,"Malombe"
"KITUI EAST","15073035901402","MWITIKA PRIMARY SCHOOL",271,210,10,44,2,"Malombe"
"KITUI EAST","15073035901501","KIKUU PRIMARY SCHOOL",425,317,6,91,7,"Malombe"
"KITUI EAST","15073035901601","KALINGA PRIMARY SCHOOL",256,149,5,98,4,"Malombe"
"KITUI EAST","15073035901701","KYULULU PRIMARY SCHOOL",317,213,21,82,1,"Malombe"
"KITUI EAST","15073035901801","NZILANI PRUIMARY SCHOOL",172,62,3,105,2,"Musila"
"KITUI EAST","15073035901901","MALATANI PRIMARY SCHOOL",249,141,33,75,0,"Malombe"
"KITUI EAST","15073035902001","NZOOKONI PRIMARY SCHOOL",61,49,2,8,1,"Malombe"
"KITUI EAST","15073035902101","KANDONGO PRIMARY SCHOOL",229,125,3,93,8,"Malombe"
"KITUI EAST","15073035902201","KABATI PRIMARY SCHOOL",230,116,7,107,0,"Malombe"
"KITUI EAST","15073035902301","NZUNGUI PRIMARY SCHOOL",107,76,1,30,0,"Malombe"
"KITUI EAST","15073035902401","MAVIA MAIYU PRIMARY SCHOOL",173,76,1,95,1,"Musila"
"KITUI EAST","15073035902501","KAWEA PRIMARY SCHOOL",417,231,10,171,1,"Malombe"
"KITUI EAST","15073035902601","NGAIKINI NUSERY SCHOOL",83,38,1,44,0,"Musila"
"KITUI EAST","15073035902701","ZOMBE CANTEEN",206,120,13,72,1,"Malombe"
"KITUI EAST","15073035902801","KISIUNI PRIMARY  SCHOOL",60,35,0,24,1,"Malombe"
"KITUI EAST","15073035902901","NGUUNI PRIMARY SCHOOL",128,83,0,44,1,"Malombe"
"KITUI EAST","15073035903001","KYANGENI PRIMARY SCHOOL",147,111,1,33,2,"Malombe"
"KITUI EAST","15073035903101","NGUUNI NURSERY SCHOOL",79,55,4,15,0,"Malombe"
"KITUI EAST","15073035915701","NGELANI PRIMARY SCHOOL",58,16,0,41,0,"Musila"
"KITUI EAST","15073035915801","MASUNGU PRIMARY SCHOOL",59,31,2,25,1,"Malombe"
"KITUI EAST","15073035915901","KALULI NURSERY",164,108,3,52,1,"Malombe"
"KITUI EAST","15073035916001","WANAMBA PRIMARY SCHOOL",115,78,3,32,0,"Malombe"
"KITUI EAST","15073035916101","KONGOEA PRIMARY SCHOOL",145,128,2,13,1,"Malombe"
"KITUI EAST","15073035916201","MANGOLA PRIMARY SCHOOL",78,44,2,31,1,"Malombe"
"KITUI EAST","15073035916301","KANGULI PRIMARY SCHOOL",79,61,1,17,0,"Malombe"
"KITUI EAST","15073035916401","KILIMBONI PRIMARY SCHOOL",105,87,3,13,2,"Malombe"
"KITUI EAST","15073036003201","CHULUNI GIRLS' SECONDARY  SCHOOL",305,187,55,57,2,"Malombe"
"KITUI EAST","15073036003301","MOI PRIMARY SCHOOL",383,307,23,50,1,"Malombe"
"KITUI EAST","15073036003302","MOI PRIMARY SCHOOL",402,327,31,41,1,"Malombe"
"KITUI EAST","15073036003401","KAVALULA PRIMARY SCHOOL",304,209,62,30,2,"Malombe"
"KITUI EAST","15073036003402","KAVALULA PRIMARY SCHOOL",312,201,71,37,1,"Malombe"
"KITUI EAST","15073036003501","KILONZO PRIMARY SCHOOL",271,186,37,42,4,"Malombe"
"KITUI EAST","15073036003502","KILONZO PRIMARY SCHOOL",275,179,47,42,5,"Malombe"
"KITUI EAST","15073036003601","KIINI PRIMARY SCHOOL",305,232,22,46,4,"Malombe"
"KITUI EAST","15073036003602","KIINI PRIMARY SCHOOL",295,199,13,78,4,"Malombe"
"KITUI EAST","15073036003701","IKUYUNI PRIMARY SCHOOL",341,283,10,47,0,"Malombe"
"KITUI EAST","15073036003801","KANGWENI PRIMARY SCHOOL",242,187,9,43,1,"Malombe"
"KITUI EAST","15073036003802","KANGWENI PRIMARY SCHOOL",262,199,7,54,0,"Malombe"
"KITUI EAST","15073036003901","NGENGI PRIMARY SCHOOL",321,171,80,44,2,"Malombe"
"KITUI EAST","15073036004001","SYOMBUKU PRIMARY SCHOOL",327,266,18,38,2,"Malombe"
"KITUI EAST","15073036004002","SYOMBUKU PRIMARY SCHOOL",333,285,12,32,2,"Malombe"
"KITUI EAST","15073036004101","MATHULINI PRIMARY SCHOOL",367,298,48,20,1,"Malombe"
"KITUI EAST","15073036004201","KAVINGO PRIMARY SCHOOL",262,189,18,45,2,"Malombe"
"KITUI EAST","15073036004301","KYUNDUANI PRIMARY SCHOOL",341,260,10,60,3,"Malombe"
"KITUI EAST","15073036004401","KAMUUNGU PRIMARY SCHOOL",188,122,11,51,4,"Malombe"
"KITUI EAST","15073036004501","NZAMBANI PRIMARY SCHOOL",107,56,18,31,2,"Malombe"
"KITUI EAST","15073036004601","SEED OF HOPE POLYTECHNIC",82,63,4,13,2,"Malombe"
"KITUI EAST","15073036004701","KUNGULUNI PRIMARY SCHOOL",171,131,17,22,0,"Malombe"
"KITUI EAST","15073036004801","KISAYANI PRIMARY  SCHOOL",103,80,7,14,1,"Malombe"
"KITUI EAST","15073036004901","KWA KINYAI CENTRE",242,158,36,46,2,"Malombe"
"KITUI EAST","15073036004902","KWA KINYAI CENTRE",251,151,38,59,3,"Malombe"
"KITUI EAST","15073036005001","KATEKE PRIMARY SCHOOL",196,128,9,58,1,"Malombe"
"KITUI EAST","15073036016501","KITUI SDA",64,51,1,12,0,"Malombe"
"KITUI EAST","15073036016601","KILUILU MOBILE POLLING STATION",189,160,5,24,0,"Malombe"
"KITUI EAST","15073036105101","ITHUMULA PRIMARY SCHOOL",313,229,23,56,2,"Malombe"
"KITUI EAST","15073036105102","ITHUMULA PRIMARY SCHOOL",345,259,21,58,4,"Malombe"
"KITUI EAST","15073036105103","ITHUMULA PRIMARY SCHOOL",312,229,30,45,4,"Malombe"
"KITUI EAST","15073036105201","KAMALE PRIMARY SCHOOL",360,266,10,81,3,"Malombe"
"KITUI EAST","15073036105202","KAMALE PRIMARY SCHOOL",383,278,11,85,6,"Malombe"
"KITUI EAST","15073036105301","KANZAUWU PRIMARY SCHOOL",326,239,6,76,0,"Malombe"
"KITUI EAST","15073036105401","NZANGATHI PRIMARY SCHOOL",276,202,4,64,3,"Malombe"
"KITUI EAST","15073036105402","NZANGATHI PRIMARY SCHOOL",240,159,12,67,1,"Malombe"
"KITUI EAST","15073036105501","KANDUTI PRIMARY SCHOOL",266,228,7,28,0,"Malombe"
"KITUI EAST","15073036105601","KATUMBU PRIMARY SCHOOL",234,144,8,81,0,"Malombe"
"KITUI EAST","15073036105701","INYUU PRIMARY SCHOOL",319,199,65,51,2,"Malombe"
"KITUI EAST","15073036105702","INYUU PRIMARY SCHOOL",325,177,67,80,1,"Malombe"
"KITUI EAST","15073036105801","KIONGWE PRIMARY SCHOOL",343,225,37,70,3,"Malombe"
"KITUI EAST","15073036105901","KITHO PRIMARY SCHOOL",219,104,4,108,2,"Musila"
"KITUI EAST","15073036106001","KANGUU PRIMARY SCHOOL",297,259,9,25,4,"Malombe"
"KITUI EAST","15073036106002","KANGUU PRIMARY SCHOOL",285,232,4,40,5,"Malombe"
"KITUI EAST","15073036106101","KINZENI PRIMARY SCHOOL",110,70,1,37,1,"Malombe"
"KITUI EAST","15073036106201","KIVUMBUNI PRIMARY SCHOOL",351,284,12,51,0,"Malombe"
"KITUI EAST","15073036106301","KWA MUTEI PRIMARY SCHOOL",267,197,21,47,2,"Malombe"
"KITUI EAST","15073036106401","KWA WEWA PRIMARY SCHOOL",253,205,9,37,1,"Malombe"
"KITUI EAST","15073036106501","KALULU PRIMARY SCHOOL",246,215,0,24,1,"Malombe"
"KITUI EAST","15073036106601","UTWIINI PRIMARY SCHOOL",394,292,20,76,6,"Malombe"
"KITUI EAST","15073036106701","KAMAEMBE PRIMARY SCHOOL",178,136,1,35,6,"Malombe"
"KITUI EAST","15073036106801","NDUNGA PRIMARY SCHOOL",135,117,3,14,0,"Malombe"
"KITUI EAST","15073036106901","KIVUTINI PRIMARY  SCHOOL",225,180,5,38,2,"Malombe"
"KITUI EAST","15073036107001","MBANGULO PRIMARY SCHOOL",170,78,3,89,0,"Musila"
"KITUI EAST","15073036107101","MUMBUNI CENTRE",264,197,10,53,1,"Malombe"
"KITUI EAST","15073036107201","KATHUNGU CENTRE",139,101,4,30,2,"Malombe"
"KITUI EAST","15073036107301","KIIMANI PRIMARY SCHOOL",120,95,0,25,0,"Malombe"
"KITUI EAST","15073036107401","HON KIEMA KILONZO PRIMARY SCHOOL",119,65,8,46,0,"Malombe"
"KITUI EAST","15073036107501","NGOMANGO PRIMARY SCHOOL",149,87,4,54,4,"Malombe"
"KITUI EAST","15073036116701","KANZOOKO PRIMARY SCHOOL",99,82,5,8,4,"Malombe"
"KITUI EAST","15073036207601","KALULI PRIMARY SCHOOL",1,1,0,0,0,"Malombe"
"KITUI EAST","15073036207701","KYUKUNI PRIMARY SCHOOL",378,328,6,41,1,"Malombe"
"KITUI EAST","15073036207801","KYAMATU PRIMARY SCHOOL",244,185,5,53,1,"Malombe"
"KITUI EAST","15073036207802","KYAMATU PRIMARY SCHOOL",234,183,7,42,1,"Malombe"
"KITUI EAST","15073036207901","KYAANGO PRIMARY SCHOOL",268,248,2,16,1,"Malombe"
"KITUI EAST","15073036207902","KYAANGO PRIMARY SCHOOL",283,254,6,22,0,"Malombe"
"KITUI EAST","15073036208001","KITHANAKE PRIMARY SCHOOL",217,171,7,35,4,"Malombe"
"KITUI EAST","15073036208101","KIANGINI PRIMARY SCHOOL",157,148,2,7,0,"Malombe"
"KITUI EAST","15073036208201","VOO PRIMARY SCHOOL",304,216,10,73,2,"Malombe"
"KITUI EAST","15073036208301","KALUASI PRIMARY SCHOOL",1,243,14,23,1,"Malombe"
"KITUI EAST","15073036208401","KINAKONI PRIMARY SCHOOL",399,340,7,48,2,"Malombe"
"KITUI EAST","15073036208501","IMALE PRIMARY SCHOOL",298,261,6,27,1,"Malombe"
"KITUI EAST","15073036208601","NTHUNGUNI PRIMARY SCHOOL",213,154,6,49,2,"Malombe"
"KITUI EAST","15073036208701","NDULUNI PRIMARY SCHOOL",364,198,5,149,1,"Malombe"
"KITUI EAST","15073036208801","KASANGU PRIMARY SCHOOL",186,139,3,44,0,"Malombe"
"KITUI EAST","15073036208901","MUTHUNGUE PRIMARY SCHOOL",378,266,13,94,0,"Malombe"
"KITUI EAST","15073036209001","NDITIME PRIMARY SCHOOL",299,200,8,89,1,"Malombe"
"KITUI EAST","15073036209101","MASIKALINI PRIMARY SCHOOL",256,144,4,106,0,"Malombe"
"KITUI EAST","15073036209201","INYOKOONI PRIMARY SCHOOL",150,122,1,26,1,"Malombe"
"KITUI EAST","15073036209301","KALALANI PRIMARY SCHOOL",147,110,3,33,1,"Malombe"
"KITUI EAST","15073036209401","NDULIKYE PRIMARY SCHOOL",148,102,6,39,1,"Malombe"
"KITUI EAST","15073036209501","IKYAATINE PRIMARY SCHOOL",167,120,7,33,1,"Malombe"
"KITUI EAST","15073036209601","KAMWIU PRIMARY SCHOOL",163,128,2,33,0,"Malombe"
"KITUI EAST","15073036209701","KATAKA PRIMARY SCHOOL",128,94,2,31,0,"Malombe"
"KITUI EAST","15073036209801","MUNYUNI PRIMARY SCHOOL",248,181,4,57,4,"Malombe"
"KITUI EAST","15073036209901","NDALANI PRIMARY SCHOOL",46,39,0,7,0,"Malombe"
"KITUI EAST","15073036210001","KATOLONGWE PRIMARY SCHOOL",86,63,1,21,1,"Malombe"
"KITUI EAST","15073036210101","WAANI NURSERY SCHOOL",145,96,2,46,1,"Malombe"
"KITUI EAST","15073036210201","MATUNDU PRIMARY SCHOOL",217,177,3,35,2,"Malombe"
"KITUI EAST","15073036210301","MULOLONGO NURSERY SCHOOL",83,48,3,32,0,"Malombe"
"KITUI EAST","15073036210401","MALATANI  PRIMARY SCHOOL",53,37,3,13,0,"Malombe"
"KITUI EAST","15073036210501","KWA MWENGA PRIMARY SCHOOL",59,47,1,11,0,"Malombe"
"KITUI EAST","15073036210601","NDULANI PRIMARY SCHOOL",151,105,1,44,1,"Malombe"
"KITUI EAST","15073036216901","IMUUMBA PRIMARY SCHOOL",175,155,2,18,0,"Malombe"
"KITUI EAST","15073036217001","MWAMBANI PRIMARY SCHOOL",101,86,2,13,0,"Malombe"
"KITUI EAST","15073036310701","TWAMBUI PRIMARY SCHOOL",275,114,9,149,3,"Musila"
"KITUI EAST","15073036310801","KOI PRIMARY SCHOOL",210,153,52,2,3,"Malombe"
"KITUI EAST","15073036310901","MALALANI PRIMARY SCHOOL",365,248,2,111,3,"Malombe"
"KITUI EAST","15073036311001","MAKUKA PRIMARY SCHOOL",429,282,8,133,2,"Malombe"
"KITUI EAST","15073036311101","IKISAYA PRIMARY SCHOOL",351,246,4,98,0,"Malombe"
"KITUI EAST","15073036311201","NDOVOINI PRIMARY SCHOOL",112,80,2,29,0,"Malombe"
"KITUI EAST","15073036311301","KATUMBI PRIMARY SCHOOL",240,83,3,154,0,"Musila"
"KITUI EAST","15073036311401","ENDAU PRIMARY SCHOOL",311,165,11,132,1,"Malombe"
"KITUI EAST","15073036311402","ENDAU PRIMARY SCHOOL",311,163,13,132,2,"Malombe"
"KITUI EAST","15073036311501","KINANIE PRIMARY SCHOOL",246,120,3,122,0,"Musila"
"KITUI EAST","15073036311601","KALUNGU PRIMARY SCHOOL",173,76,3,92,1,"Musila"
"KITUI EAST","15073036311701","KATHUA PRIMARY SCHOOL",302,116,4,182,0,"Musila"
"KITUI EAST","15073036311801","YIUKU PRIMARY SCHOOL",267,203,5,57,2,"Malombe"
"KITUI EAST","15073036311901","KAUNANGE PRIMARY SCHOOL",291,118,5,168,0,"Musila"
"KITUI EAST","15073036312001","ILILUNI PRIMARY SCHOOL",196,136,2,55,2,"Malombe"
"KITUI EAST","15073036312101","NDOONI PRIMARY SCHOOL",133,109,1,22,1,"Malombe"
"KITUI EAST","15073036312201","MALUINI PRIMARY SCHOOL",56,16,0,40,0,"Musila"
"KITUI EAST","15073036312301","MITAANI PRIMARY SCHOOL",203,85,6,107,3,"Musila"
"KITUI EAST","15073036312401","MAKUTANO PRIMARY SCHOOL",170,144,1,25,0,"Malombe"
"KITUI EAST","15073036312501","KAMUSA PRIMARY SCHOOL",230,144,1,83,2,"Malombe"
"KITUI EAST","15073036312601","MAKAYAUNI PRIMARY SCHOOL",179,118,3,56,2,"Malombe"
"KITUI EAST","15073036312701","KATOONI NURSERY SCHOOL",67,36,1,30,0,"Malombe"
"KITUI EAST","15073036312801","NZOUNI NURSERY SCHOOL",86,51,1,30,0,"Malombe"
"KITUI EAST","15073036312901","MUYUNI NURSERY SCHOOL",105,18,0,84,0,"Musila"
"KITUI EAST","15073036317101","KALWA NURSERY",99,77,2,19,1,"Malombe"
"KITUI EAST","15073036413001","ITIKO PRIMARY SCHOOL",405,78,8,313,1,"Musila"
"KITUI EAST","15073036413101","KIVAKI PRIMARY SCHOOL",163,53,3,103,2,"Musila"
"KITUI EAST","15073036413201","MUKUNGO PRIMARY SCHOOL",57,7,0,50,0,"Musila"
"KITUI EAST","15073036413301","MUTITO PRIMARY SCHOOL",271,85,14,172,15,"Musila"
"KITUI EAST","15073036413302","MUTITO PRIMARY SCHOOL",254,75,8,166,1,"Musila"
"KITUI EAST","15073036413303","MUTITO PRIMARY SCHOOL",273,82,16,269,2,"Musila"
"KITUI EAST","15073036413401","SYOMBANDU PRIMARY SCHOOL",213,68,12,131,1,"Musila"
"KITUI EAST","15073036413501","KILANGA PRIMARY SCHOOL",178,66,4,107,0,"Musila"
"KITUI EAST","15073036413601","YOONYE PRIMARY SCHOOL",345,41,11,290,1,"Musila"
"KITUI EAST","15073036413701","MUSUKINI PRIMARY SCHOOL",322,56,12,251,1,"Musila"
"KITUI EAST","15073036413801","UW'U PRIMARY SCHOOL",327,81,7,237,2,"Musila"
"KITUI EAST","15073036413901","KWA-TUNDU PRIMARY SCHOOL",143,40,4,98,1,"Musila"
"KITUI EAST","15073036414001","KITAKANI PRIMARY SCHOOL",140,52,13,74,0,"Musila"
"KITUI EAST","15073036414101","MASASINI PRIMARY SCHOOL",179,46,5,126,2,"Musila"
"KITUI EAST","15073036414201","MANYOENI PRIMARY SCHOOL",356,126,9,216,0,"Musila"
"KITUI EAST","15073036414301","KAAYO PRIMARY SCHOOL",206,104,5,94,1,"Malombe"
"KITUI EAST","15073036414401","KAKAME PRIMARY SCHOOL",157,54,3,98,1,"Musila"
"KITUI EAST","15073036414501","ITANGANI PRIMARY SCHOOL",207,93,6,107,0,"Musila"
"KITUI EAST","15073036414601","KAWALA PRIMARY SCHOOL",395,242,4,138,1,"Malombe"
"KITUI EAST","15073036414701","IMUATINE PRIMARY SCHOOL",199,128,5,63,2,"Malombe"
"KITUI EAST","15073036414801","KILIKU PRIMARY SCHOOL",271,83,17,167,1,"Musila"
"KITUI EAST","15073036414802","KILIKU PRIMARY SCHOOL",265,64,4,198,2,"Musila"
"KITUI EAST","15073036414901","KITIVO PRIMARY SCHOOL",119,39,3,76,1,"Musila"
"KITUI EAST","15073036415001","MATIA PRIMARY SCHOOL",220,74,19,124,2,"Musila"
"KITUI EAST","15073036415101","YULAMBU PRIMARY SCHOOL",213,49,5,157,2,"Musila"
"KITUI EAST","15073036415201","KAVUTEI PRIMARY SCHOOL",127,41,6,77,1,"Musila"
"KITUI EAST","15073036415301","NDUUNI PRIMARY SCHOOL",74,24,0,50,0,"Musila"
"KITUI EAST","15073036415401","KYAIMU PRIMARY SCHOOL",94,47,0,47,0,"Malombe"
"KITUI EAST","15073036415501","MUTITO YOUTH POLYTECHNIC",171,72,5,93,0,"Musila"
"KITUI EAST","15073036415601","KWA MAILU PRIMARY SCHOOL",84,14,1,67,1,"Musila"
"KITUI EAST","15073036417201","KAMUNYU PRIMARY SCHOOL",111,37,1,73,0,"Musila"
"KITUI SOUTH","15074036500101","KONGO PRIMARY SCHOOL",177,143,2,27,3,"Malombe"
"KITUI SOUTH","15074036500201","NDATANI PRIMARY SCHOOL",301,251,2,47,0,"Malombe"
"KITUI SOUTH","15074036500301","MAKUUNI NURSERY SCHOOL",59,51,1,6,1,"Malombe"
"KITUI SOUTH","15074036500401","KASOYANI PRIMARY SCHOOL",114,96,0,17,0,"Malombe"
"KITUI SOUTH","15074036500501","MUTYAWA PRIMARY SCHOOL",159,125,4,28,2,"Malombe"
"KITUI SOUTH","15074036500601","VOTE PRIMARY SCHOOL",249,207,6,33,3,"Malombe"
"KITUI SOUTH","15074036500701","MUNATHI PRIMARY SCHOOL",74,60,1,12,0,"Malombe"
"KITUI SOUTH","15074036500801","MALANA NURSERY SCHOOL",37,28,3,5,0,"Malombe"
"KITUI SOUTH","15074036500901","MATUA PRIMARY SCHOOL",171,111,3,56,1,"Malombe"
"KITUI SOUTH","15074036501001","MAWENI PRIMARY SCHOOL",60,34,1,24,1,"Malombe"
"KITUI SOUTH","15074036501101","NDITHINI PRIMARY SCHOOL",69,46,2,21,0,"Malombe"
"KITUI SOUTH","15074036501201","KWA SONG'E PRIMARY SCHOOL",278,238,5,32,2,"Malombe"
"KITUI SOUTH","15074036501301","NZALANI PRIMARY SCHOOL",261,168,6,86,0,"Malombe"
"KITUI SOUTH","15074036501401","ST. PETERS PRIMARY SCHOOL",211,155,3,52,0,"Malombe"
"KITUI SOUTH","15074036501501","NDUUNDUNE PRIMARY SCHOOL",236,160,4,70,1,"Malombe"
"KITUI SOUTH","15074036501601","WINGOLOLI PRIMARY SCHOOL",408,293,8,98,1,"Malombe"
"KITUI SOUTH","15074036501701","KYAWANGU PRIMARY SCHOOL",80,60,3,14,1,"Malombe"
"KITUI SOUTH","15074036501801","MWIKIIO NURSERY SCHOOL",90,65,2,19,2,"Malombe"
"KITUI SOUTH","15074036501901","KATHUMULA NURSERY SCHOOL",97,69,2,24,1,"Malombe"
"KITUI SOUTH","15074036502001","CHULUNI PRIMARY SCHOOL",72,64,2,6,0,"Malombe"
"KITUI SOUTH","15074036502101","WINDUNDU PRIMARY SCHOOL",182,154,2,24,2,"Malombe"
"KITUI SOUTH","15074036502201","IKANGA PRIMARY SCHOOL",236,188,5,41,1,"Malombe"
"KITUI SOUTH","15074036502202","IKANGA PRIMARY SCHOOL",234,180,4,47,1,"Malombe"
"KITUI SOUTH","15074036502301","ILAANI PRIMARY SCHOOL",144,101,4,36,2,"Malombe"
"KITUI SOUTH","15074036502401","SEMEA PRIMARY SCHOOL",362,297,6,48,6,"Malombe"
"KITUI SOUTH","15074036502501","TUTU PRIMARY SCHOOL",253,166,7,77,3,"Malombe"
"KITUI SOUTH","15074036502601","IKANGA TAC HALL",218,173,12,31,2,"Malombe"
"KITUI SOUTH","15074036502602","IKANGA TAC HALL",164,113,6,43,0,"Malombe"
"KITUI SOUTH","15074036502701","ILUSYA PRIMARY SCHOOL",257,189,7,57,1,"Malombe"
"KITUI SOUTH","15074036502801","KAVUTHUKA NURSERY SCHOOL",87,57,2,26,2,"Malombe"
"KITUI SOUTH","15074036502901","MAKELE PRIMARY SCHOOL",331,283,14,29,2,"Malombe"
"KITUI SOUTH","15074036503001","NGANGANI PRIMARY SCHOOL",59,52,1,6,0,"Malombe"
"KITUI SOUTH","15074036503101","TUVILA PRIMARY SCHOOL",152,125,5,21,0,"Malombe"
"KITUI SOUTH","15074036503201","KIKWA PRIMARY SCHOOL",120,90,6,21,2,"Malombe"
"KITUI SOUTH","15074036503301","KIANGWA PRIMARY SCHOOL",266,160,7,95,3,"Malombe"
"KITUI SOUTH","15074036503401","MANZEE NURSERY SCHOOL",94,67,3,22,1,"Malombe"
"KITUI SOUTH","15074036503501","VENGELENI PRIMARY SCHOOL",246,181,13,47,2,"Malombe"
"KITUI SOUTH","15074036503601","MESILYA PRIMARY SCHOOL",202,162,6,32,2,"Malombe"
"KITUI SOUTH","15074036503701","ENZOU PRIMARY SCHOOL",335,280,3,47,3,"Malombe"
"KITUI SOUTH","15074036503801","YAATHI PRIMARY SCHOOL",259,197,4,55,1,"Malombe"
"KITUI SOUTH","15074036503901","NGUNGA PRIMARY SCHOOL",69,55,1,12,1,"Malombe"
"KITUI SOUTH","15074036504001","KYAMUTHWA PRIMARY SCHOOL",333,251,5,66,8,"Malombe"
"KITUI SOUTH","15074036504101","MUSIKIO PRIMARY SCHOOL",124,101,5,13,3,"Malombe"
"KITUI SOUTH","15074036504201","KALILUNI PRIMARY SCHOOL",73,64,0,7,1,"Malombe"
"KITUI SOUTH","15074036504301","KYATUNE TAC HALL",408,304,10,91,1,"Malombe"
"KITUI SOUTH","15074036504401","KYATUNE PRIMARY SCHOOL",291,227,10,50,2,"Malombe"
"KITUI SOUTH","15074036504501","KATHITHU PRIMARY SCHOOL",251,224,4,20,1,"Malombe"
"KITUI SOUTH","15074036504601","KANGULI PRIMARY SCHOOL",325,211,6,106,2,"Malombe"
"KITUI SOUTH","15074036504701","NGUNINI PRIMARY SCHOOL",95,76,3,16,0,"Malombe"
"KITUI SOUTH","15074036504801","WINDIU PRIMARY SCHOOL",147,118,1,25,2,"Malombe"
"KITUI SOUTH","15074036504901","EMALE NURSERY SCHOOL",77,62,1,12,2,"Malombe"
"KITUI SOUTH","15074036605001","MUTOMO SOCIAL HALL",267,213,16,37,0,"Malombe"
"KITUI SOUTH","15074036605002","MUTOMO SOCIAL HALL",249,180,12,50,3,"Malombe"
"KITUI SOUTH","15074036605003","MUTOMO SOCIAL HALL",265,203,13,45,3,"Malombe"
"KITUI SOUTH","15074036605101","KAVYUVAA PRIMARY SCHOOL",118,80,1,37,0,"Malombe"
"KITUI SOUTH","15074036605201","MALILI PRIMARY SCHOOL",201,101,5,89,6,"Malombe"
"KITUI SOUTH","15074036605301","UAE PRIMARY SCHOOL",283,188,3,90,0,"Malombe"
"KITUI SOUTH","15074036605401","SYOMITHUMO PRIMARY SCHOOL",153,53,4,96,0,"Musila"
"KITUI SOUTH","15074036605501","KISAYANI PRIMARY SCHOOL",234,212,2,20,0,"Malombe"
"KITUI SOUTH","15074036605601","KITOO PRIMARY SCHOOL",292,196,21,72,2,"Malombe"
"KITUI SOUTH","15074036605602","KITOO PRIMARY SCHOOL",323,212,28,81,0,"Malombe"
"KITUI SOUTH","15074036605701","KIANGE PRIMARY SCHOOL",337,178,20,133,5,"Malombe"
"KITUI SOUTH","15074036605801","MUTI PRIMARY SCHOOL",143,72,6,64,0,"Malombe"
"KITUI SOUTH","15074036605901","KENZE PRIMARY SCHOOL",246,218,3,22,3,"Malombe"
"KITUI SOUTH","15074036605902","KENZE PRIMARY SCHOOL",257,225,6,24,1,"Malombe"
"KITUI SOUTH","15074036606001","KIVIU PRIMARY SCHOOL",238,147,8,79,3,"Malombe"
"KITUI SOUTH","15074036606101","KASUNDU PRIMARY SCHOOL",89,50,1,38,0,"Malombe"
"KITUI SOUTH","15074036606201","NZOUNI PRIMARY SCHOOL",109,70,1,35,1,"Malombe"
"KITUI SOUTH","15074036606301","MUAMBA PRIMARY SCHOOL",272,181,5,85,1,"Malombe"
"KITUI SOUTH","15074036606401","KIBWEA PRIMARY SCHOOL",243,138,9,73,2,"Malombe"
"KITUI SOUTH","15074036606501","KAANGIMA PRIMARY SCHOOL",152,115,2,33,2,"Malombe"
"KITUI SOUTH","15074036606601","IMWANGE PRIMARY SCHOOL",136,120,2,12,1,"Malombe"
"KITUI SOUTH","15074036606701","KAANGWA PRIMARY SCHOOL",158,138,3,16,1,"Malombe"
"KITUI SOUTH","15074036606801","MENZAI PRIMARY SCHOOL",67,55,2,5,0,"Malombe"
"KITUI SOUTH","15074036606901","WINGETHI PRIMARY SCHOOL",68,37,2,27,0,"Malombe"
"KITUI SOUTH","15074036607001","THOME PRIMARY SCHOOL",60,42,2,16,0,"Malombe"
"KITUI SOUTH","15074036607101","KANDAE PRIMARY SCHOOL",204,133,7,64,0,"Malombe"
"KITUI SOUTH","15074036607201","SYUNGUNI PRIMARY SCHOOL",242,148,2,88,2,"Malombe"
"KITUI SOUTH","15074036607301","NDIINI PRIMARY SCHOOL",209,128,3,77,1,"Malombe"
"KITUI SOUTH","15074036607401","MUVUKO PRIMARY SCHOOL",222,124,7,89,2,"Malombe"
"KITUI SOUTH","15074036607501","MUTOMO PRIMARY SCHOOL",146,113,5,26,2,"Malombe"
"KITUI SOUTH","15074036607601","KASYELIA PRIMARY SCHOOL",159,119,4,33,3,"Malombe"
"KITUI SOUTH","15074036607701","MWALA PRIMARY SCHOOL",318,277,6,31,4,"Malombe"
"KITUI SOUTH","15074036607801","KILISA PRIMARY SCHOOL",125,65,4,55,1,"Malombe"
"KITUI SOUTH","15074036607901","MAKONGONI PRIMARY SCHOOL",102,50,2,50,0,"Malombe"
"KITUI SOUTH","15074036608001","MUTOMO YOUTH POLYTECHNIC",81,63,3,13,0,"Malombe"
"KITUI SOUTH","15074036608101","MUTOMO DISTRICT HOSPITAL",206,160,12,33,1,"Malombe"
"KITUI SOUTH","15074036608201","MUTOMO GENERAL MARKET",189,153,9,25,0,"Malombe"
"KITUI SOUTH","15074036608202","MUTOMO GENERAL MARKET",195,147,7,37,2,"Malombe"
"KITUI SOUTH","15074036608301","KITHAE PRIMARY SCHOOL",118,93,0,25,0,"Malombe"
"KITUI SOUTH","15074036622701","MWENGEA SOCIAL HALL",385,119,40,224,0,"Musila"
"KITUI SOUTH","15074036708401","MAKOSI PRIMARY SCHOOL",197,117,7,69,3,"Malombe"
"KITUI SOUTH","15074036708501","KATHINGU PRIMARY SCHOOL",132,114,2,16,0,"Malombe"
"KITUI SOUTH","15074036708601","KIVYUNI PRIMARY SCHOOL",232,169,2,56,3,"Malombe"
"KITUI SOUTH","15074036708701","TUVILA NURSERY SCHOOL",67,51,1,15,0,"Malombe"
"KITUI SOUTH","15074036708801","KYAMAKO PRIMARY SCHOOL",122,58,4,59,1,"Musila"
"KITUI SOUTH","15074036708901","KAANGUNGI PRIMARY SCHOOL",210,162,4,36,5,"Malombe"
"KITUI SOUTH","15074036709001","KENGO PRIMARY SCHOOL",271,220,5,44,1,"Malombe"
"KITUI SOUTH","15074036709101","KIATI DISPENSARY",54,35,2,14,2,"Malombe"
"KITUI SOUTH","15074036709201","KIMUU PRIMARY SCHOOL",157,116,6,32,2,"Malombe"
"KITUI SOUTH","15074036709301","KIATI PRIMARY SCHOOL",157,89,1,66,1,"Malombe"
"KITUI SOUTH","15074036709401","MWAANI NURSERY SCHOOL",80,24,3,51,1,"Musila"
"KITUI SOUTH","15074036709501","ITUMBA PRIMARY SCHOOL",24,12,0,11,1,"Malombe"
"KITUI SOUTH","15074036709601","NGUSWINI PRIMARY SCHOOL",159,105,6,47,0,"Malombe"
"KITUI SOUTH","15074036709701","ST. JOSEPHS KAINDU PRIMARY SCHOOL",103,95,2,5,0,"Malombe"
"KITUI SOUTH","15074036709801","MAKUTANO NURSERY SCHOOL",70,56,1,11,0,"Malombe"
"KITUI SOUTH","15074036709901","KIIMANI PRIMARY SCHOOL",115,94,3,15,2,"Malombe"
"KITUI SOUTH","15074036710001","KILONGONI PRIMARY SCHOOL",126,105,2,11,6,"Malombe"
"KITUI SOUTH","15074036710101","NYAYO NURSERY SCHOOL",152,137,1,14,0,"Malombe"
"KITUI SOUTH","15074036710201","KIVILI PRIMARY SCHOOL",120,93,1,26,0,"Malombe"
"KITUI SOUTH","15074036710301","KOI PRIMARY SCHOOL",210,161,2,46,1,"Malombe"
"KITUI SOUTH","15074036710401","KAATENE PRIMARY SCHOOL",340,270,3,64,0,"Malombe"
"KITUI SOUTH","15074036710501","KYANGOTO PRIMARY SCHOOL",171,89,2,79,1,"Malombe"
"KITUI SOUTH","15074036710601","KALAMBANI PRIMARY SCHOOL",295,251,6,33,1,"Malombe"
"KITUI SOUTH","15074036710701","IKANDANI PRIMARY SCHOOL",83,40,1,41,1,"Musila"
"KITUI SOUTH","15074036710901","MUSENGE PRIMARY SCHOOL",135,68,2,65,0,"Malombe"
"KITUI SOUTH","15074036711001","INGO PRIMARY SCHOOL",100,41,0,57,1,"Musila"
"KITUI SOUTH","15074036711101","MAKEKEE PRIMARY SCHOOL",107,61,1,43,1,"Malombe"
"KITUI SOUTH","15074036711201","NGAANI PRIMARY SCHOOL",263,106,3,148,2,"Musila"
"KITUI SOUTH","15074036711301","MUTHA PRIMARY SCHOOL",211,170,0,37,2,"Malombe"
"KITUI SOUTH","15074036711302","MUTHA PRIMARY SCHOOL",211,144,4,38,1,"Malombe"
"KITUI SOUTH","15074036711401","KAVETE PRIMARY SCHOOL",96,61,1,34,0,"Malombe"
"KITUI SOUTH","15074036711501","ISAA PRIMARY SCHOOL",382,297,1,69,3,"Malombe"
"KITUI SOUTH","15074036711601","ILAMBA PRIMARY SCHOOL",197,155,1,41,0,"Malombe"
"KITUI SOUTH","15074036711701","KYUASINI PRIMARY SCHOOL",361,293,5,62,1,"Malombe"
"KITUI SOUTH","15074036711801","SYAMATANI PRIMARY SCHOOL",261,200,3,56,2,"Malombe"
"KITUI SOUTH","15074036711901","KIVANDENI PRIMARY SCHOOL",120,103,4,13,0,"Malombe"
"KITUI SOUTH","15074036712001","NZOANI PRIMARY SCHOOL",178,146,9,22,1,"Malombe"
"KITUI SOUTH","15074036712101","KANZALE MARKET",132,101,2,28,0,"Malombe"
"KITUI SOUTH","15074036712201","MITAANI PRIMARY SCHOOL",269,219,1,47,1,"Malombe"
"KITUI SOUTH","15074036712301","KALULUINI PRIMARY SCHOOL",290,234,5,45,4,"Malombe"
"KITUI SOUTH","15074036812401","KIANGU PRIMARY SCHOOL",337,207,6,122,0,"Malombe"
"KITUI SOUTH","15074036812501","KYOANI PRIMARY SCHOOL",325,283,4,37,1,"Malombe"
"KITUI SOUTH","15074036812502","KYOANI PRIMARY SCHOOL",302,264,5,30,1,"Malombe"
"KITUI SOUTH","15074036812601","MATIKONI PRIMARY SCHOOL",127,106,0,20,0,"Malombe"
"KITUI SOUTH","15074036812701","NDILI PRIMARY SCHOOL",237,199,4,32,0,"Malombe"
"KITUI SOUTH","15074036812801","IMIW'A PRIMARY SCHOOL",233,202,4,17,1,"Malombe"
"KITUI SOUTH","15074036812901","MAVIA PRIMARY SCHOOL",229,169,3,53,2,"Malombe"
"KITUI SOUTH","15074036813001","MUTULU PRIMARY SCHOOL",255,224,1,27,2,"Malombe"
"KITUI SOUTH","15074036813101","KIVUTI PRIMARY SCHOOL",274,240,10,19,3,"Malombe"
"KITUI SOUTH","15074036813102","KIVUTI PRIMARY SCHOOL",249,217,6,23,2,"Malombe"
"KITUI SOUTH","15074036813201","MEMBOO PRIMARY SCHOOL",151,141,0,9,1,"Malombe"
"KITUI SOUTH","15074036813301","TSAVO PRIMARY SCHOOL",254,223,7,18,4,"Malombe"
"KITUI SOUTH","15074036813401","KASAALA PRIMARY SCHOOL",320,292,5,20,3,"Malombe"
"KITUI SOUTH","15074036813402","KASAALA PRIMARY SCHOOL",318,292,6,17,2,"Malombe"
"KITUI SOUTH","15074036813501","KAVETE PRIMARY SCHOOL",202,191,5,5,1,"Malombe"
"KITUI SOUTH","15074036813601","KWA KIMWELI PRIMARY SCHOOL",296,275,0,19,2,"Malombe"
"KITUI SOUTH","15074036813701","KALULUINI PRIMARY SCHOOL",319,290,2,18,6,"Malombe"
"KITUI SOUTH","15074036813801","KISOU PRIMARY SCHOOL",208,188,2,17,0,"Malombe"
"KITUI SOUTH","15074036813901","NGWATE PRIMARY SCHOOL",392,333,7,48,0,"Malombe"
"KITUI SOUTH","15074036814001","NGAWUNI PRIMARY SCHOOL",374,329,12,26,5,"Malombe"
"KITUI SOUTH","15074036814101","NZEVENI PRIMARY SCHOOL",101,98,5,6,0,"Malombe"
"KITUI SOUTH","15074036814201","YUMBU PRIMARY SCHOOL",343,285,12,43,3,"Malombe"
"KITUI SOUTH","15074036814301","YANZATI PRIMARY SCHOOL",114,94,5,14,1,"Malombe"
"KITUI SOUTH","15074036814401","YAUA PRIMARY SCHOOL",150,132,0,14,3,"Malombe"
"KITUI SOUTH","15074036814501","YAANA PRIMARY SCHOOL",198,137,3,58,0,"Malombe"
"KITUI SOUTH","15074036814601","KAASULA PRIMARY SCHOOL",68,64,1,3,0,"Malombe"
"KITUI SOUTH","15074036814701","IKUTHA PRIMARY SCHOOL",250,216,4,29,0,"Malombe"
"KITUI SOUTH","15074036814702","IKUTHA PRIMARY SCHOOL",258,225,5,26,0,"Malombe"
"KITUI SOUTH","15074036814801","IKUTHA YOUTH POLYTECHNIC",194,172,0,19,1,"Malombe"
"KITUI SOUTH","15074036814802","IKUTHA YOUTH POLYTECHNIC",219,182,5,30,0,"Malombe"
"KITUI SOUTH","15074036914901","MIKONGOONI PRIMARY SCHOOL",203,164,4,32,1,"Malombe"
"KITUI SOUTH","15074036915001","KAKINDU PRIMARY SCHOOL",209,188,3,12,5,"Malombe"
"KITUI SOUTH","15074036915101","SIMISI PRIMARY SCHOOL",215,155,5,51,2,"Malombe"
"KITUI SOUTH","15074036915201","SIMISI SECONDARY SCHOOL",66,54,1,11,0,"Malombe"
"KITUI SOUTH","15074036915301","KASASI PRIMARY SCHOOL",35,26,0,9,0,"Malombe"
"KITUI SOUTH","15074036915401","MWANIANGA PRIMARY SCHOOL",255,182,3,68,1,"Malombe"
"KITUI SOUTH","15074036915501","MAUNGU PRIMARY SCHOOL",115,77,1,36,0,"Malombe"
"KITUI SOUTH","15074036915601","KAALU NURSERY SCHOOL",74,56,0,17,0,"Malombe"
"KITUI SOUTH","15074036915701","MUTHUE PRIMARY SCHOOL",322,277,4,37,2,"Malombe"
"KITUI SOUTH","15074036915801","MWANGALA PRIMARY SCHOOL",237,194,2,40,0,"Malombe"
"KITUI SOUTH","15074036915901","VUTU PRIMARY SCHOOL",261,217,2,42,0,"Malombe"
"KITUI SOUTH","15074036916001","EKANI PRIMARY SCHOOL",351,286,4,56,2,"Malombe"
"KITUI SOUTH","15074036916101","NGALI PRIMARY SCHOOL",78,70,2,5,0,"Malombe"
"KITUI SOUTH","15074036916201","KAKITHYA PRIMARY SCHOOL",202,170,5,26,1,"Malombe"
"KITUI SOUTH","15074036916301","LINGITHYA PRIMARY SCHOOL",102,79,3,14,5,"Malombe"
"KITUI SOUTH","15074036916401","KANZIKO COTTON STORES",373,317,6,43,1,"Malombe"
"KITUI SOUTH","15074036916501","KITUVWI PRIMARY SCHOOL",204,178,2,21,1,"Malombe"
"KITUI SOUTH","15074036916601","KATHUNGU NURSERY SCHOOL",153,121,3,27,0,"Malombe"
"KITUI SOUTH","15074036916701","IKILUNGULU PSRIMARY SCHOOL",132,95,1,31,5,"Malombe"
"KITUI SOUTH","15074036916801","VYULU NURSERY SCHOOL",143,126,0,16,0,"Malombe"
"KITUI SOUTH","15074036916901","KASIVUNI PRIMARY SCHOOL",195,165,3,25,1,"Malombe"
"KITUI SOUTH","15074036917001","KYANGANGA PRIMARY SCHOOL",148,120,4,23,1,"Malombe"
"KITUI SOUTH","15074036917101","EMALE NURSERY SCHOOL",48,22,1,24,0,"Musila"
"KITUI SOUTH","15074036917201","KYANYAA PRIMARY SCHOOL",191,127,8,53,3,"Malombe"
"KITUI SOUTH","15074036917301","KYATULU PRIMARY SCHOOL",120,108,1,11,0,"Malombe"
"KITUI SOUTH","15074036917401","KWA MUKUKU PRIMARY SCHOOL",128,116,2,7,3,"Malombe"
"KITUI SOUTH","15074036917501","NDILILI PRIMARY SCHOOL",272,239,4,22,2,"Malombe"
"KITUI SOUTH","15074036917601","MANG'ETHENI PRIMARY SCHOOL",158,122,3,33,0,"Malombe"
"KITUI SOUTH","15074036917701","KALIANI PRIMARY SCHOOL",355,311,9,33,2,"Malombe"
"KITUI SOUTH","15074037017801","ATHI PRIMARY SCHOOL",394,332,11,46,5,"Malombe"
"KITUI SOUTH","15074037017901","KANDENGYA PRIMARY SCHOOL",235,218,0,10,5,"Malombe"
"KITUI SOUTH","15074037018001","KILAWA PRIMARY SCHOOL",266,236,6,20,3,"Malombe"
"KITUI SOUTH","15074037018101","MUTONYA ITHO PRIMARY SCHOOL",258,180,8,61,5,"Malombe"
"KITUI SOUTH","15074037018201","MBUSYANI PRIMARY SCHOOL",155,139,1,13,1,"Malombe"
"KITUI SOUTH","15074037018301","MUKUANIMA PRIMARY SCHOOL",143,136,1,4,2,"Malombe"
"KITUI SOUTH","15074037018401","KYANGIU PRIMARY SCHOOL",175,159,1,14,1,"Malombe"
"KITUI SOUTH","15074037018501","UIINI NURSERY SCHOOL",67,57,2,6,0,"Malombe"
"KITUI SOUTH","15074037018601","KITUTI SECONDARY SCHOOL",321,269,4,43,2,"Malombe"
"KITUI SOUTH","15074037018701","MAKUENI PRIMARY SCHOOL",142,114,1,23,1,"Malombe"
"KITUI SOUTH","15074037018801","KITUTI PRIMARY SCHOOL",250,215,1,29,1,"Malombe"
"KITUI SOUTH","15074037018901","NDANDINI PRIMARY SCHOOL",147,136,4,5,2,"Malombe"
"KITUI SOUTH","15074037019001","KAMINA PRIMARY SCHOOL",318,270,5,39,3,"Malombe"
"KITUI SOUTH","15074037019101","MWATHE PRIMARY SCHOOL",229,225,3,1,0,"Malombe"
"KITUI SOUTH","15074037019201","MUKUNDAA PRIMARY SCHOOL",106,86,1,18,1,"Malombe"
"KITUI SOUTH","15074037019301","NTHWAIANI PRIMARY SCHOOL",140,126,1,11,0,"Malombe"
"KITUI SOUTH","15074037019401","IMATHOKA PRIMARY SCHOOL",148,136,2,4,2,"Malombe"
"KITUI SOUTH","15074037019501","TIMBONI  PRIMARY SCHOOL",179,126,4,47,2,"Malombe"
"KITUI SOUTH","15074037019601","MUKWAKWANI PRIMARY SCHOOL",76,63,0,12,1,"Malombe"
"KITUI SOUTH","15074037019701","MUAMBUA PRIMARY SCHOOL",151,121,3,26,1,"Malombe"
"KITUI SOUTH","15074037019801","KATULU PRIMARY SCHOOL",286,190,7,79,1,"Malombe"
"KITUI SOUTH","15074037019901","MAKUTANO PRIMARY SCHOOL",98,71,0,25,2,"Malombe"
"KITUI SOUTH","15074037020001","IVUKUVUKU PRIMARY SCHOOL",298,236,5,51,6,"Malombe"
"KITUI SOUTH","15074037020101","SENDA PRIMARY SCHOOL",77,32,2,42,0,"Musila"
"KITUI SOUTH","15074037020201","MBAKONI PRIMARY SCHOOL",154,86,6,61,1,"Malombe"
"KITUI SOUTH","15074037020301","MONGUNI PRIMARY SCHOOL",257,185,13,57,2,"Malombe"
"KITUI SOUTH","15074037020401","ILENGI PRIMARY SCHOOL",301,242,10,46,2,"Malombe"
"KITUI SOUTH","15074037020501","MUAANI PRIMARY SCHOOL",148,82,10,50,6,"Malombe"
"KITUI SOUTH","15074037020601","YOLOMUNI PRIMARY SCHOOL",178,128,7,39,4,"Malombe"
"KITUI SOUTH","15074037020701","KATILINI PRIMARY SCHOOL",215,58,8,147,2,"Musila"
"KITUI SOUTH","15074037020801","SEMBENI PRIMARY SCHOOL",130,98,3,28,0,"Malombe"
"KITUI SOUTH","15074037020901","NZAINI PRIMARY SCHOOL",294,178,87,27,1,"Malombe"
"KITUI SOUTH","15074037021001","KAIVISI PRIMARY SCHOOL",124,57,7,58,2,"Musila"
"KITUI SOUTH","15074037021101","MWAMBA-ISYUKO PRIMARY SCHOOL",140,91,0,47,2,"Malombe"
"KITUI SOUTH","15074037021201","NDIVUNI PRIMARY SCHOOL",246,122,8,108,7,"Malombe"
"KITUI SOUTH","15074037021301","MBUI NDUNE PRIMARY SCHOOL",155,73,3,73,5,"Malombe"
"KITUI SOUTH","15074037021401","MITALANI PRIMARY SCHOOL",172,52,5,114,1,"Musila"
"KITUI SOUTH","15074037021501","MEMBAU PRIMARY SCHOOL",97,33,5,57,2,"Musila"
"KITUI SOUTH","15074037021601","YONGO PRIMARY SCHOOL",233,128,7,94,2,"Malombe"
"KITUI SOUTH","15074037021602","YONGO PRIMARY SCHOOL",254,106,15,129,1,"Musila"
"KITUI SOUTH","15074037021701","IMELU PRIMARY SCHOOL",80,31,6,40,3,"Musila"
"KITUI SOUTH","15074037021801","MBOONI PRIMARY SCHOOL",178,95,2,79,1,"Malombe"
"KITUI SOUTH","15074037021901","MALUMA PRIMARY SCHOOL",319,283,4,31,1,"Malombe"
"KITUI SOUTH","15074037022001","KAKUNGULA PRIMARY SCHOOL",159,149,1,9,0,"Malombe"
"KITUI SOUTH","15074037022101","KALIVU PRIMARY SCHOOL",284,229,3,50,1,"Malombe"
"KITUI SOUTH","15074037022201","MUTEETU PRIMARY SCHOOL",102,97,2,3,0,"Malombe"
"KITUI SOUTH","15074037022301","KYANDULA PRIMARY SCHOOL",406,319,6,75,2,"Malombe"
"KITUI SOUTH","15074037022401","KISIIO PRIMARY SCHOOL",175,146,5,20,2,"Malombe"
"KITUI SOUTH","15074037022501","MUAMBANI PRIMARY SCHOOL",298,215,12,66,5,"Malombe"
"KITUI SOUTH","15074037022601","MAKONGO PRIMARY SCHOOL",122,109,2,11,0,"Malombe"
